French,Russian,ExampleFrench,ExampleRussian,Emoji,WordType
une course,бег; гонка; покупки,Je dois faire les <b>courses</b>.,Мне нужно сходить за <b>покупками</b>.,🛒,f
un fric,деньги (разг.),J'ai plus de <b>fric</b>.,У меня больше нет <b>денег</b>.,💸,m
une bouteille,бутылка,Ouvre la <b>bouteille</b> de vin.,Открой <b>бутылку</b> вина.,🍾,f
une bande,лента; банда; группа,Une <b>bande</b> d'amis se retrouve ce soir.,<b>Компания</b> друзей встречается вечером.,👥,f
un billet,билет; банкнота,J'ai acheté un <b>billet</b> pour le concert.,Я купил <b>билет</b> на концерт.,🎫,m
avouer,признаваться,J'<b>avoue</b> que je ne savais pas.,"<b>Признаюсь</b>, я не знал.",🙊,v
ressentir,чувствовать; ощущать,Je <b>ressens</b> de la fatigue.,Я <b>чувствую</b> усталость.,❤️,v
certains,некоторые,<b>Certains</b> disent que c'est vrai.,"<b>Некоторые</b> говорят, что это правда.",👥,adj
appuyer,нажимать; поддерживать,<b>Appuie</b> sur le bouton vert.,<b>Нажми</b> на зелёную кнопку.,👆,v
une machine,машина; механизм,La <b>machine</b> à café est cassée.,Кофе<b>машина</b> сломана.,⚙️,f
une nature,природа,La <b>nature</b> au Québec est magnifique.,<b>Природа</b> в Квебеке великолепна.,🌲,f
une avance,аванс; заблаговременность,Je te paie une <b>avance</b> de cent dollars.,Я даю тебе <b>аванс</b> в сто долларов.,💵,f
une télé,телевизор (разг.),Je regarde la <b>télé</b> le soir.,Вечером я смотрю <b>телевизор</b>.,📺,f
une santé,здоровье,Ta <b>santé</b> est plus importante que le travail.,Твоё <b>здоровье</b> важнее работы.,💚,f
prouver,доказывать,Je peux te <b>prouver</b> que j'ai raison.,"Я могу <b>доказать</b>, что я прав.",📋,v
un désir,желание,Son plus grand <b>désir</b> est de voyager.,Его главное <b>желание</b> — путешествовать.,💫,m
"gris, grise",серый,Le ciel est <b>gris</b> aujourd'hui.,Небо сегодня <b>серое</b>.,☁️,adj
relever,поднимать; подмечать,"<b>Relève</b>-toi, tu peux le faire !","<b>Вставай</b>, ты справишься!",⬆️,v
coller,клеить; прилипать,<b>Colle</b> le timbre sur l'enveloppe.,<b>Наклей</b> марку на конверт.,📮,v
une campagne,деревня; кампания,J'aime la vie à la <b>campagne</b>.,Я люблю жизнь в <b>деревне</b>.,🌳,f
une feuille,лист (дерева; бумаги),Les <b>feuilles</b> tombent en automne.,<b>Листья</b> падают осенью.,🍂,f
régler,регулировать; решать; платить,J'ai <b>réglé</b> l'addition.,Я <b>оплатил</b> счёт.,💳,v
créer,создавать,On va <b>créer</b> une nouvelle entreprise.,Мы <b>создадим</b> новую компанию.,✨,v
un vêtement,одежда,J'ai besoin de nouveaux <b>vêtements</b>.,Мне нужна новая <b>одежда</b>.,👔,m
élever,поднимать; воспитывать,Elle a <b>élevé</b> trois enfants seule.,Она <b>воспитала</b> троих детей одна.,👶,v
un tas,куча,J'ai un <b>tas</b> de choses à faire.,У меня <b>куча</b> дел.,📚,m
surveiller,следить; наблюдать,"<b>Surveille</b> les enfants, s'il te plaît.","<b>Присмотри</b> за детьми, пожалуйста.",👀,v
un sommeil,сон,J'ai besoin de <b>sommeil</b>.,Мне нужен <b>сон</b>.,😴,m
un cou,шея,J'ai mal au <b>cou</b>.,У меня болит <b>шея</b>.,🦒,m
"frais, fraîche","свежий, -ая; прохладный, -ая",Il fait <b>frais</b> ce matin.,Сегодня утром <b>прохладно</b>.,❄️,adj
pencher,наклонять,<b>Penche</b>-toi un peu.,<b>Наклонись</b> немного.,↘️,v
placer,ставить; размещать,J'ai <b>placé</b> les livres sur l'étagère.,Я <b>поставил</b> книги на полку.,📚,v
juger,судить,Ne me <b>juge</b> pas.,Не <b>суди</b> меня.,⚖️,v
une mesure,мера; размер,Quelle est la <b>mesure</b> de ce meuble ?,Каков <b>размер</b> этой мебели?,📏,f
laver,мыть,Je dois <b>laver</b> la vaisselle.,Мне нужно <b>помыть</b> посуду.,🧼,v
un a,буква А,Le mot commence par un <b>a</b>.,Слово начинается с буквы <b>а</b>.,🔤,m
prêter,одалживать,Peux-tu me <b>prêter</b> ton stylo ?,Можешь <b>одолжить</b> мне ручку?,✏️,v
observer,наблюдать,J'aime <b>observer</b> les étoiles.,Я люблю <b>наблюдать</b> за звёздами.,🔭,v
inutile,бесполезный,C'est <b>inutile</b> d'insister.,<b>Бесполезно</b> настаивать.,🚫,adj
crever,лопаться; дохнуть (разг.),Le pneu a <b>crevé</b>.,Шина <b>лопнула</b>.,💥,v
dîner,ужинать,On <b>dîne</b> à quelle heure ?,Во сколько мы <b>ужинаем</b>?,🍽️,v
une conversation,разговор,Nous avons eu une longue <b>conversation</b>.,У нас был долгий <b>разговор</b>.,💬,f
une chaise,стул,<b>Assieds</b>-toi sur cette <b>chaise</b>.,<b>Садись</b> на этот <b>стул</b>.,🪑,f
une pute,шлюха (груб.),C'est une vraie <b>pute</b>. (vulgaire),Она настоящая <b>шлюха</b>. (груб.),🤬,f
un but,цель,Mon <b>but</b> est d'apprendre le français.,Моя <b>цель</b> — выучить французский.,🎯,m
"pur, pure","чистый, -ая",C'est de l'eau <b>pure</b>.,Это <b>чистая</b> вода.,💧,adj
un malheur,несчастье,Un <b>malheur</b> est arrivé.,Случилось <b>несчастье</b>.,😢,m
accrocher,вешать; цеплять,<b>Accroche</b> ton manteau ici.,<b>Повесь</b> пальто сюда.,🧥,v
"secret, secrète","секретный, тайный",C'est une information <b>secrète</b>.,Это <b>секретная</b> информация.,🤫,adj
un gamin,мальчишка (разг.),Ce <b>gamin</b> est très intelligent.,Этот <b>мальчишка</b> очень умный.,👦,m
entraîner,тренировать; влечь за собой,Je m'<b>entraîne</b> trois fois par semaine.,Я <b>тренируюсь</b> три раза в неделю.,🏋️,v
"fier, fière","гордый, -ая",Je suis <b>fier</b> de toi.,Я <b>горжусь</b> тобой.,🎖️,adj
un poisson,рыба,J'aime manger du <b>poisson</b>.,Я люблю есть <b>рыбу</b>.,🐟,m
un courage,смелость,Tu as beaucoup de <b>courage</b>.,У тебя много <b>смелости</b>.,🦁,m
"un lieutenant, une lieutenante",лейтенант,Le <b>lieutenant</b> a donné l'ordre.,<b>Лейтенант</b> отдал приказ.,🎖️,m/f
une mission,миссия; задание,J'ai une <b>mission</b> importante.,У меня важная <b>миссия</b>.,🎯,f
riche,богатый,Il est devenu <b>riche</b>.,Он стал <b>богатым</b>.,💰,adj
un soin,забота; уход,Prends <b>soin</b> de toi.,<b>Береги</b> себя.,❤️,m
un danger,опасность,Il y a un <b>danger</b> ici.,Здесь есть <b>опасность</b>.,⚠️,m
ficher,записывать; наплевать (разг.),Je m'en <b>fiche</b>.,Мне <b>всё равно</b>.,🤷,v
repartir,уезжать снова; начинать заново,Je dois <b>repartir</b> demain.,Мне нужно <b>уехать</b> завтра.,🚗,v
une direction,направление; руководство,Dans quelle <b>direction</b> dois-je aller ?,В каком <b>направлении</b> мне идти?,🧭,f
commander,заказывать; командовать,Je vais <b>commander</b> une pizza.,Я <b>закажу</b> пиццу.,🍕,v
un pont,мост,Le <b>pont</b> Jacques-Cartier est magnifique.,Мост Жак-Картье великолепен.,🌉,m
une société,общество; компания,Notre <b>société</b> recherche des employés.,Наша <b>компания</b> ищет сотрудников.,🏢,f
un meilleur,лучший (субст.),Que le <b>meilleur</b> gagne !,Пусть <b>лучший</b> победит!,🏆,m
une chaleur,тепло; жара,Quelle <b>chaleur</b> aujourd'hui !,Какая <b>жара</b> сегодня!,🔥,f
une montagne,гора,Les <b>montagnes</b> sont couvertes de neige.,<b>Горы</b> покрыты снегом.,🏔️,f
un détail,деталь; подробность,Donne-moi plus de <b>détails</b>.,Дай мне больше <b>подробностей</b>.,🔍,m
une page,страница,Tourne la <b>page</b>.,Переверни <b>страницу</b>.,📖,f
un enfer,ад,C'était un véritable <b>enfer</b>.,Это был настоящий <b>ад</b>.,🔥,m
un projet,проект,J'ai un <b>projet</b> intéressant.,У меня есть интересный <b>проект</b>.,📋,m
un marché,рынок,Je vais au <b>marché</b> acheter des légumes.,Я иду на <b>рынок</b> за овощами.,🛒,m
une chanson,песня,Cette <b>chanson</b> est magnifique.,Эта <b>песня</b> великолепна.,🎵,f
un cinéma,кинотеатр; кино,On va au <b>cinéma</b> ce soir ?,Пойдём в <b>кино</b> сегодня вечером?,🎬,m
sombre,тёмный; мрачный,Il fait <b>sombre</b> ici.,Здесь <b>темно</b>.,🌑,adj
calme,спокойный,Reste <b>calme</b>.,Сохраняй <b>спокойствие</b>.,😌,adj
une phrase,фраза,Je n'ai pas compris cette <b>phrase</b>.,Я не понял эту <b>фразу</b>.,💬,f
une ferme,ферма,Mes grands-parents ont une <b>ferme</b>.,У моих бабушки и дедушки есть <b>ферма</b>.,🏡,f
une mademoiselle,девушка; мадемуазель,"<b>Mademoiselle</b>, puis-je vous aider ?","<b>Мадемуазель</b>, могу я вам помочь?",👩,f
remplir,наполнять; заполнять,"<b>Remplis</b> ce formulaire, s'il te plaît.","<b>Заполни</b> эту форму, пожалуйста.",📝,v
un arrière,задняя часть; защитник,L'<b>arrière</b> de la voiture.,<b>Задняя часть</b> машины.,🔙,m
une connerie,глупость (груб.),Arrête de dire des <b>conneries</b> !,Хватит говорить <b>глупости</b>! (груб.),🤦,f
coûter,стоить,<b>Combien</b> ça <b>coûte</b> ?,<b>Сколько</b> это <b>стоит</b>?,💵,v
une pitié,жалость,J'ai <b>pitié</b> de lui.,Мне его <b>жаль</b>.,😢,f
écraser,давить; раздавливать,J'ai <b>écrasé</b> une mouche.,Я <b>раздавил</b> муху.,👟,v
forcer,заставлять; форсировать,Ne me <b>force</b> pas à le faire.,Не <b>заставляй</b> меня это делать.,💪,v
une radio,радио,J'écoute la <b>radio</b> en conduisant.,Я слушаю <b>радио</b> за рулём.,📻,f
un est,восток,Le soleil se lève à l'<b>est</b>.,Солнце встаёт на <b>востоке</b>.,🌅,m
un meurtre,убийство,C'est un <b>meurtre</b> horrible.,Это ужасное <b>убийство</b>.,⚔️,m
un vol,полёт; кража,Le <b>vol</b> dure six heures.,<b>Полёт</b> длится шесть часов.,✈️,m
une note,записка; оценка; нота,J'ai eu une bonne <b>note</b> à l'examen.,Я получил хорошую <b>оценку</b> на экзамене.,📝,f
un ennui,скука; неприятность,J'ai des <b>ennuis</b> au travail.,У меня <b>неприятности</b> на работе.,😐,m
une recherche,поиск; исследование,Je fais des <b>recherches</b> sur l'immigration.,Я провожу <b>исследование</b> об иммиграции.,🔍,f
une herbe,трава,L'<b>herbe</b> est verte au printemps.,<b>Трава</b> зелёная весной.,🌿,f
"court, courte","короткий, -ая",C'est un <b>court</b> trajet en métro.,Это <b>короткая</b> поездка на метро.,📏,adj
"américain, américaine",американский,J'ai un visa <b>américain</b>.,У меня <b>американская</b> виза.,🇺🇸,adj
une trace,след,Il n'y a aucune <b>trace</b> de lui.,Нет никаких <b>следов</b>.,👣,f
un chapeau,шляпа,"Mets ton <b>chapeau</b>, il fait froid.","Надень <b>шапку</b>, холодно.",🎩,m
un contact,контакт,Je garde le <b>contact</b> avec mes amis.,Я поддерживаю <b>контакт</b> с друзьями.,📱,m
une joue,щека,Elle a les <b>joues</b> rouges à cause du froid.,У неё красные <b>щёки</b> от холода.,😊,f
un bordel,бордель; бардак (груб.),C'est quoi ce <b>bordel</b> ?!,Что за <b>бардак</b>?! (груб.),🤬,m
un centre,центр,Le <b>centre</b>-ville de Montréal est animé.,<b>Центр</b> Монреаля оживлённый.,🏙️,m
un combat,бой; борьба,C'est un <b>combat</b> difficile.,Это трудная <b>борьба</b>.,⚔️,m
un fer,железо,Ce portail est en <b>fer</b>.,Эти ворота из <b>железа</b>.,🔩,m
former,формировать; обучать,Cette école <b>forme</b> des ingénieurs.,Эта школа <b>готовит</b> инженеров.,🎓,v
livrer,доставлять,On va <b>livrer</b> la pizza dans trente minutes.,Пиццу <b>доставят</b> через тридцать минут.,📦,v
"profond, profonde","глубокий, -ая",C'est une réflexion <b>profonde</b>.,Это <b>глубокая</b> мысль.,🌊,adj
une règle,правило; линейка,C'est la <b>règle</b> au Canada.,Это <b>правило</b> в Канаде.,📏,f
un salaud,сволочь (груб.),Quel <b>salaud</b> !,Какая <b>сволочь</b>!,😠,m
"exact, exacte","точный, -ая","C'est <b>exact</b>, tu as raison.","<b>Точно</b>, ты прав.",✅,adj
un héros,герой,Il est le <b>héros</b> de cette histoire.,Он <b>герой</b> этой истории.,🦸,m
hésiter,колебаться,N'<b>hésite</b> pas à me demander de l'aide.,Не <b>стесняйся</b> просить о помощи.,🤔,v
un dossier,папка; досье,J'ai tous mes <b>dossiers</b> d'immigration.,У меня все мои иммиграционные <b>документы</b>.,📁,m
"second, seconde","второй, -ая",C'est ma <b>seconde</b> tentative.,Это моя <b>вторая</b> попытка.,2️⃣,adj
virer,увольнять; поворачивать,Il s'est fait <b>virer</b> du travail.,Его <b>уволили</b> с работы.,🚪,v
un métier,профессия; ремесло,Quel est ton <b>métier</b> ?,Какая у тебя <b>профессия</b>?,💼,m
une chaussure,обувь,J'ai acheté de nouvelles <b>chaussures</b>.,Я купил новую <b>обувь</b>.,👟,f
une expérience,опыт; эксперимент,J'ai beaucoup d'<b>expérience</b> dans ce domaine.,У меня много <b>опыта</b> в этой области.,📊,f
marquer,отмечать; забивать (гол),Il a <b>marqué</b> un but.,Он <b>забил</b> гол.,⚽,v
fatiguer,утомлять,Ce travail me <b>fatigue</b>.,Эта работа меня <b>утомляет</b>.,😴,v
un étage,этаж,J'habite au troisième <b>étage</b>.,Я живу на третьем <b>этаже</b>.,🏢,m
proche,близкий,La station de métro est <b>proche</b>.,Станция метро <b>близко</b>.,📍,adj
un voisin,сосед,Mon <b>voisin</b> est très sympa.,Мой <b>сосед</b> очень приятный.,👋,m
une forêt,лес,On va se promener dans la <b>forêt</b>.,Пойдём гулять в <b>лес</b>.,🌲,f
causer,вызывать; болтать,Le froid <b>cause</b> des problèmes.,Холод <b>вызывает</b> проблемы.,💬,v
un toit,крыша,Le <b>toit</b> est couvert de neige.,<b>Крыша</b> покрыта снегом.,🏠,m
une côte,берег; ребро; склон,On longe la <b>côte</b> en voiture.,Мы едем вдоль <b>побережья</b>.,🏖️,f
un allemand,немец,Mon voisin est <b>allemand</b>.,Мой сосед — <b>немец</b>.,🇩🇪,m
un tableau,картина; доска; таблица,Il y a un beau <b>tableau</b> au mur.,На стене красивая <b>картина</b>.,🖼️,m
une relation,отношение; связь,J'ai une bonne <b>relation</b> avec mes collègues.,У меня хорошие <b>отношения</b> с коллегами.,🤝,f
une étoile,звезда,Les <b>étoiles</b> brillent dans le ciel.,<b>Звёзды</b> сияют на небе.,⭐,f
un pote,друг (разг.),C'est mon meilleur <b>pote</b>.,Это мой лучший <b>друг</b>.,👋,m
une réalité,реальность,C'est la <b>réalité</b> de la vie.,Это <b>реальность</b> жизни.,🌍,f
une opération,операция,L'<b>opération</b> s'est bien passée.,<b>Операция</b> прошла хорошо.,🏥,f
éteindre,выключать; тушить,<b>Éteins</b> la lumière avant de partir.,<b>Выключи</b> свет перед уходом.,💡,v
un bar,бар,On se retrouve au <b>bar</b> ce soir ?,Встретимся в <b>баре</b> вечером?,🍺,m
éclater,взрываться; разразиться,Il a <b>éclaté</b> de rire.,Он <b>разразился</b> смехом.,💥,v
un système,система,Le <b>système</b> de santé est bon au Canada.,<b>Система</b> здравоохранения в Канаде хорошая.,⚙️,m
libérer,освобождать,On l'a <b>libéré</b> de prison.,Его <b>освободили</b> из тюрьмы.,🕊️,v
éprouver,испытывать; чувствовать,J'<b>éprouve</b> de la joie.,Я <b>испытываю</b> радость.,❤️,v
un officier,офицер,L'<b>officier</b> a donné l'ordre.,<b>Офицер</b> отдал приказ.,🎖️,m
militaire,военный,C'est une zone <b>militaire</b>.,Это <b>военная</b> зона.,🪖,adj
une importance,важность,C'est d'une grande <b>importance</b>.,Это очень <b>важно</b>.,⭐,f
une condition,условие,Quelles sont les <b>conditions</b> ?,Каковы <b>условия</b>?,📋,f
"présent, présente",присутствующий; настоящий,Je suis <b>présent</b> à la réunion.,Я <b>присутствую</b> на собрании.,✋,adj
une adresse,адрес,Donne-moi ton <b>adresse</b>.,Дай мне свой <b>адрес</b>.,📍,f
une bière,пиво,Tu veux une <b>bière</b> ?,Хочешь <b>пиво</b>?,🍺,f
désirer,желать,Que <b>désirez</b>-vous ?,Что вы <b>желаете</b>?,💫,v
un salon,гостиная; салон,On s'installe dans le <b>salon</b>.,Располагаемся в <b>гостиной</b>.,🛋️,m
magnifique,великолепный,La vue est <b>magnifique</b> !,Вид <b>великолепный</b>!,🌅,adj
apprécier,ценить,J'<b>apprécie</b> ton aide.,Я <b>ценю</b> твою помощь.,🙏,v
une maladie,болезнь,C'est une <b>maladie</b> grave.,Это серьёзная <b>болезнь</b>.,🤒,f
une décision,решение,J'ai pris une <b>décision</b> importante.,Я принял важное <b>решение</b>.,✅,f
plaindre,жаловаться; жалеть,Je te <b>plains</b>.,Мне тебя <b>жаль</b>.,😢,v
taper,печатать; бить,Je <b>tape</b> un courriel.,Я <b>набираю</b> email.,⌨️,v
"merveilleux, merveilleuse",чудесный,C'est une nouvelle <b>merveilleuse</b> !,Это <b>чудесная</b> новость!,✨,adj
une plage,пляж,On va à la <b>plage</b> cet été.,Летом едем на <b>пляж</b>.,🏖️,f
représenter,представлять,Cette photo <b>représente</b> ma famille.,Эта фотография <b>представляет</b> мою семью.,🖼️,v
gauche,левый; левая сторона,Tourne à <b>gauche</b> après le pont.,Поверни <b>налево</b> после моста.,⬅️,adj
une lune,луна,La <b>lune</b> brille ce soir.,<b>Луна</b> светит сегодня вечером.,🌙,f
un témoin,свидетель,Il est <b>témoin</b> de l'accident.,Он <b>свидетель</b> аварии.,👁️,m
plaisanter,шутить,"Je <b>plaisante</b>, ne t'inquiète pas.","Я <b>шучу</b>, не волнуйся.",😄,v
enfermer,запирать,Il s'est <b>enfermé</b> dans sa chambre.,Он <b>заперся</b> в своей комнате.,🔒,v
un hiver,зима,L'<b>hiver</b> au Québec est très froid.,<b>Зима</b> в Квебеке очень холодная.,❄️,m
un idiot,идиот,Ne fais pas l'<b>idiot</b> !,Не будь <b>идиотом</b>!,🤦,m
téléphoner,звонить по телефону,Je vais te <b>téléphoner</b> demain.,Я тебе <b>позвоню</b> завтра.,📞,v
gêner,мешать; смущать,Ça ne te <b>gêne</b> pas ?,Тебе это не <b>мешает</b>?,😳,v
attirer,привлекать,Cette offre m'<b>attire</b>.,Это предложение меня <b>привлекает</b>.,🧲,v
une foi,вера,J'ai <b>foi</b> en l'avenir.,Я <b>верю</b> в будущее.,🙏,f
"général, générale",общий; генеральный,C'est une idée <b>générale</b>.,Это <b>общая</b> идея.,📊,adj
une chair,плоть; мясо,En <b>chair</b> et en os.,Во плоти.,🍖,f
un parti,партия (полит.),Il est membre d'un <b>parti</b> politique.,Он член политической <b>партии</b>.,🏛️,m
se moquer,насмехаться,Ne te <b>moque</b> pas de moi.,Не <b>смейся</b> надо мной.,😏,v
un tort,вина; неправота,Tu as <b>tort</b>.,Ты <b>неправ</b>.,❌,m
une chemise,рубашка,J'ai mis une <b>chemise</b> blanche.,Я надел белую <b>рубашку</b>.,👔,f
"spécial, spéciale",особый; специальный,C'est une occasion <b>spéciale</b>.,Это <b>особый</b> случай.,⭐,adj
un paquet,пакет; посылка,J'ai reçu un <b>paquet</b> par la poste.,Я получил <b>посылку</b> по почте.,📦,m
un spectacle,зрелище; спектакль,On va voir un <b>spectacle</b> ce soir.,Вечером идём на <b>спектакль</b>.,🎭,m
un magasin,магазин,Le <b>magasin</b> ferme à dix-huit heures.,<b>Магазин</b> закрывается в шесть.,🏪,m
un anglais,англичанин,Il parle comme un <b>Anglais</b>.,Он говорит как <b>англичанин</b>.,🇬🇧,m
une position,позиция; положение,Quelle est ta <b>position</b> ?,Какая твоя <b>позиция</b>?,📍,f
Mme,госпожа (сокр.),<b>Mme</b> Dupont est arrivée.,<b>Госпожа</b> Дюпон приехала.,👩,f
un étranger,иностранец,Je suis un <b>étranger</b> ici.,Я здесь <b>иностранец</b>.,🌍,m
une oeuvre,произведение; труд,C'est une <b>œuvre</b> d'art.,Это <b>произведение</b> искусства.,🎨,f
une voie,путь; дорога,C'est la bonne <b>voie</b>.,Это правильный <b>путь</b>.,🛤️,f
habiller,одевать,<b>Habille</b>-toi vite !,<b>Одевайся</b> быстрее!,👔,v
promener,гулять; выгуливать,Je <b>promène</b> mon chien chaque matin.,Я <b>гуляю</b> с собакой каждое утро.,🐕,v
un espace,пространство,Il n'y a pas assez d'<b>espace</b>.,Недостаточно <b>места</b>.,📐,m
un risque,риск,C'est un <b>risque</b> à prendre.,"Это <b>риск</b>, на который стоит пойти.",⚠️,m
construire,строить,On va <b>construire</b> une maison.,Мы <b>построим</b> дом.,🏗️,v
une foule,толпа,Il y avait une <b>foule</b> de gens.,Была <b>толпа</b> людей.,👥,f
un terrain,участок; поле,On a acheté un <b>terrain</b>.,Мы купили <b>участок</b>.,🏞️,m
une enfance,детство,J'ai passé mon <b>enfance</b> en Russie.,Я провёл <b>детство</b> в России.,👶,f
ennuyer,скучать; надоедать,Ce film m'<b>ennuie</b>.,Этот фильм мне <b>скучен</b>.,😐,v
un lait,молоко,Je prends mon café avec du <b>lait</b>.,Я пью кофе с <b>молоком</b>.,🥛,m
considérer,считать; рассматривать,Je <b>considère</b> que c'est une bonne idée.,"Я <b>считаю</b>, что это хорошая идея.",🤔,v
une troupe,труппа; отряд,La <b>troupe</b> de théâtre est excellente.,Театральная <b>труппа</b> отличная.,🎭,f
un sein,грудь,Elle serre l'enfant contre son <b>sein</b>.,Она прижимает ребёнка к <b>груди</b>.,💗,m
allonger,удлинять; вытягивать,<b>Allonge</b>-toi sur le lit.,<b>Ляг</b> на кровать.,🛏️,v
un devoir,долг; домашнее задание,J'ai fait mes <b>devoirs</b>.,Я сделал <b>домашнее задание</b>.,📚,m
inventer,изобретать,Qui a <b>inventé</b> le téléphone ?,Кто <b>изобрёл</b> телефон?,💡,v
"un acteur, une actrice",актёр,C'est un <b>acteur</b> célèbre.,Это известный <b>актёр</b>.,🎬,m/f
chasser,охотиться; прогонять,On va <b>chasser</b> le gibier.,Пойдём <b>охотиться</b> на дичь.,🦌,v
interdire,запрещать,Il est <b>interdit</b> de fumer ici.,Здесь <b>запрещено</b> курить.,🚫,v
"national, nationale",национальный,C'est un jour <b>national</b>.,Это <b>национальный</b> праздник.,🏛️,adj
une banque,банк,Je vais à la <b>banque</b>.,Я иду в <b>банк</b>.,🏦,f
une conscience,совесть; сознание,J'ai la <b>conscience</b> tranquille.,У меня <b>совесть</b> чиста.,💭,f
soulever,поднимать,"<b>Soulève</b> cette caisse, s'il te plaît.","<b>Подними</b> этот ящик, пожалуйста.",💪,v
presser,давить; торопить,Le temps <b>presse</b>.,Время <b>поджимает</b>.,⏰,v
un repas,еда; приём пищи,Le <b>repas</b> est prêt.,<b>Еда</b> готова.,🍽️,m
un membre,член; конечность,Je suis <b>membre</b> de ce club.,Я <b>член</b> этого клуба.,👥,m
signifier,означать,Que <b>signifie</b> ce mot ?,Что <b>означает</b> это слово?,❓,v
demeurer,оставаться; проживать,Je <b>demeure</b> à Montréal.,Я <b>проживаю</b> в Монреале.,🏠,v
"excellent, excellente",отличный,C'est un <b>excellent</b> restaurant.,Это <b>отличный</b> ресторан.,⭐,adj
"allemand, allemande",немецкий,J'apprends l'<b>allemand</b>.,Я учу <b>немецкий</b>.,🇩🇪,adj
un thé,чай,Tu veux un <b>thé</b> chaud ?,Хочешь горячий <b>чай</b>?,🍵,m
un couloir,коридор,Le bureau est au bout du <b>couloir</b>.,Офис в конце <b>коридора</b>.,🚪,m
entourer,окружать,Les montagnes <b>entourent</b> la ville.,Горы <b>окружают</b> город.,🏔️,v
rapporter,приносить; докладывать,<b>Rapporte</b>-moi ce livre.,<b>Принеси</b> мне эту книгу.,📚,v
un nord,север,Le Québec est au <b>nord</b> des États-Unis.,Квебек на <b>севере</b> США.,🧭,m
pleuvoir,идти (о дожде),Il va <b>pleuvoir</b> demain.,Завтра будет <b>дождь</b>.,🌧️,v
une gare,вокзал,Le train part de la <b>gare</b> centrale.,Поезд отправляется с <b>центрального вокзала</b>.,🚉,f
reculer,отступать,<b>Recule</b> un peu.,<b>Отойди</b> немного.,↩️,v
une sortie,выход,La <b>sortie</b> est par là.,<b>Выход</b> там.,🚪,f
une valise,чемодан,J'ai fait ma <b>valise</b>.,Я собрал <b>чемодан</b>.,🧳,f
un destin,судьба,C'est mon <b>destin</b>.,Это моя <b>судьба</b>.,⭐,m
un ange,ангел,Tu es un <b>ange</b> !,Ты <b>ангел</b>!,😇,m
posséder,владеть,Il <b>possède</b> une grande maison.,Он <b>владеет</b> большим домом.,🏠,v
accorder,предоставлять; настраивать,On m'a <b>accordé</b> un visa.,Мне <b>предоставили</b> визу.,✅,v
nécessaire,необходимый,C'est <b>nécessaire</b> pour l'immigration.,Это <b>необходимо</b> для иммиграции.,📋,adj
un secours,помощь; спасение,Au <b>secours</b> !,На <b>помощь</b>!,🆘,m
une pomme,яблоко,Je mange une <b>pomme</b> chaque jour.,Я ем <b>яблоко</b> каждый день.,🍎,f
récupérer,восстанавливать; забирать,Je dois <b>récupérer</b> mes affaires.,Мне нужно <b>забрать</b> свои вещи.,📦,v
une volonté,воля,C'est une question de <b>volonté</b>.,Это вопрос <b>воли</b>.,💪,f
endormir,усыплять,La musique m'<b>endort</b>.,Музыка меня <b>усыпляет</b>.,😴,v
une intention,намерение,J'ai l'<b>intention</b> de rester au Canada.,Я <b>намерен</b> остаться в Канаде.,🎯,f
trembler,дрожать,Je <b>tremble</b> de froid.,Я <b>дрожу</b> от холода.,❄️,v
rapide,быстрый,C'est un train <b>rapide</b>.,Это <b>скоростной</b> поезд.,⚡,adj
secouer,трясти,Ne <b>secoue</b> pas la bouteille.,Не <b>тряси</b> бутылку.,🔄,v
étendre,растягивать; расширять,<b>Étends</b> le linge dehors.,<b>Развесь</b> бельё на улице.,👔,v
un époux,супруг,Mon <b>époux</b> est au travail.,Мой <b>супруг</b> на работе.,💍,m
briser,разбивать,Il a <b>brisé</b> le verre.,Он <b>разбил</b> стакан.,💔,v
une bonne,служанка; хорошая,La <b>bonne</b> a fait le ménage.,<b>Служанка</b> убралась.,👩‍🍳,f
"idiot, idiote","глупый, -ая",C'est une idée <b>idiote</b>.,Это <b>глупая</b> идея.,🙄,adj
un juge,судья,Le <b>juge</b> a rendu son verdict.,<b>Судья</b> вынес приговор.,⚖️,m
une poitrine,грудь (грудная клетка),J'ai mal à la <b>poitrine</b>.,У меня болит <b>грудь</b>.,💔,f
adresser,адресовать; обращаться,Je m'<b>adresse</b> à vous.,Я <b>обращаюсь</b> к вам.,💬,v
une arrivée,прибытие,L'<b>arrivée</b> du train est prévue à dix heures.,<b>Прибытие</b> поезда ожидается в десять.,🚆,f
produire,производить,Cette usine <b>produit</b> des voitures.,Этот завод <b>производит</b> машины.,🏭,v
rater,провалить; пропустить,J'ai <b>raté</b> mon examen.,Я <b>провалил</b> экзамен.,❌,v
nourrir,кормить,Je dois <b>nourrir</b> le chat.,Мне нужно <b>покормить</b> кота.,🐱,v
un ministre,министр,Le <b>ministre</b> a fait une annonce.,<b>Министр</b> сделал объявление.,🏛️,m/f
réaliser,реализовывать; осознавать,J'ai <b>réalisé</b> mon rêve.,Я <b>осуществил</b> свою мечту.,✨,v
dépasser,превышать; обгонять,Tu as <b>dépassé</b> la limite de vitesse.,Ты <b>превысил</b> скорость.,🚗,v
un blanc,белый (человек); пробел,Les <b>blancs</b> et les noirs.,<b>Белые</b> и чёрные.,🤍,m
grandir,расти,Les enfants <b>grandissent</b> vite.,Дети <b>растут</b> быстро.,📈,v
un acte,акт; поступок,C'est un <b>acte</b> courageux.,Это смелый <b>поступок</b>.,⭐,m
un taxi,такси,J'ai pris un <b>taxi</b> pour aller à l'aéroport.,Я взял <b>такси</b> до аэропорта.,🚕,m
déposer,откладывать; высаживать,Je vais te <b>déposer</b> chez toi.,Я тебя <b>подброшу</b> до дома.,🚗,v
songer,размышлять,J'y <b>songe</b> souvent.,Я часто об этом <b>думаю</b>.,💭,v
débarrasser,избавлять,<b>Débarrasse</b> la table.,<b>Убери</b> со стола.,🧹,v
"personnel, personnelle",личный,C'est une question <b>personnelle</b>.,Это <b>личный</b> вопрос.,👤,adj
jaune,жёлтый,Le taxi est <b>jaune</b>.,Такси <b>жёлтое</b>.,🟡,adj
une taille,размер; талия,Quelle est ta <b>taille</b> ?,Какой у тебя <b>размер</b>?,📏,f
un poids,вес,Quel est ton <b>poids</b> ?,Какой у тебя <b>вес</b>?,⚖️,m
un souffle,дыхание; дуновение,Il a le <b>souffle</b> court.,У него <b>одышка</b>.,💨,m
attacher,прикреплять; привязывать,<b>Attache</b> ta ceinture.,<b>Пристегни</b> ремень.,🔗,v
ramasser,собирать; подбирать,<b>Ramasse</b> tes affaires.,<b>Собери</b> свои вещи.,📦,v
piquer,колоть; жалить,Une abeille m'a <b>piqué</b>.,Меня <b>ужалила</b> пчела.,🐝,v
une toilette,туалет,Où sont les <b>toilettes</b> ?,Где <b>туалет</b>?,🚻,f
un camion,грузовик,Le <b>camion</b> livre des marchandises.,<b>Грузовик</b> доставляет товары.,🚚,m
une neige,снег,La <b>neige</b> tombe doucement.,<b>Снег</b> тихо падает.,❄️,f
remplacer,заменять,On va <b>remplacer</b> cette pièce.,Мы <b>заменим</b> эту деталь.,🔄,v
un couteau,нож,Passe-moi le <b>couteau</b>.,Передай мне <b>нож</b>.,🔪,m
enfoncer,вдавливать; втыкать,<b>Enfonce</b> le clou dans le mur.,<b>Вбей</b> гвоздь в стену.,🔨,v
un château,замок,Le <b>Château</b> Frontenac est magnifique.,<b>Замок</b> Фронтенак великолепен.,🏰,m
interroger,допрашивать; спрашивать,La police l'a <b>interrogé</b>.,Полиция его <b>допросила</b>.,❓,v
ranger,убирать; упорядочивать,<b>Range</b> ta chambre.,<b>Убери</b> свою комнату.,🧹,v
une folie,безумие,C'est de la <b>folie</b> !,Это <b>безумие</b>!,😵,f
immense,огромный,C'est une maison <b>immense</b>.,Это <b>огромный</b> дом.,🏰,adj
un son,звук,J'ai entendu un <b>son</b> bizarre.,Я услышал странный <b>звук</b>.,🔊,m
"entendu, entendue",услышанный; понятый,"Bien <b>entendu</b>, je viendrai.","<b>Конечно</b>, я приду.",👂,adj
une horreur,ужас,Quelle <b>horreur</b> !,Какой <b>ужас</b>!,😱,f
un nombre,число,Le <b>nombre</b> de candidats est élevé.,<b>Число</b> кандидатов велико.,🔢,m
parier,спорить; ставить,Je <b>parie</b> que tu as tort.,"<b>Спорим</b>, ты неправ.",🎰,v
un couple,пара,C'est un beau <b>couple</b>.,Это красивая <b>пара</b>.,💑,m
hurler,выть; орать,Le loup <b>hurle</b> à la lune.,Волк <b>воет</b> на луну.,🐺,v
"fin, fine","тонкий, -ая",C'est une <b>fine</b> observation.,Это <b>тонкое</b> наблюдение.,✨,adj
"con, conne",тупой (груб.),Ne sois pas <b>con</b> !,Не будь <b>тупым</b>!,🙄,adj
une passion,страсть,Le hockey est ma <b>passion</b>.,Хоккей — моя <b>страсть</b>.,❤️,f
unique,уникальный; единственный,C'est une occasion <b>unique</b>.,Это <b>уникальная</b> возможность.,⭐,adj
une mine,шахта; вид (лица),Tu as bonne <b>mine</b> aujourd'hui.,У тебя хороший <b>вид</b> сегодня.,😊,f
ridicule,смешной; нелепый,C'est <b>ridicule</b> !,Это <b>нелепо</b>!,🤣,adj
un vaisseau,корабль; судно,Le <b>vaisseau</b> spatial a décollé.,<b>Космический корабль</b> стартовал.,🚀,m
un anniversaire,день рождения; годовщина,Joyeux <b>anniversaire</b> !,С <b>днём рождения</b>!,🎂,m
rare,редкий,C'est un oiseau <b>rare</b>.,Это <b>редкая</b> птица.,💎,adj
une patte,лапа,Le chat a quatre <b>pattes</b>.,У кошки четыре <b>лапы</b>.,🐾,f
une demande,просьба; заявка,J'ai fait une <b>demande</b> de visa.,Я подал <b>заявку</b> на визу.,📝,f
ravir,восхищать,Ta performance m'a <b>ravi</b>.,Твоё выступление меня <b>восхитило</b>.,😊,v
étudier,учиться; изучать,J'<b>étudie</b> le français chaque jour.,Я <b>изучаю</b> французский каждый день.,📚,v
un déjeuner,обед (Квебек: завтрак),On se voit pour le <b>déjeuner</b> ?,Увидимся на <b>обеде</b>?,🍽️,m
"chéri, chérie","дорогой, -ая; любимый, -ая","<b>Chérie</b>, je suis rentré !","<b>Дорогая</b>, я дома!",❤️,adj
une solution,решение,J'ai trouvé une <b>solution</b>.,Я нашёл <b>решение</b>.,💡,f
déclarer,заявлять; декларировать,Je n'ai rien à <b>déclarer</b>.,Мне нечего <b>декларировать</b>.,📋,v
un directeur,директор,Le <b>directeur</b> veut te voir.,<b>Директор</b> хочет тебя видеть.,👨‍💼,m
large,широкий,C'est une rue <b>large</b>.,Это <b>широкая</b> улица.,↔️,adj
un souci,беспокойство; забота,Pas de <b>souci</b> !,Без проблем!,😌,m
"naturel, naturelle",естественный,C'est <b>naturel</b>.,Это <b>естественно</b>.,🌿,adj
une rencontre,встреча,C'était une belle <b>rencontre</b>.,Это была прекрасная <b>встреча</b>.,🤝,f
saluer,приветствовать,Je <b>salue</b> mes collègues chaque matin.,Я <b>приветствую</b> коллег каждое утро.,👋,v
"compris, comprise",понятый; включённый,Tout <b>compris</b> ?,Всё <b>понятно</b>?,✅,adj
s'enfuir,убегать,Le voleur s'est <b>enfui</b>.,Вор <b>убежал</b>.,🏃,v
stupide,глупый,C'est une question <b>stupide</b>.,Это <b>глупый</b> вопрос.,🙄,adj
un poil,волосок; шерсть,Le chat perd ses <b>poils</b>.,Кошка теряет <b>шерсть</b>.,🐱,m
une existence,существование,C'est une <b>existence</b> tranquille.,Это <b>спокойное</b> существование.,🌍,f
incroyable,невероятный,C'est une histoire <b>incroyable</b> !,Это <b>невероятная</b> история!,😮,adj
admettre,признавать; допускать,J'<b>admets</b> mon erreur.,Я <b>признаю</b> свою ошибку.,✅,v
murmurer,шептать; бормотать,Il m'a <b>murmuré</b> un secret.,Он <b>прошептал</b> мне секрет.,🤫,v
un sable,песок,Les enfants jouent dans le <b>sable</b>.,Дети играют в <b>песке</b>.,🏖️,m
un personnage,персонаж,C'est un <b>personnage</b> intéressant.,Это интересный <b>персонаж</b>.,🎭,m
peindre,красить; рисовать,J'aime <b>peindre</b> des paysages.,Я люблю <b>рисовать</b> пейзажи.,🎨,v
plonger,нырять,Je <b>plonge</b> dans la piscine.,Я <b>ныряю</b> в бассейн.,🏊,v
une toile,полотно; паутина,L'araignée tisse sa <b>toile</b>.,Паук плетёт <b>паутину</b>.,🕸️,f
planter,сажать; втыкать,Je <b>plante</b> des fleurs au jardin.,Я <b>сажаю</b> цветы в саду.,🌱,v
une base,основа; база,C'est la <b>base</b> du problème.,Это <b>основа</b> проблемы.,🏗️,f
un titre,заголовок; звание,Quel est le <b>titre</b> du livre ?,Какое <b>название</b> книги?,📖,m
une gorge,горло,J'ai mal à la <b>gorge</b>.,У меня болит <b>горло</b>.,🤒,f
une figure,лицо; фигура,Il a une drôle de <b>figure</b>.,У него смешное <b>лицо</b>.,😊,f
un costume,костюм,Il porte un beau <b>costume</b>.,На нём красивый <b>костюм</b>.,🤵,m
sympa,симпатичный (разг.),Elle est très <b>sympa</b>.,Она очень <b>симпатичная</b>.,😊,adj
un baiser,поцелуй,Il lui a donné un <b>baiser</b>.,Он дал ей <b>поцелуй</b>.,💋,m
une amitié,дружба,Notre <b>amitié</b> est forte.,Наша <b>дружба</b> крепкая.,🤝,f
"un commandant, une commandante",командир,Le <b>commandant</b> dirige l'opération.,<b>Командир</b> руководит операцией.,🎖️,m/f
"public, publique",публичный; общественный,C'est un espace <b>public</b>.,Это <b>общественное</b> место.,🏛️,adj
"intéressant, intéressante",интересный,C'est un livre très <b>intéressant</b>.,Это очень <b>интересная</b> книга.,📚,adj
une somme,сумма,C'est une grosse <b>somme</b> d'argent.,Это большая <b>сумма</b> денег.,💰,f
une connaissance,знакомый; знание,C'est une vieille <b>connaissance</b>.,Это старый <b>знакомый</b>.,👋,f
convenir,подходить; соглашаться,Ça me <b>convient</b>.,Мне это <b>подходит</b>.,✅,v
une lampe,лампа,Allume la <b>lampe</b>.,Включи <b>лампу</b>.,💡,f
confier,доверять,Je te <b>confie</b> un secret.,Я <b>доверяю</b> тебе секрет.,🤫,v
respecter,уважать,Il faut <b>respecter</b> les règles.,Нужно <b>соблюдать</b> правила.,✅,v
rose,розовый,Elle porte une robe <b>rose</b>.,На ней <b>розовое</b> платье.,🌸,adj
une liste,список,J'ai fait une <b>liste</b> de courses.,Я составил <b>список</b> покупок.,📋,f
une blague,шутка,C'est une <b>blague</b> !,Это <b>шутка</b>!,😂,f
"parfait, parfaite",совершенный; идеальный,C'est <b>parfait</b> !,<b>Идеально</b>!,👌,adj
renvoyer,отправлять обратно; увольнять,On l'a <b>renvoyé</b> du travail.,Его <b>уволили</b> с работы.,🚪,v
une chasse,охота,La <b>chasse</b> est interdite ici.,<b>Охота</b> здесь запрещена.,🦌,f
convaincre,убеждать,J'essaie de le <b>convaincre</b>.,Я пытаюсь его <b>убедить</b>.,💬,v
une information,информация,J'ai une <b>information</b> importante.,У меня важная <b>информация</b>.,📢,f
un fauteuil,кресло,Assieds-toi dans le <b>fauteuil</b>.,Садись в <b>кресло</b>.,🪑,m
un sexe,пол; секс,Quel est le <b>sexe</b> du bébé ?,Какой <b>пол</b> у ребёнка?,👶,m
nommer,называть; назначать,On l'a <b>nommé</b> directeur.,Его <b>назначили</b> директором.,📋,v
"sacré, sacrée",священный; чёртов (разг.),C'est un <b>sacré</b> menteur !,Это тот ещё <b>врун</b>!,😤,adj
un théâtre,театр,On va au <b>théâtre</b> ce soir.,Вечером идём в <b>театр</b>.,🎭,m
insister,настаивать,J'<b>insiste</b> pour que tu viennes.,"Я <b>настаиваю</b>, чтобы ты пришёл.",💪,v
un arrêt,остановка,L'<b>arrêt</b> de bus est ici.,<b>Остановка</b> автобуса здесь.,🚏,m
écarter,раздвигать; отстранять,<b>Écarte</b>-toi du chemin.,<b>Отойди</b> с дороги.,↔️,v
"vif, vive",живой; яркий,C'est une couleur <b>vive</b>.,Это <b>яркий</b> цвет.,🎨,adj
une étude,учёба; исследование,Je fais mes <b>études</b> à Montréal.,Я <b>учусь</b> в Монреале.,📚,f
une aventure,приключение,C'est une belle <b>aventure</b>.,Это прекрасное <b>приключение</b>.,🗺️,f
une défense,защита; оборона,C'est pour ma <b>défense</b>.,Это в мою <b>защиту</b>.,🛡️,f
un fusil,ружьё,Le chasseur porte un <b>fusil</b>.,Охотник несёт <b>ружьё</b>.,🔫,m
immobile,неподвижный,Reste <b>immobile</b>.,Стой <b>неподвижно</b>.,🧍,adj
une différence,различие,Quelle est la <b>différence</b> ?,В чём <b>разница</b>?,↔️,f
refaire,переделывать,Je dois <b>refaire</b> ce travail.,Мне нужно <b>переделать</b> эту работу.,🔄,v
une jeunesse,молодость,La <b>jeunesse</b> passe vite.,<b>Молодость</b> проходит быстро.,👶,f
un pantalon,брюки,J'ai acheté un nouveau <b>pantalon</b>.,Я купил новые <b>брюки</b>.,👖,m
un manteau,пальто,"Mets ton <b>manteau</b>, il fait froid.","Надень <b>пальто</b>, холодно.",🧥,m
une laisse,поводок,Le chien est en <b>laisse</b>.,Собака на <b>поводке</b>.,🐕,f
politique,политический,C'est une décision <b>politique</b>.,Это <b>политическое</b> решение.,🏛️,adj
balancer,качать; выбрасывать,Ne <b>balance</b> pas les bras.,Не <b>размахивай</b> руками.,🔄,v
un résultat,результат,Quel est le <b>résultat</b> ?,Каков <b>результат</b>?,📊,m
un miracle,чудо,C'est un <b>miracle</b> !,Это <b>чудо</b>!,✨,m
un événement,событие,C'est un grand <b>événement</b>.,Это большое <b>событие</b>.,🎉,m
une bombe,бомба,La <b>bombe</b> a explosé.,<b>Бомба</b> взорвалась.,💥,f
nombreux,многочисленный,Il y a de <b>nombreux</b> touristes ici.,Здесь <b>много</b> туристов.,👥,adj
"nombreux, nombreuse",многочисленный,Ils sont <b>nombreux</b>.,Их <b>много</b>.,👥,adj
menacer,угрожать,Il m'a <b>menacé</b>.,Он мне <b>угрожал</b>.,⚠️,v
dépendre,зависеть,Ça <b>dépend</b> de toi.,Это <b>зависит</b> от тебя.,🔗,v
un mensonge,ложь,C'est un <b>mensonge</b> !,Это <b>ложь</b>!,🤥,m
renoncer,отказываться,J'ai <b>renoncé</b> à ce projet.,Я <b>отказался</b> от этого проекта.,🚫,v
une attaque,атака,L'<b>attaque</b> a été repoussée.,<b>Атака</b> была отбита.,⚔️,f
bête,глупый (как прилаг.),Ne sois pas <b>bête</b> !,Не будь <b>глупым</b>!,🙄,adj
réparer,ремонтировать,Je dois <b>réparer</b> ma voiture.,Мне нужно <b>починить</b> машину.,🔧,v
dresser,устанавливать; дрессировать,J'ai <b>dressé</b> une liste.,Я <b>составил</b> список.,📋,v
une autorité,власть; авторитет,Il a de l'<b>autorité</b>.,У него есть <b>авторитет</b>.,👔,f
une caisse,касса; ящик,Passe à la <b>caisse</b>.,Пройди на <b>кассу</b>.,💵,f
horrible,ужасный,C'est <b>horrible</b> !,Это <b>ужасно</b>!,😱,adj
souffler,дуть; отдышаться,Le vent <b>souffle</b> fort.,Ветер <b>дует</b> сильно.,💨,v
un sort,судьба; участь,C'est le <b>sort</b> qui l'a voulu.,Так распорядилась <b>судьба</b>.,🎲,m
un respect,уважение,J'ai du <b>respect</b> pour lui.,Я его <b>уважаю</b>.,🙏,m
une bataille,битва,La <b>bataille</b> a été rude.,<b>Битва</b> была жёсткой.,⚔️,f
un cadavre,труп,On a trouvé un <b>cadavre</b>.,Нашли <b>труп</b>.,💀,m
bosser,работать (разг.),Je <b>bosse</b> ce week-end.,Я <b>работаю</b> на выходных.,💼,v
une lunette,очки (мн.),J'ai perdu mes <b>lunettes</b>.,Я потерял <b>очки</b>.,👓,f
une vache,корова,La <b>vache</b> donne du lait.,<b>Корова</b> даёт молоко.,🐄,f
deuxième,второй,C'est la <b>deuxième</b> fois.,Это <b>второй</b> раз.,2️⃣,adj
un voleur,вор,Le <b>voleur</b> s'est enfui.,<b>Вор</b> сбежал.,🦹,m
une crise,кризис,On traverse une <b>crise</b>.,Мы переживаем <b>кризис</b>.,📉,f
dessiner,рисовать,J'aime <b>dessiner</b> des paysages.,Я люблю <b>рисовать</b> пейзажи.,🎨,v
briller,сиять,Les étoiles <b>brillent</b>.,Звёзды <b>сияют</b>.,✨,v
un dommage,ущерб; жалость,C'est <b>dommage</b> !,<b>Жаль</b>!,😔,m
"ami, amie",дружеский; близкий,On est très <b>amis</b>.,Мы очень <b>дружны</b>.,🤝,adj
concerner,касаться,Ça ne me <b>concerne</b> pas.,Это меня не <b>касается</b>.,🤷,v
un inspecteur,инспектор,L'<b>inspecteur</b> examine les documents.,<b>Инспектор</b> проверяет документы.,🔍,m
certaines,некоторые (ж.р.),<b>Certaines</b> personnes pensent que...,"<b>Некоторые</b> люди думают, что...",👥,adj
enterrer,хоронить; закапывать,On a <b>enterré</b> le trésor.,Мы <b>закопали</b> клад.,⚰️,v
un restaurant,ресторан,On va au <b>restaurant</b> ce soir.,Вечером идём в <b>ресторан</b>.,🍽️,m
un port,порт,Le bateau est au <b>port</b>.,Корабль в <b>порту</b>.,⚓,m
chier,срать (груб.),J'ai envie de <b>chier</b>. (vulgaire),Мне нужно <b>посрать</b>. (груб.),🚽,v
transformer,преобразовывать,On a <b>transformé</b> la maison.,Мы <b>переделали</b> дом.,🔄,v
un juif,еврей,Il est <b>juif</b> pratiquant.,Он верующий <b>еврей</b>.,✡️,m
prononcer,произносить,Comment <b>prononces</b>-tu ce mot ?,Как ты <b>произносишь</b> это слово?,🗣️,v
une zone,зона,C'est une <b>zone</b> interdite.,Это запретная <b>зона</b>.,🚫,f
un cerveau,мозг,Le <b>cerveau</b> humain est complexe.,Человеческий <b>мозг</b> сложен.,🧠,m
un fruit,фрукт,Mange des <b>fruits</b> chaque jour.,Ешь <b>фрукты</b> каждый день.,🍎,m
survivre,выживать,Il a <b>survécu</b> à l'accident.,Он <b>выжил</b> в аварии.,💪,v
un ciel,небо,Le <b>ciel</b> est bleu aujourd'hui.,<b>Небо</b> сегодня голубое.,🌤️,m
un saint,святой,C'est un <b>saint</b> homme.,Это <b>святой</b> человек.,😇,m
"charmant, charmante",очаровательный,Elle est <b>charmante</b>.,Она <b>очаровательна</b>.,😊,adj
un prêtre,священник,Le <b>prêtre</b> dit la messe.,<b>Священник</b> служит мессу.,⛪,m
une justice,правосудие,La <b>justice</b> sera faite.,<b>Справедливость</b> восторжествует.,⚖️,f
un club,клуб,Je suis membre du <b>club</b>.,Я член <b>клуба</b>.,🏟️,m
pendre,вешать; висеть,Le tableau <b>pend</b> au mur.,Картина <b>висит</b> на стене.,🖼️,v
une reine,королева,La <b>reine</b> d'Angleterre.,<b>Королева</b> Англии.,👑,f
un nuage,облако,Le ciel est couvert de <b>nuages</b>.,Небо покрыто <b>облаками</b>.,☁️,m
"un amant, une amante",любовник,Elle a un <b>amant</b> secret.,У неё тайный <b>любовник</b>.,❤️,m/f
"étranger, étrangère",иностранный,C'est une langue <b>étrangère</b>.,Это <b>иностранный</b> язык.,🌍,adj
un appareil,аппарат; прибор,L'<b>appareil</b> photo est cassé.,<b>Фотоаппарат</b> сломан.,📷,m
intelligent,умный,C'est un garçon très <b>intelligent</b>.,Это очень <b>умный</b> мальчик.,🧠,adj
"intelligent, intelligente",умный,C'est une femme <b>intelligente</b>.,Это <b>умная</b> женщина.,🧠,adj
quels,какие (м.р.),<b>Quels</b> sont tes projets ?,<b>Какие</b> у тебя планы?,❓,adj
un trait,черта; линия,C'est un <b>trait</b> de caractère.,Это <b>черта</b> характера.,📏,m
nettoyer,чистить,Je dois <b>nettoyer</b> la maison.,Мне нужно <b>убрать</b> дом.,🧹,v
une salope,сука (груб.),Quelle <b>salope</b> ! (vulgaire),Вот <b>сука</b>! (груб.),🤬,f
prétendre,утверждать; притворяться,Il <b>prétend</b> tout savoir.,"Он <b>утверждает</b>, что всё знает.",🤔,v
un monstre,монстр,C'est un <b>monstre</b> !,Это <b>монстр</b>!,👹,m
une montre,часы (наручные),Ma <b>montre</b> est en retard.,Мои <b>часы</b> отстают.,⌚,f
une valeur,ценность,C'est un objet de grande <b>valeur</b>.,Это очень <b>ценный</b> предмет.,💎,f
un e,буква Е,Le mot finit par un <b>e</b> muet.,Слово заканчивается на немую <b>е</b>.,🔤,m
une usine,завод,L'<b>usine</b> produit des voitures.,<b>Завод</b> производит машины.,🏭,f
une queue,хвост; очередь,Il y a une longue <b>queue</b>.,Длинная <b>очередь</b>.,🐈,f
un mieux,лучшее; улучшение,"Faute de <b>mieux</b>, on reste ici.","За неимением <b>лучшего</b>, останемся здесь.",📈,m
un froid,холод,Je n'aime pas le <b>froid</b>.,Я не люблю <b>холод</b>.,🥶,m
croiser,скрещивать; встречать,J'ai <b>croisé</b> un ami dans la rue.,Я <b>встретил</b> друга на улице.,🤝,v
réunir,собирать; объединять,On va <b>réunir</b> la famille.,Мы <b>соберём</b> семью.,👨‍👩‍👧‍👦,v
avaler,глотать,<b>Avale</b> le comprimé.,<b>Проглоти</b> таблетку.,💊,v
un contrôle,контроль; проверка,Il y a un <b>contrôle</b> à la frontière.,На границе <b>проверка</b>.,🔍,m
accuser,обвинять,On l'<b>accuse</b> de vol.,Его <b>обвиняют</b> в краже.,⚖️,v
organiser,организовывать,Je vais <b>organiser</b> une fête.,Я <b>организую</b> вечеринку.,🎉,v
une source,источник,C'est une <b>source</b> fiable.,Это надёжный <b>источник</b>.,💧,f
haïr,ненавидеть,Je <b>hais</b> le mensonge.,Я <b>ненавижу</b> ложь.,😤,v
une piste,трасса; след,La police suit une <b>piste</b>.,Полиция идёт по <b>следу</b>.,🔍,f
une violence,насилие,La <b>violence</b> n'est pas la solution.,<b>Насилие</b> — не выход.,🚫,f
une veste,пиджак; куртка,Mets ta <b>veste</b>.,Надень <b>куртку</b>.,🧥,f
"mignon, mignonne",милый,Que tu es <b>mignon</b> !,Какой ты <b>милый</b>!,🥰,adj
une vitesse,скорость,Quelle <b>vitesse</b> incroyable !,Какая невероятная <b>скорость</b>!,🚀,f
"curieux, curieuse",любопытный,Je suis <b>curieux</b> de savoir.,Мне <b>любопытно</b> узнать.,🤔,adj
"moyen, moyenne",средний,C'est une taille <b>moyenne</b>.,Это <b>средний</b> размер.,📊,adj
exprimer,выражать,Je ne sais pas comment <b>exprimer</b> mes sentiments.,"Не знаю, как <b>выразить</b> свои чувства.",💬,v
un article,статья,J'ai lu un <b>article</b> intéressant.,Я прочитал интересную <b>статью</b>.,📰,m
vider,опустошать,<b>Vide</b> ton assiette.,<b>Доешь</b> свою тарелку.,🍽️,v
admirer,восхищаться,J'<b>admire</b> ton courage.,Я <b>восхищаюсь</b> твоей смелостью.,😍,v
un beau,красавец,"C'est un <b>beau</b>, ce gars.",Этот парень — <b>красавец</b>.,😎,m
un terme,термин; срок,C'est un <b>terme</b> technique.,Это технический <b>термин</b>.,📖,m
coincer,зажимать; застревать,Je me suis <b>coincé</b> le doigt.,Я <b>прищемил</b> палец.,🚪,v
une chaîne,цепь; канал,J'ai changé de <b>chaîne</b>.,Я переключил <b>канал</b>.,📺,f
un américain,американец,Mon voisin est <b>américain</b>.,Мой сосед — <b>американец</b>.,🇺🇸,m
une excuse,извинение; отговорка,Je n'accepte pas tes <b>excuses</b>.,Я не принимаю твои <b>отговорки</b>.,🙅,f
achever,завершать,J'ai <b>achevé</b> mon travail.,Я <b>завершил</b> работу.,✅,v
abattre,валить; убивать,Ils ont <b>abattu</b> l'arbre.,Они <b>срубили</b> дерево.,🪓,v
"malheureux, malheureuse",несчастный,Elle a l'air <b>malheureuse</b>.,Она выглядит <b>несчастной</b>.,😢,adj
pénétrer,проникать,L'eau a <b>pénétré</b> dans la maison.,Вода <b>проникла</b> в дом.,💧,v
mordre,кусать,Le chien m'a <b>mordu</b>.,Собака меня <b>укусила</b>.,🐕,v
une victoire,победа,C'est une grande <b>victoire</b> !,Это большая <b>победа</b>!,🏆,f
formidable,потрясающий,C'est une idée <b>formidable</b> !,Это <b>потрясающая</b> идея!,👏,adj
une cesse,прекращение,Il travaille sans <b>cesse</b>.,Он работает без <b>устали</b>.,♾️,f
une croix,крест,Il y a une <b>croix</b> sur la colline.,На холме стоит <b>крест</b>.,✝️,f
"sur, sure",кислый; уверенный,Le citron est <b>sur</b>.,Лимон <b>кислый</b>.,🍋,adj
une poussière,пыль,Il y a de la <b>poussière</b> partout.,Везде <b>пыль</b>.,🧹,f
supplier,умолять,Je te <b>supplie</b> de m'aider.,Я тебя <b>умоляю</b> помочь.,🙏,v
un gâteau,торт; пирожное,J'ai fait un <b>gâteau</b> au chocolat.,Я испёк <b>торт</b> с шоколадом.,🍰,m
soigner,лечить; ухаживать,Le médecin va te <b>soigner</b>.,Врач тебя <b>вылечит</b>.,🩺,v
disposer,располагать; размещать,Je <b>dispose</b> de peu de temps.,У меня мало времени в <b>распоряжении</b>.,📋,v
rompre,рвать; разрывать,Ils ont <b>rompu</b> leurs fiançailles.,Они <b>разорвали</b> помолвку.,💔,v
un discours,речь,Le président a fait un <b>discours</b>.,Президент произнёс <b>речь</b>.,🎤,m
une veille,канун; бодрствование,C'était la <b>veille</b> de Noël.,Это был <b>канун</b> Рождества.,🌙,f
une planète,планета,La Terre est une <b>planète</b>.,Земля — это <b>планета</b>.,🌍,f
soutenir,поддерживать,Je te <b>soutiens</b> à cent pour cent.,Я тебя <b>поддерживаю</b> на все сто.,🤝,v
"méchant, méchante",злой,Ce chien est <b>méchant</b>.,Эта собака <b>злая</b>.,😠,adj
effacer,стирать,<b>Efface</b> cette erreur.,<b>Сотри</b> эту ошибку.,🧽,v
un immeuble,многоквартирный дом,J'habite dans un grand <b>immeuble</b>.,Я живу в большом <b>многоквартирном доме</b>.,🏢,m
imposer,навязывать,Je ne veux rien t'<b>imposer</b>.,Я не хочу тебе ничего <b>навязывать</b>.,🚫,v
une couverture,одеяло; обложка,"Prends une <b>couverture</b>, il fait froid.","Возьми <b>одеяло</b>, холодно.",🛏️,f
"commun, commune",общий,On a des amis <b>communs</b>.,У нас есть <b>общие</b> друзья.,🤝,adj
obéir,слушаться,<b>Obéis</b> à tes parents.,<b>Слушайся</b> родителей.,👨‍👩‍👧,v
une réunion,собрание,J'ai une <b>réunion</b> à dix heures.,У меня <b>собрание</b> в десять.,📋,f
un compagnon,товарищ; спутник,C'est mon <b>compagnon</b> de voyage.,Это мой <b>попутчик</b>.,👥,m
un rideau,штора,Ferme les <b>rideaux</b>.,Закрой <b>шторы</b>.,🪟,m
"perdu, perdue",потерянный,Je suis <b>perdu</b>.,Я <b>потерялся</b>.,😰,adj
un succès,успех,C'est un grand <b>succès</b> !,Это большой <b>успех</b>!,🎉,m
élève,ученик,L'<b>élève</b> a bien répondu à la question.,<b>Ученик</b> хорошо ответил на вопрос.,👨‍🎓,m/f
éclairer,освещать,La lampe <b>éclaire</b> la pièce.,Лампа <b>освещает</b> комнату.,💡,v
une branche,ветка,L'oiseau est sur la <b>branche</b>.,Птица на <b>ветке</b>.,🌿,f
contrôler,контролировать,Je <b>contrôle</b> la situation.,Я <b>контролирую</b> ситуацию.,✅,v
exiger,требовать,Il <b>exige</b> une réponse.,Он <b>требует</b> ответа.,📢,v
une naissance,рождение,C'est le jour de ma <b>naissance</b>.,Это день моего <b>рождения</b>.,👶,f
un dire,высказывание,"Selon ses <b>dires</b>, il était absent.","По его <b>словам</b>, он отсутствовал.",💬,m
une flamme,пламя,La <b>flamme</b> danse dans la cheminée.,<b>Пламя</b> танцует в камине.,🔥,f
une danse,танец,Tu m'accordes cette <b>danse</b> ?,Ты позволишь мне этот <b>танец</b>?,💃,f
une peinture,живопись; краска,J'aime la <b>peinture</b> impressionniste.,Я люблю <b>живопись</b> импрессионизма.,🎨,f
rassurer,успокаивать,"<b>Rassure</b>-toi, tout ira bien.","<b>Успокойся</b>, всё будет хорошо.",😌,v
un démon,демон,Il se bat contre ses <b>démons</b>.,Он борется со своими <b>демонами</b>.,😈,m
un quart,четверть,Il est midi et <b>quart</b>.,Сейчас четверть первого.,🕐,m
faible,слабый,Je me sens <b>faible</b>.,Я чувствую себя <b>слабым</b>.,😩,adj
trahir,предавать,Il m'a <b>trahi</b>.,Он меня <b>предал</b>.,💔,v
une viande,мясо,Je ne mange pas de <b>viande</b>.,Я не ем <b>мясо</b>.,🥩,f
"nerveux, nerveuse",нервный,Elle est très <b>nerveuse</b>.,Она очень <b>нервная</b>.,😬,adj
un ensemble,ансамбль; совокупность,On va faire ça <b>ensemble</b>.,Мы сделаем это <b>вместе</b>.,👫,m
agiter,трясти; волновать,N'<b>agite</b> pas la bouteille.,Не <b>тряси</b> бутылку.,🔄,v
une leçon,урок,J'ai appris ma <b>leçon</b>.,Я выучил <b>урок</b>.,📖,f
un os,кость,Le chien ronge un <b>os</b>.,Собака грызёт <b>кость</b>.,🦴,m
condamner,осуждать; приговаривать,Le tribunal l'a <b>condamné</b>.,Суд его <b>осудил</b>.,⚖️,v
une cellule,камера; клетка,Il est en <b>cellule</b>.,Он в <b>камере</b>.,🔒,f
un chauffeur,водитель,Le <b>chauffeur</b> de taxi attend.,<b>Водитель</b> такси ждёт.,🚕,m
un parfum,духи; аромат,Ce <b>parfum</b> sent bon.,Эти <b>духи</b> хорошо пахнут.,🌸,m
fouiller,обыскивать,La police a <b>fouillé</b> la maison.,Полиция <b>обыскала</b> дом.,🔍,v
une aile,крыло,L'oiseau a une <b>aile</b> blessée.,У птицы раненое <b>крыло</b>.,🦅,f
une absence,отсутствие,Ton <b>absence</b> m'a manqué.,Я скучал в твоё <b>отсутствие</b>.,😔,f
résister,сопротивляться,Je ne peux pas <b>résister</b> au chocolat.,Я не могу <b>устоять</b> перед шоколадом.,💪,v
une presse,пресса,La <b>presse</b> en parle partout.,<b>Пресса</b> об этом везде пишет.,📰,f
un roman,роман,J'ai lu un bon <b>roman</b>.,Я прочитал хороший <b>роман</b>.,📚,m
un pardon,прощение,Je te demande <b>pardon</b>.,Прошу у тебя <b>прощения</b>.,🙏,m
"anglais, anglaise",английский,Je parle <b>anglais</b>.,Я говорю по-<b>английски</b>.,🇬🇧,adj
parfaire,совершенствовать,Il veut <b>parfaire</b> son français.,Он хочет <b>усовершенствовать</b> свой французский.,✨,v
faillir,чуть не (сделать),J'ai <b>failli</b> tomber.,Я <b>чуть не</b> упал.,😅,v
une distance,расстояние,La <b>distance</b> est longue.,<b>Расстояние</b> большое.,📏,f
un univers,вселенная,L'<b>univers</b> est immense.,<b>Вселенная</b> огромна.,🌌,m
refermer,закрывать снова,<b>Referme</b> la porte.,<b>Закрой</b> дверь.,🚪,v
une grâce,милость; изящество,Elle danse avec <b>grâce</b>.,Она танцует с <b>изяществом</b>.,✨,f
un trésor,сокровище,On a trouvé un <b>trésor</b>.,Мы нашли <b>сокровище</b>.,💎,m
révéler,раскрывать,Je vais te <b>révéler</b> un secret.,Я тебе <b>открою</b> секрет.,🤫,v
un dessus,верх,C'est sur le <b>dessus</b>.,Это <b>сверху</b>.,⬆️,m
une tombe,могила,Il est allé sur la <b>tombe</b> de son père.,Он пошёл на <b>могилу</b> отца.,⚰️,f
un franc,франк (валюта),Ça coûtait dix <b>francs</b>.,Это стоило десять <b>франков</b>.,💰,m
un oeuf,яйцо,Je mange un <b>œuf</b> au petit-déjeuner.,Я ем <b>яйцо</b> на завтрак.,🥚,m
précis,точный,Sois plus <b>précis</b>.,Будь <b>точнее</b>.,🎯,adj
"précis, précise",точный,Sois plus <b>précis</b>.,Будь <b>точнее</b>.,🎯,adj
honnête,честный,Il est très <b>honnête</b>.,Он очень <b>честный</b>.,✅,adj
un niveau,уровень,Ton <b>niveau</b> de français est bon.,Твой <b>уровень</b> французского хороший.,📊,m
"blond, blonde",блондин; светловолосый,Elle a les cheveux <b>blonds</b>.,У неё <b>светлые</b> волосы.,👱,adj
"arrivé, arrivée",прибывший,Le train est <b>arrivé</b>.,Поезд <b>прибыл</b>.,🚂,adj
indiquer,указывать,Pouvez-vous m'<b>indiquer</b> le chemin ?,Можете <b>указать</b> мне дорогу?,👉,v
un comte,граф,Le <b>comte</b> habitait ce château.,<b>Граф</b> жил в этом замке.,👑,m
un génie,гений,C'est un vrai <b>génie</b> !,Он настоящий <b>гений</b>!,🧠,m
"un tueur, une tueuse",убийца,Le <b>tueur</b> a été arrêté.,<b>Убийца</b> был арестован.,🔪,m/f
un public,публика; аудитория,Le <b>public</b> a applaudi.,<b>Публика</b> аплодировала.,👥,m
commettre,совершать (преступление),Il a <b>commis</b> une erreur.,Он <b>совершил</b> ошибку.,⚠️,v
pâle,бледный,Tu es tout <b>pâle</b>.,Ты совсем <b>бледный</b>.,😰,adj
une enquête,расследование,La police mène une <b>enquête</b>.,Полиция ведёт <b>расследование</b>.,🔍,f
un fantôme,призрак,Tu crois aux <b>fantômes</b> ?,Ты веришь в <b>призраков</b>?,👻,m
fabriquer,изготавливать,Cette usine <b>fabrique</b> des meubles.,Эта фабрика <b>производит</b> мебель.,🏭,v
assister,присутствовать,J'ai <b>assisté</b> à la conférence.,Я <b>присутствовал</b> на конференции.,👥,v
"puissant, puissante",могущественный,C'est un homme <b>puissant</b>.,Это <b>могущественный</b> человек.,💪,adj
une hauteur,высота,Quelle est la <b>hauteur</b> de cette tour ?,Какова <b>высота</b> этой башни?,📏,f
caresser,гладить; ласкать,Elle <b>caresse</b> le chat.,Она <b>гладит</b> кота.,🐱,v
une boule,шар,C'est une <b>boule</b> de neige.,Это снежный <b>ком</b>.,⚪,f
un samedi,суббота,On se voit <b>samedi</b> ?,Увидимся в <b>субботу</b>?,📅,m
"lointain, lointaine",далёкий,C'est un pays <b>lointain</b>.,Это <b>далёкая</b> страна.,🌍,adj
un artiste,художник; артист,C'est un grand <b>artiste</b>.,Это великий <b>художник</b>.,🎨,m/f
un repos,отдых,J'ai besoin de <b>repos</b>.,Мне нужен <b>отдых</b>.,😴,m
plat,плоский,Le terrain est <b>plat</b>.,Местность <b>плоская</b>.,📏,m
un plat,блюдо,Ce <b>plat</b> est délicieux.,Это <b>блюдо</b> вкусное.,🍽️,m
"vu, vue",виденный; учитывая,"<b>Vu</b> les circonstances, j'accepte.","<b>Учитывая</b> обстоятельства, я согласен.",👁️,adj
un miroir,зеркало,Je me regarde dans le <b>miroir</b>.,Я смотрюсь в <b>зеркало</b>.,🪞,m
une goutte,капля,Une <b>goutte</b> d'eau.,<b>Капля</b> воды.,💧,f
quelles,какие (ж.р.),<b>Quelles</b> sont tes idées ?,<b>Какие</b> у тебя идеи?,❓,adj
une corde,верёвка,Attache avec une <b>corde</b>.,Привяжи <b>верёвкой</b>.,🪢,f
un rat,крыса,Il y a un <b>rat</b> dans la cave.,В подвале <b>крыса</b>.,🐀,m
peser,весить; взвешивать,Combien tu <b>pèses</b> ?,Сколько ты <b>весишь</b>?,⚖️,v
"épais, épaisse",толстый; густой,Ce livre est <b>épais</b>.,Эта книга <b>толстая</b>.,📚,adj
une puissance,мощь; сила,C'est une grande <b>puissance</b> mondiale.,Это великая мировая <b>держава</b>.,💪,f
une expression,выражение,C'est une <b>expression</b> idiomatique.,Это идиоматическое <b>выражение</b>.,💬,f
une unité,единство; единица,L'<b>unité</b> fait la force.,В <b>единстве</b> сила.,🤝,f
un vide,пустота,Il y a un <b>vide</b> dans ma vie.,В моей жизни <b>пустота</b>.,🕳️,m
un don,дар; пожертвование,Il a le <b>don</b> de la musique.,У него <b>дар</b> к музыке.,🎁,m
interrompre,прерывать,Ne m'<b>interromps</b> pas !,Не <b>перебивай</b> меня!,🛑,v
"joyeux, joyeuse",радостный,<b>Joyeux</b> Noël !,<b>Весёлого</b> Рождества!,🎄,adj
emmerder,доставать (груб.),Tu m'<b>emmerdes</b> !,Ты меня <b>достал</b>!,😠,v
examiner,осматривать; изучать,Le médecin va t'<b>examiner</b>.,Врач тебя <b>осмотрит</b>.,🩺,v
un match,матч,Le <b>match</b> commence à huit heures.,<b>Матч</b> начинается в восемь.,⚽,m
rigoler,смеяться (разг.),On a bien <b>rigolé</b>.,Мы здорово <b>посмеялись</b>.,😂,v
un malade,больной,Le <b>malade</b> va mieux.,<b>Больной</b> чувствует себя лучше.,🏥,m/f
une humeur,настроение,Elle est de bonne <b>humeur</b>.,Она в хорошем <b>настроении</b>.,😊,f
une masse,масса,Une <b>masse</b> de gens attendaient.,<b>Масса</b> людей ждала.,👥,f
un alcool,алкоголь,Je ne bois pas d'<b>alcool</b>.,Я не пью <b>алкоголь</b>.,🍷,m
déplacer,перемещать,<b>Déplace</b> ce meuble.,<b>Передвинь</b> эту мебель.,🚚,v
exploser,взрываться,La bombe a <b>explosé</b>.,Бомба <b>взорвалась</b>.,💥,v
un adieu,прощание,C'est un <b>adieu</b>.,Это <b>прощание</b>.,👋,m
double,двойной,C'est le <b>double</b> du prix.,Это <b>вдвое</b> дороже.,✌️,adj
visiter,посещать,Je vais <b>visiter</b> le musée.,Я собираюсь <b>посетить</b> музей.,🏛️,v
énerver,раздражать,Tu m'<b>énerves</b> !,Ты меня <b>раздражаешь</b>!,😤,v
un talent,талант,Tu as beaucoup de <b>talent</b>.,У тебя большой <b>талант</b>.,⭐,m
un éclat,вспышка; осколок,Un <b>éclat</b> de rire.,Взрыв <b>смеха</b>.,✨,m
contenter,удовлетворять,Je me <b>contente</b> de peu.,Я <b>довольствуюсь</b> малым.,😌,v
contenir,содержать,Cette boîte <b>contient</b> des bijoux.,Эта коробка <b>содержит</b> украшения.,📦,v
superbe,великолепный,C'est une vue <b>superbe</b> !,Это <b>великолепный</b> вид!,🤩,adj
une pointe,остриё; пик,C'est l'heure de <b>pointe</b>.,Это час <b>пик</b>.,📍,f
une gloire,слава,Il rêve de <b>gloire</b>.,Он мечтает о <b>славе</b>.,🏆,f
un trottoir,тротуар,Marche sur le <b>trottoir</b>.,Иди по <b>тротуару</b>.,🚶,m
un assassin,убийца,L'<b>assassin</b> a été condamné.,<b>Убийца</b> был осуждён.,⚔️,m
un môme,ребёнок (разг.),Ce <b>môme</b> est adorable.,Этот <b>малыш</b> очарователен.,👶,m/f
goûter,пробовать,<b>Goûte</b> ce plat.,<b>Попробуй</b> это блюдо.,🍴,v
vieil,старый (перед гласной),Un <b>vieil</b> ami m'a appelé.,<b>Старый</b> друг мне позвонил.,👴,adj
troisième,третий,C'est la <b>troisième</b> fois.,Это <b>третий</b> раз.,3️⃣,adj
un palais,дворец,Le roi vit dans un <b>palais</b>.,Король живёт во <b>дворце</b>.,🏰,m
un drap,простыня,Change les <b>draps</b> du lit.,Смени <b>простыни</b> на кровати.,🛏️,m
une tache,пятно,Il y a une <b>tache</b> sur ta chemise.,На твоей рубашке <b>пятно</b>.,👕,f
une qualité,качество,C'est un produit de <b>qualité</b>.,Это <b>качественный</b> продукт.,⭐,f
accueillir,принимать; встречать,Je vais t'<b>accueillir</b> à l'aéroport.,Я тебя <b>встречу</b> в аэропорту.,🤗,v
un pire,худшее,Le <b>pire</b> est à venir.,<b>Худшее</b> ещё впереди.,😱,m
un printemps,весна,Le <b>printemps</b> arrive.,<b>Весна</b> приходит.,🌸,m
une urgence,срочность; скорая,C'est une <b>urgence</b> !,Это <b>срочно</b>!,🚨,f
un lycée,лицей; старшая школа,Mon fils est au <b>lycée</b>.,Мой сын учится в <b>лицее</b>.,🎒,m
un patient,пациент,Le <b>patient</b> attend le médecin.,<b>Пациент</b> ждёт врача.,🏥,m
une attitude,отношение; поза,J'aime ton <b>attitude</b> positive.,Мне нравится твоё позитивное <b>отношение</b>.,😊,f
un poing,кулак,Il a serré le <b>poing</b>.,Он сжал <b>кулак</b>.,✊,m
joindre,соединять; связываться,Comment puis-je vous <b>joindre</b> ?,Как я могу с вами <b>связаться</b>?,📞,v
étouffer,душить; задыхаться,J'<b>étouffe</b> de chaleur.,Я <b>задыхаюсь</b> от жары.,🥵,v
une haine,ненависть,La <b>haine</b> est destructrice.,<b>Ненависть</b> разрушительна.,😡,f
un siège,сиденье; осада,Prends ce <b>siège</b>.,Займи это <b>место</b>.,🪑,m
une fortune,состояние; удача,Il a fait <b>fortune</b> dans l'immobilier.,Он <b>разбогател</b> на недвижимости.,💰,f
"censé, censée",предполагаемый,Tu es <b>censé</b> travailler.,Ты <b>должен</b> работать.,📋,adj
nul,никакой; никудышный,C'est <b>nul</b> !,Это <b>отстой</b>!,👎,adj
"nul, nulle",никакой; ничтожный,Il n'y a <b>nulle</b> raison.,Нет <b>никакой</b> причины.,🚫,adj
une drogue,наркотик,La <b>drogue</b> est dangereuse.,<b>Наркотики</b> опасны.,⚠️,f
creuser,копать,<b>Creuse</b> un trou.,<b>Выкопай</b> яму.,🕳️,v
lier,связывать,On est <b>liés</b> par l'amitié.,Мы <b>связаны</b> дружбой.,🤝,v
un commissaire,комиссар; следователь,Le <b>commissaire</b> mène l'enquête.,<b>Комиссар</b> ведёт расследование.,🕵️,m/f
une aise,удобство,Mets-toi à l'<b>aise</b>.,"Располагайся, чувствуй себя <b>как дома</b>.",🛋️,f
louer,снимать; хвалить,Je <b>loue</b> un appartement.,Я <b>снимаю</b> квартиру.,🏠,v
un moteur,мотор; двигатель,Le <b>moteur</b> est en panne.,<b>Двигатель</b> сломался.,🚗,m
une attente,ожидание,L'<b>attente</b> est longue.,<b>Ожидание</b> долгое.,⏳,f
"social, sociale",социальный,C'est un problème <b>social</b>.,Это <b>социальная</b> проблема.,👥,adj
"fait, faite",сделанный; готовый,C'est <b>fait</b>.,<b>Сделано</b>.,✅,adj
"demi, demie",половина; полу-,Une heure et <b>demie</b>.,Полтора часа.,½,adj
verser,наливать; переводить,<b>Verse</b>-moi de l'eau.,<b>Налей</b> мне воды.,💧,v
une vitre,стекло (оконное),La <b>vitre</b> est cassée.,<b>Стекло</b> разбито.,🪟,f
combattre,сражаться,Il faut <b>combattre</b> l'injustice.,Надо <b>бороться</b> с несправедливостью.,⚔️,v
un dessin,рисунок,C'est un beau <b>dessin</b>.,Это красивый <b>рисунок</b>.,✏️,m
un cuir,кожа (материал),C'est un sac en <b>cuir</b>.,Это <b>кожаная</b> сумка.,👜,m
un rang,ряд; ранг,On est au premier <b>rang</b>.,Мы в первом <b>ряду</b>.,📊,m
"un fiancé, une fiancée",жених,C'est mon <b>fiancé</b>.,Это мой <b>жених</b>.,💍,m/f
utile,полезный,C'est très <b>utile</b>.,Это очень <b>полезно</b>.,👍,adj
un programme,программа,Quel est le <b>programme</b> ?,Какая <b>программа</b>?,📋,m
provoquer,провоцировать,Ne le <b>provoque</b> pas.,Не <b>провоцируй</b> его.,⚠️,v
véritable,настоящий,C'est un <b>véritable</b> ami.,Это <b>настоящий</b> друг.,✅,adj
coupable,виновный,Il est <b>coupable</b>.,Он <b>виновен</b>.,⚖️,adj
un crâne,череп,Il s'est cogné le <b>crâne</b>.,Он ударился <b>головой</b>.,💀,m
une fesse,ягодица,Il est tombé sur les <b>fesses</b>.,Он упал на <b>попу</b>.,😅,f
remuer,двигать; шевелить,<b>Remue</b> les bras.,<b>Двигай</b> руками.,🔄,v
un kilomètre,километр,C'est à deux <b>kilomètres</b>.,Это в двух <b>километрах</b>.,📏,m
dingue,сумасшедший (разг.),C'est <b>dingue</b> !,Это <b>безумие</b>!,🤯,adj
un j,буква Ж,Le <b>j</b> se prononce différemment.,Буква <b>ж</b> произносится иначе.,🔤,m
un millier,тысяча (около),Des <b>milliers</b> de personnes.,<b>Тысячи</b> людей.,🔢,m
une retraite,пенсия; отступление,Il est à la <b>retraite</b>.,Он на <b>пенсии</b>.,👴,f
échanger,обменивать,On peut <b>échanger</b> nos numéros.,Можем <b>обменяться</b> номерами.,🔄,v
veiller,бодрствовать; следить,<b>Veille</b> sur elle.,<b>Присмотри</b> за ней.,👀,v
une solitude,одиночество,La <b>solitude</b> pèse.,<b>Одиночество</b> тяготит.,😔,f
un élément,элемент,C'est un <b>élément</b> important.,Это важный <b>элемент</b>.,🧩,m
une émotion,эмоция,J'ai ressenti une forte <b>émotion</b>.,Я испытал сильную <b>эмоцию</b>.,❤️,f
réserver,бронировать,J'ai <b>réservé</b> une table.,Я <b>забронировал</b> столик.,📝,v
"réel, réelle",реальный,C'est un problème <b>réel</b>.,Это <b>реальная</b> проблема.,✅,adj
"inquiet, inquiète",обеспокоенный,Je suis <b>inquiet</b> pour toi.,Я <b>беспокоюсь</b> за тебя.,😟,adj
subir,подвергаться; терпеть,Il a <b>subi</b> une opération.,Он <b>перенёс</b> операцию.,🏥,v
un examen,экзамен,J'ai un <b>examen</b> demain.,У меня завтра <b>экзамен</b>.,📝,m
cool,классный (разг.),C'est <b>cool</b> !,Это <b>классно</b>!,😎,adj
résoudre,решать (проблему),Il faut <b>résoudre</b> ce problème.,Надо <b>решить</b> эту проблему.,🧩,v
une nourriture,пища; еда,La <b>nourriture</b> est délicieuse.,<b>Еда</b> вкусная.,🍲,f
"bref, brève",краткий,Sois <b>bref</b>.,Будь <b>краток</b>.,📝,adj
"brillant, brillante",блестящий,C'est une idée <b>brillante</b> !,Это <b>блестящая</b> идея!,✨,adj
une marque,марка; след,C'est une <b>marque</b> célèbre.,Это известная <b>марка</b>.,🏷️,f
une fumée,дым,Il y a de la <b>fumée</b>.,Здесь <b>дым</b>.,💨,f
céder,уступать,Je ne vais pas <b>céder</b>.,Я не <b>уступлю</b>.,🚫,v
une mode,мода,C'est à la <b>mode</b>.,Это в <b>моде</b>.,👗,f
une saison,сезон,Quelle est ta <b>saison</b> préférée ?,Какой твой любимый <b>сезон</b>?,🍂,f
un savoir,знание; умение,Le <b>savoir</b> est pouvoir.,<b>Знание</b> — сила.,📚,m
repousser,отталкивать; откладывать,Il m'a <b>repoussé</b>.,Он меня <b>оттолкнул</b>.,🚫,v
guérir,выздоравливать; лечить,Tu vas <b>guérir</b> vite.,Ты быстро <b>выздоровеешь</b>.,💊,v
établir,устанавливать; основывать,On a <b>établi</b> de nouvelles règles.,Мы <b>установили</b> новые правила.,📋,v
un demain,завтра (субст.),Le <b>demain</b> est incertain.,<b>Завтра</b> неопределённо.,📅,m
bouffer,жрать (разг.),On va <b>bouffer</b> ?,Пойдём <b>поедим</b>?,🍔,v
un o,буква О,Le mot a deux <b>o</b>.,В слове два <b>о</b>.,🔤,m
un prisonnier,заключённый,Le <b>prisonnier</b> s'est évadé.,<b>Заключённый</b> сбежал.,⛓️,m
un imbécile,идиот,Quel <b>imbécile</b> !,Какой <b>идиот</b>!,🤦,m/f
une imbécile,дура,Quelle <b>imbécile</b> !,Какая <b>дура</b>!,🤦‍♀️,f
"rond, ronde",круглый,La Terre est <b>ronde</b>.,Земля <b>круглая</b>.,🌍,adj
russe,русский,Elle apprend le <b>russe</b>.,Она учит <b>русский</b>.,🇷🇺,adj
claquer,хлопать; ломаться (разг.),La porte a <b>claqué</b>.,Дверь <b>хлопнула</b>.,🚪,v
rattraper,догонять,Je vais te <b>rattraper</b> !,Я тебя <b>догоню</b>!,🏃,v
un uniforme,форма (одежда),Il porte un <b>uniforme</b>.,Он носит <b>форму</b>.,👔,m
"inconnu, inconnue",неизвестный,C'est un numéro <b>inconnu</b>.,Это <b>неизвестный</b> номер.,❓,adj
"égal, égale",равный,Tous les hommes sont <b>égaux</b>.,Все люди <b>равны</b>.,⚖️,adj
une limite,предел; граница,Il y a une <b>limite</b> à tout.,Всему есть <b>предел</b>.,🚧,f
agréable,приятный,C'est très <b>agréable</b>.,Это очень <b>приятно</b>.,😊,adj
aveugle,слепой,Il est <b>aveugle</b>.,Он <b>слепой</b>.,👀,adj
un rayon,луч; полка; отдел,Un <b>rayon</b> de soleil.,<b>Луч</b> солнца.,☀️,m
voyager,путешествовать,J'aime <b>voyager</b>.,Я люблю <b>путешествовать</b>.,✈️,v
un sorcier,колдун,C'est un <b>sorcier</b>.,Это <b>колдун</b>.,🧙,m
une angoisse,тревога,J'ai des <b>angoisses</b>.,У меня <b>тревога</b>.,😰,f
un infirmier,медбрат,L'<b>infirmier</b> m'a fait une piqûre.,<b>Медбрат</b> сделал мне укол.,💉,m
un abri,убежище; укрытие,Cherche un <b>abri</b> !,Ищи <b>укрытие</b>!,🏠,m
un étudiant,студент,Je suis <b>étudiant</b> à l'université.,Я <b>студент</b> университета.,🎓,m
une région,регион,C'est une belle <b>région</b>.,Это красивый <b>регион</b>.,🗺️,f
une opinion,мнение,Quelle est ton <b>opinion</b> ?,Какое твоё <b>мнение</b>?,💭,f
un bleu,синяк; синий,J'ai un <b>bleu</b> sur le bras.,У меня <b>синяк</b> на руке.,🔵,m
une douceur,мягкость; сладость,J'aime la <b>douceur</b> de ce tissu.,Мне нравится <b>мягкость</b> этой ткани.,🧸,f
une blessure,рана,La <b>blessure</b> guérit bien.,<b>Рана</b> хорошо заживает.,🩹,f
une colline,холм,On a grimpé la <b>colline</b>.,Мы взобрались на <b>холм</b>.,⛰️,f
un sou,грош; копейка,Je n'ai pas un <b>sou</b>.,У меня ни <b>гроша</b>.,💰,m
une félicitation,поздравление,<b>Félicitations</b> !,<b>Поздравляю</b>!,🎉,f
un style,стиль,J'aime ton <b>style</b>.,Мне нравится твой <b>стиль</b>.,👗,m
une prière,молитва,Dis une <b>prière</b>.,Прочитай <b>молитву</b>.,🙏,f
une vision,зрение; видение,J'ai eu une <b>vision</b>.,У меня было <b>видение</b>.,👁️,f
détacher,отвязывать; отцеплять,<b>Détache</b> ta ceinture.,<b>Отстегни</b> ремень.,🔓,v
un quai,набережная; платформа,Le train arrive au <b>quai</b> numéro deux.,Поезд прибывает на <b>платформу</b> номер два.,🚉,m
un contrat,контракт,J'ai signé un <b>contrat</b>.,Я подписал <b>контракт</b>.,📄,m
fournir,снабжать; предоставлять,Ils nous <b>fournissent</b> en matériel.,Они нас <b>снабжают</b> материалами.,📦,v
une série,серия; сериал,J'adore cette <b>série</b>.,Я обожаю этот <b>сериал</b>.,📺,f
"suivant, suivante",следующий,La page <b>suivante</b>.,<b>Следующая</b> страница.,➡️,adj
habituer,приучать,Je m'<b>habitue</b> au froid.,Я <b>привыкаю</b> к холоду.,❄️,v
une énergie,энергия,J'ai beaucoup d'<b>énergie</b> aujourd'hui.,У меня сегодня много <b>энергии</b>.,⚡,f
un vrai,правда; настоящее,Le <b>vrai</b> du faux.,<b>Правду</b> от лжи.,✓,m
"principal, principale",главный,C'est la raison <b>principale</b>.,Это <b>главная</b> причина.,⭐,adj
principal,главный,C'est le problème <b>principal</b>.,Это <b>главная</b> проблема.,⭐,adj
un chasseur,охотник,Le <b>chasseur</b> est dans la forêt.,<b>Охотник</b> в лесу.,🏹,m
une explication,объяснение,J'attends une <b>explication</b>.,Я жду <b>объяснения</b>.,❓,f
une maîtresse,любовница; учительница,La <b>maîtresse</b> est gentille.,<b>Учительница</b> добрая.,👩‍🏫,f
tendre,протягивать; нежный,Il m'a <b>tendu</b> la main.,Он <b>протянул</b> мне руку.,🤲,adj
distinguer,различать,Je n'arrive pas à <b>distinguer</b> ces deux couleurs.,Я не могу <b>различить</b> эти два цвета.,👀,v
un parc,парк,On va au <b>parc</b> ?,Пойдём в <b>парк</b>?,🌳,m
une botte,сапог,J'ai acheté des <b>bottes</b> d'hiver.,Я купил зимние <b>сапоги</b>.,👢,f
franchir,пересекать,Il a <b>franchi</b> la frontière.,Он <b>пересёк</b> границу.,🚧,v
un portrait,портрет,C'est un beau <b>portrait</b>.,Это красивый <b>портрет</b>.,🖼️,m
un bouton,кнопка; пуговица,Appuie sur le <b>bouton</b>.,Нажми на <b>кнопку</b>.,🔘,m
un mystère,тайна,C'est un <b>mystère</b>.,Это <b>тайна</b>.,🔮,m
une perte,потеря,C'est une grande <b>perte</b>.,Это большая <b>потеря</b>.,😢,f
un changement,изменение,Il y a eu un <b>changement</b> de plan.,Произошло <b>изменение</b> плана.,🔄,m
un pot,горшок; банка,C'est un <b>pot</b> de confiture.,Это <b>банка</b> варенья.,🫙,m
gâcher,портить,Tu as <b>gâché</b> la surprise.,Ты <b>испортил</b> сюрприз.,😞,v
une date,дата,Quelle est la <b>date</b> aujourd'hui ?,Какая сегодня <b>дата</b>?,📅,f
une rivière,река (небольшая),On nage dans la <b>rivière</b>.,Мы плаваем в <b>реке</b>.,🏞️,f
déchirer,рвать,J'ai <b>déchiré</b> ma chemise.,Я <b>порвал</b> рубашку.,👕,v
une passe,пас; проход,Une bonne <b>passe</b> au football.,Хороший <b>пас</b> в футболе.,⚽,f
un empire,империя,L'<b>empire</b> romain.,Римская <b>империя</b>.,👑,m
accomplir,выполнять; совершать,Il a <b>accompli</b> sa mission.,Он <b>выполнил</b> свою миссию.,✅,v
conclure,заключать,On a <b>conclu</b> un accord.,Мы <b>заключили</b> соглашение.,🤝,v
un disque,диск,J'écoute un <b>disque</b> vinyle.,Я слушаю виниловую <b>пластинку</b>.,💿,m
un procès,суд; процесс,Le <b>procès</b> commence demain.,<b>Суд</b> начинается завтра.,⚖️,m
rapprocher,сближать,Ça nous a <b>rapprochés</b>.,Это нас <b>сблизило</b>.,🤝,v
réduire,сокращать; уменьшать,Il faut <b>réduire</b> les dépenses.,Надо <b>сократить</b> расходы.,📉,v
une frontière,граница,On a passé la <b>frontière</b>.,Мы пересекли <b>границу</b>.,🛂,f
un paysan,крестьянин,Le <b>paysan</b> travaille aux champs.,<b>Крестьянин</b> работает в поле.,👨‍🌾,m
un lien,связь,Il y a un <b>lien</b> entre eux.,Между ними есть <b>связь</b>.,🔗,m
une souffrance,страдание,La <b>souffrance</b> est grande.,<b>Страдание</b> велико.,😢,f
un péché,грех,C'est un <b>péché</b>.,Это <b>грех</b>.,⛪,m
bénir,благословлять,Dieu te <b>bénisse</b> !,Да <b>благословит</b> тебя Бог!,🙏,v
"silencieux, silencieuse",тихий; молчаливый,Reste <b>silencieux</b>.,Будь <b>тихо</b>.,🤫,adj
"étroit, étroite",узкий,La rue est <b>étroite</b>.,Улица <b>узкая</b>.,📏,adj
fâcher,сердить,Ne te <b>fâche</b> pas.,Не <b>злись</b>.,😤,v
un code,код,Quel est le <b>code</b> d'entrée ?,Какой <b>код</b> от входа?,🔢,m
"affreux, affreuse",ужасный,C'est <b>affreux</b> !,Это <b>ужасно</b>!,😱,adj
une coupe,кубок; стрижка,J'aime ta nouvelle <b>coupe</b>.,Мне нравится твоя новая <b>стрижка</b>.,✂️,f
un comité,комитет,Le <b>comité</b> a voté.,<b>Комитет</b> проголосовал.,👥,m
une carrière,карьера; карьер,Elle a fait une belle <b>carrière</b>.,Она сделала хорошую <b>карьеру</b>.,📈,f
rassembler,собирать,On va <b>rassembler</b> tout le monde.,Мы <b>соберём</b> всех.,🤝,v
sauvage,дикий,C'est un animal <b>sauvage</b>.,Это <b>дикое</b> животное.,🦁,adj
"éternel, éternelle",вечный,C'est l'amour <b>éternel</b>.,Это <b>вечная</b> любовь.,♾️,adj
un faîte,вершина; верх,Le <b>faîte</b> de la montagne.,<b>Вершина</b> горы.,🏔️,m
noter,отмечать; записывать,<b>Note</b> ce numéro.,<b>Запиши</b> этот номер.,📝,v
un choc,шок; удар,C'est un <b>choc</b> !,Это <b>шок</b>!,😱,m
"particulier, particulière",особенный,C'est un cas <b>particulier</b>.,Это <b>особый</b> случай.,⭐,adj
un lapin,кролик,Le <b>lapin</b> mange des carottes.,<b>Кролик</b> ест морковку.,🐰,m
un cimetière,кладбище,Le <b>cimetière</b> est près de l'église.,<b>Кладбище</b> рядом с церковью.,⚰️,m
"jaloux, jalouse",ревнивый,Il est très <b>jaloux</b>.,Он очень <b>ревнивый</b>.,😠,adj
une surface,поверхность,La <b>surface</b> est lisse.,<b>Поверхность</b> гладкая.,📐,f
un tapis,ковёр,Le <b>tapis</b> est doux.,<b>Ковёр</b> мягкий.,🏠,m
une tâche,задача,J'ai une <b>tâche</b> importante.,У меня важная <b>задача</b>.,📋,f
une circonstance,обстоятельство,Quelles sont les <b>circonstances</b> ?,Каковы <b>обстоятельства</b>?,❓,f
débrouiller,разбираться,<b>Débrouille</b>-toi !,<b>Разбирайся</b> сам!,💪,v
évoquer,вызывать (в памяти),Ça m'<b>évoque</b> mon enfance.,Это <b>напоминает</b> мне детство.,💭,v
responsable,ответственный,Tu es <b>responsable</b> de ce projet.,Ты <b>ответственный</b> за этот проект.,✅,adj
ordonner,приказывать; упорядочивать,Il a <b>ordonné</b> l'attaque.,Он <b>приказал</b> атаковать.,📢,v
rechercher,искать; разыскивать,La police le <b>recherche</b>.,Полиция его <b>разыскивает</b>.,🔍,v
une caméra,камера,La <b>caméra</b> filme tout.,<b>Камера</b> всё снимает.,📹,f
un secrétaire,секретарь,Le <b>secrétaire</b> a pris des notes.,<b>Секретарь</b> записал.,📋,m
une charge,нагрузка; заряд,C'est une lourde <b>charge</b>.,Это тяжёлая <b>ноша</b>.,⚡,f
un collègue,коллега,C'est mon <b>collègue</b> de travail.,Это мой <b>коллега</b>.,👔,m
"enchanté, enchantée",очарованный; приятно познакомиться,<b>Enchanté</b> de vous connaître.,<b>Приятно</b> познакомиться.,🤝,adj
un caractère,характер,Il a mauvais <b>caractère</b>.,У него плохой <b>характер</b>.,😤,m
participer,участвовать,Je veux <b>participer</b> au concours.,Я хочу <b>участвовать</b> в конкурсе.,🏆,v
détendre,расслаблять,<b>Détends</b>-toi !,<b>Расслабься</b>!,😌,v
une imagination,воображение,Tu as beaucoup d'<b>imagination</b>.,У тебя богатое <b>воображение</b>.,💭,f
un loup,волк,Le <b>loup</b> hurle à la lune.,<b>Волк</b> воет на луну.,🐺,m
une cave,подвал; погреб,Le vin est dans la <b>cave</b>.,Вино в <b>погребе</b>.,🍷,f
une terrasse,терраса,On s'installe sur la <b>terrasse</b>.,Садимся на <b>террасе</b>.,☀️,f
sage,мудрый; послушный,Sois <b>sage</b>.,Будь <b>послушным</b>.,👼,adj
"sexuel, sexuelle",сексуальный; половой,C'est un sujet <b>sexuel</b>.,Это <b>сексуальная</b> тема.,❤️,adj
une menace,угроза,C'est une <b>menace</b> sérieuse.,Это серьёзная <b>угроза</b>.,⚠️,f
surgir,появляться внезапно,Un homme a <b>surgi</b> de nulle part.,Человек <b>выскочил</b> из ниоткуда.,😱,v
nulle,никакая; бесполезная,Cette idée est <b>nulle</b>.,Эта идея <b>никудышная</b>.,👎,adj
"sourd, sourde",глухой,Il est <b>sourd</b>.,Он <b>глухой</b>.,👂,adj
déjeuner,обедать (Квебек: завтракать),On <b>déjeune</b> ensemble ?,<b>Пообедаем</b> вместе?,🍽️,v
"violent, violente",жестокий; бурный,C'est un film <b>violent</b>.,Это <b>жестокий</b> фильм.,⚔️,adj
un invité,гость,Les <b>invités</b> arrivent.,<b>Гости</b> приходят.,🎉,m
une origine,происхождение,Quelle est ton <b>origine</b> ?,Какого ты <b>происхождения</b>?,🌍,f
une cuisse,бедро,J'ai mal à la <b>cuisse</b>.,У меня болит <b>бедро</b>.,🦵,f
"lent, lente",медленный,La tortue est <b>lente</b>.,Черепаха <b>медленная</b>.,🐢,adj
une boutique,магазинчик; бутик,Il y a une <b>boutique</b> au coin de la rue.,На углу есть <b>магазинчик</b>.,🛍️,f
un test,тест,J'ai passé un <b>test</b>.,Я прошёл <b>тест</b>.,📝,m
un propriétaire,собственник; хозяин,Le <b>propriétaire</b> de l'immeuble.,<b>Хозяин</b> дома.,🏠,m
"fermé, fermée",закрытый,Le magasin est <b>fermé</b>.,Магазин <b>закрыт</b>.,🚫,adj
une promesse,обещание,Tiens ta <b>promesse</b>.,Сдержи <b>обещание</b>.,🤝,f
une assiette,тарелка,L'<b>assiette</b> est vide.,<b>Тарелка</b> пуста.,🍽️,f
un coffre,сундук; багажник,Mets ça dans le <b>coffre</b>.,Положи это в <b>багажник</b>.,🚗,m
une barbe,борода,Il a une longue <b>barbe</b>.,У него длинная <b>борода</b>.,🧔,f
fonctionner,работать (о механизме),La machine ne <b>fonctionne</b> pas.,Машина не <b>работает</b>.,⚙️,v
bien,хорошо,Tu parles <b>bien</b> français pour un débutant !,Ты <b>хорошо</b> говоришь по-французски для начинающего!,👍,adj
une mise,ставка; постановка,C'est une grosse <b>mise</b>.,Это большая <b>ставка</b>.,🎰,f
"brun, brune",шатен; коричневый,Il a les cheveux <b>bruns</b>.,У него <b>каштановые</b> волосы.,👨,adj
"complet, complète",полный; комплектный,L'hôtel est <b>complet</b>.,Отель <b>заполнен</b>.,🏨,adj
complet,полный,L'hôtel est <b>complet</b>.,Отель <b>заполнен</b>.,📦,adj
un vers,стих; строка,C'est un beau <b>vers</b>.,Это красивый <b>стих</b>.,📜,m
un charme,очарование,Elle a du <b>charme</b>.,В ней есть <b>шарм</b>.,✨,m
une majesté,величество,Sa <b>Majesté</b> le Roi.,Его <b>Величество</b> Король.,👑,f
cracher,плевать,Ne <b>crache</b> pas par terre !,Не <b>плюй</b> на землю!,🚫,v
un minuit,полночь,Il est <b>minuit</b>.,Сейчас <b>полночь</b>.,🌙,m
une bêtise,глупость,Ne fais pas de <b>bêtises</b>.,Не делай <b>глупостей</b>.,🙄,f
un ouvrier,рабочий,L'<b>ouvrier</b> travaille à l'usine.,<b>Рабочий</b> трудится на заводе.,👷,m
vaste,обширный,C'est un <b>vaste</b> territoire.,Это <b>обширная</b> территория.,🌍,adj
foncer,мчаться; затемнять,<b>Fonce</b> !,<b>Давай</b>!,🚀,v
un poulet,курица; цыплёнок,Je mange du <b>poulet</b>.,Я ем <b>курицу</b>.,🍗,m
un principe,принцип,C'est une question de <b>principe</b>.,Это вопрос <b>принципа</b>.,📌,m
affirmer,утверждать,Il <b>affirme</b> que c'est vrai.,"Он <b>утверждает</b>, что это правда.",💬,v
un cercle,круг,Forme un <b>cercle</b>.,Сформируй <b>круг</b>.,⭕,m
lutter,бороться,Il faut <b>lutter</b> pour ses droits.,Надо <b>бороться</b> за свои права.,✊,v
un territoire,территория,C'est notre <b>territoire</b>.,Это наша <b>территория</b>.,🗺️,m
une poule,курица,La <b>poule</b> pond des œufs.,<b>Курица</b> несёт яйца.,🐔,f
"vain, vaine",напрасный,C'est en <b>vain</b>.,Это <b>напрасно</b>.,😞,adj
une faveur,одолжение; благосклонность,Fais-moi une <b>faveur</b>.,Сделай мне <b>одолжение</b>.,🙏,f
raser,брить; сносить,Je dois me <b>raser</b>.,Мне надо <b>побриться</b>.,🪒,v
un bus,автобус,Le <b>bus</b> arrive.,<b>Автобус</b> подходит.,🚌,m
une soupe,суп,La <b>soupe</b> est chaude.,<b>Суп</b> горячий.,🍲,f
"venu, venue",пришедший,Le premier <b>venu</b> peut entrer.,<b>Любой</b> может войти.,🚶,adj
un écrivain,писатель,C'est un grand <b>écrivain</b>.,Это великий <b>писатель</b>.,✍️,m
recouvrir,покрывать,La neige <b>recouvre</b> tout.,Снег всё <b>покрывает</b>.,❄️,v
"soudain, soudaine",внезапный,Un changement <b>soudain</b>.,<b>Внезапная</b> перемена.,⚡,adj
une centaine,сотня (около),Une <b>centaine</b> de personnes.,<b>Около сотни</b> человек.,💯,f
une tendresse,нежность,Il l'a regardée avec <b>tendresse</b>.,Он посмотрел на неё с <b>нежностью</b>.,💕,f
effrayer,пугать,Ne m'<b>effraie</b> pas !,Не <b>пугай</b> меня!,😨,v
"fatigué, fatiguée",уставший,Je suis <b>fatigué</b>.,Я <b>устал</b>.,😴,adj
enceinte,беременная,Elle est <b>enceinte</b>.,Она <b>беременна</b>.,🤰,adj
"supérieur, supérieure",высший; начальник,Mon <b>supérieur</b> m'a appelé.,Мой <b>начальник</b> позвонил.,👔,adj
supérieur,высший; выше,L'étage <b>supérieur</b> est fermé.,<b>Верхний</b> этаж закрыт.,⬆️,adj
pisser,мочиться (разг.),J'ai envie de <b>pisser</b>.,Мне нужно <b>отлить</b>.,🚽,v
parcourir,проходить; пробегать,J'ai <b>parcouru</b> dix kilomètres.,Я <b>прошёл</b> десять километров.,🚶,v
une responsabilité,ответственность,C'est une grande <b>responsabilité</b>.,Это большая <b>ответственность</b>.,⚖️,f
inspirer,вдохновлять,Cette musique m'<b>inspire</b>.,Эта музыка меня <b>вдохновляет</b>.,💫,v
précipiter,ускорять; бросать,Ne <b>précipite</b> rien.,Не <b>торопись</b>.,⏰,v
viser,целиться; стремиться,Je <b>vise</b> la cible.,Я <b>целюсь</b> в мишень.,🎯,v
une nation,нация,C'est une grande <b>nation</b>.,Это великая <b>нация</b>.,🏛️,f
"obscur, obscure",тёмный; непонятный,C'est un texte <b>obscur</b>.,Это <b>непонятный</b> текст.,🌑,adj
bel,красивый (перед гласной),Un <b>bel</b> homme.,<b>Красивый</b> мужчина.,😍,adj
une matière,материал; предмет,C'est une <b>matière</b> première.,Это <b>сырьё</b>.,🏗️,f
matière,материя; предмет (учебный),C'est ma <b>matière</b> préférée.,Это мой любимый <b>предмет</b>.,📚,f
un paysage,пейзаж,Quel beau <b>paysage</b> !,Какой красивый <b>пейзаж</b>!,🏞️,m
avertir,предупреждать,Je t'<b>avertis</b>.,Я тебя <b>предупреждаю</b>.,⚠️,v
extraordinaire,необычайный,C'est <b>extraordinaire</b> !,Это <b>необычайно</b>!,🤩,adj
une mouche,муха,Une <b>mouche</b> vole.,<b>Муха</b> летает.,🪰,f
envahir,вторгаться; охватывать,La peur m'<b>envahit</b>.,Меня <b>охватывает</b> страх.,😨,v
"plat, plate",плоский,La Terre n'est pas <b>plate</b>.,Земля не <b>плоская</b>.,📐,adj
une révolution,революция,C'était une <b>révolution</b>.,Это была <b>революция</b>.,✊,f
un désert,пустыня,Le <b>désert</b> du Sahara.,Пустыня <b>Сахара</b>.,🏜️,m
une fatigue,усталость,J'ai une grande <b>fatigue</b>.,У меня сильная <b>усталость</b>.,😴,f
un journaliste,журналист,Le <b>journaliste</b> m'a interviewé.,<b>Журналист</b> взял у меня интервью.,📰,m
une soif,жажда,J'ai <b>soif</b>.,Я хочу <b>пить</b>.,💧,f
une réserve,запас; заповедник,J'ai fait des <b>réserves</b>.,Я сделал <b>запасы</b>.,📦,f
un meuble,мебель,J'ai acheté de nouveaux <b>meubles</b>.,Я купил новую <b>мебель</b>.,🪑,m
un navire,корабль,Le <b>navire</b> a quitté le port.,<b>Корабль</b> покинул порт.,🚢,m
un gaz,газ,Il y a une odeur de <b>gaz</b>.,Пахнет <b>газом</b>.,💨,m
conseiller,советовать,Je te <b>conseille</b> de rester.,Я тебе <b>советую</b> остаться.,💬,v
"mystérieux, mystérieuse",таинственный,C'est un homme <b>mystérieux</b>.,Это <b>таинственный</b> человек.,🔮,adj
flotter,плавать (на поверхности),Le bateau <b>flotte</b>.,Лодка <b>плывёт</b>.,🚤,v
ferme,твёрдый; непоколебимый,Il a une voix <b>ferme</b>.,У него <b>твёрдый</b> голос.,💪,adj
une plume,перо,L'oiseau a perdu une <b>plume</b>.,Птица потеряла <b>перо</b>.,🪶,f
démarrer,заводить; стартовать,La voiture ne veut pas <b>démarrer</b>.,Машина не хочет <b>заводиться</b>.,🚗,v
grimper,взбираться,Je <b>grimpe</b> à l'arbre.,Я <b>забираюсь</b> на дерево.,🧗,v
"juif, juive",еврейский,C'est une fête <b>juive</b>.,Это <b>еврейский</b> праздник.,✡️,adj
punir,наказывать,On l'a <b>puni</b>.,Его <b>наказали</b>.,⚖️,v
décrire,описывать,<b>Décris</b>-moi la scène.,<b>Опиши</b> мне сцену.,📝,v
rejeter,отвергать,Ils ont <b>rejeté</b> ma demande.,Они <b>отклонили</b> мою заявку.,🚫,v
un banc,скамейка,Assieds-toi sur le <b>banc</b>.,Садись на <b>скамейку</b>.,🪑,m
"furieux, furieuse",разъярённый,Il est <b>furieux</b>.,Он <b>в ярости</b>.,😡,adj
un signal,сигнал,Attends le <b>signal</b>.,Жди <b>сигнала</b>.,📡,m
"évident, évidente",очевидный,C'est <b>évident</b>.,Это <b>очевидно</b>.,✅,adj
"malin, maligne",хитрый; сметливый,Tu es <b>malin</b> !,Ты <b>хитрый</b>!,🦊,adj
un masque,маска,Mets ton <b>masque</b>.,Надень <b>маску</b>.,😷,m
mai,май,"En <b>mai</b>, fais ce qu'il te plaît.",В <b>мае</b> делай что хочешь.,🌸,m
in,модный; в тренде,C'est très <b>in</b> en ce moment.,Это сейчас очень <b>модно</b>.,✨,adj
un canon,пушка; красавец (разг.),Le <b>canon</b> a tiré.,<b>Пушка</b> выстрелила.,💥,m
"innocent, innocente",невинный,Il est <b>innocent</b>.,Он <b>невиновен</b>.,😇,adj
un cauchemar,кошмар,J'ai fait un <b>cauchemar</b>.,Мне приснился <b>кошмар</b>.,😱,m
un sous-titrage,субтитры,Le <b>sous-titrage</b> aide à comprendre.,<b>Субтитры</b> помогают понять.,📝,m
un vélo,велосипед,Je fais du <b>vélo</b>.,Я катаюсь на <b>велосипеде</b>.,🚲,m
maigre,худой,Il est très <b>maigre</b>.,Он очень <b>худой</b>.,🩻,adj
désigner,обозначать; назначать,Il m'a <b>désigné</b> comme chef.,Он <b>назначил</b> меня главным.,👉,v
une allure,вид; скорость,Il a une drôle d'<b>allure</b>.,У него странный <b>вид</b>.,🚶,f
un échange,обмен,C'est un <b>échange</b> équitable.,Это справедливый <b>обмен</b>.,🔄,m
régner,царить,Le silence <b>règne</b>.,Царит <b>тишина</b>.,👑,v
un connard,козёл (груб.),Quel <b>connard</b> !,Какой <b>козёл</b>!,😠,m
une épreuve,испытание,C'est une dure <b>épreuve</b>.,Это тяжёлое <b>испытание</b>.,💪,f
un chocolat,шоколад,J'adore le <b>chocolat</b>.,Я обожаю <b>шоколад</b>.,🍫,m
brave,храбрый; славный,C'est un <b>brave</b> homme.,Это <b>славный</b> человек.,🦸,adj
une clef,ключ,J'ai perdu mes <b>clefs</b>.,Я потерял <b>ключи</b>.,🔑,f
éveiller,пробуждать,Le bruit m'a <b>éveillé</b>.,Шум меня <b>разбудил</b>.,⏰,v
une promenade,прогулка,Faisons une <b>promenade</b>.,Давай <b>прогуляемся</b>.,🚶,f
"fameux, fameuse",знаменитый,C'est un <b>fameux</b> restaurant.,Это <b>знаменитый</b> ресторан.,⭐,adj
célèbre,знаменитый,C'est un chanteur <b>célèbre</b>.,Это <b>знаменитый</b> певец.,🌟,adj
un week-end,выходные,Bon <b>week-end</b> !,Хороших <b>выходных</b>!,📅,m
britannique,британский,C'est un accent <b>britannique</b>.,Это <b>британский</b> акцент.,🇬🇧,adj
disputer,спорить; ругаться,Ils se <b>disputent</b> souvent.,Они часто <b>ссорятся</b>.,😤,v
venger,мстить,Je vais me <b>venger</b>.,Я <b>отомщу</b>.,😠,v
baigner,купать,Je <b>baigne</b> le bébé.,Я <b>купаю</b> ребёнка.,🛁,v
bloquer,блокировать,La route est <b>bloquée</b>.,Дорога <b>перекрыта</b>.,🚧,v
un chant,пение; песнь,J'entends un <b>chant</b> d'oiseau.,Я слышу <b>пение</b> птицы.,🎶,m
une entreprise,предприятие,Il travaille dans une grande <b>entreprise</b>.,Он работает в большой <b>компании</b>.,🏢,f
inscrire,записывать; регистрировать,<b>Inscris</b>-toi au cours.,<b>Запишись</b> на курс.,📝,v
vague,расплывчатый,C'est une réponse <b>vague</b>.,Это <b>расплывчатый</b> ответ.,🌫️,adj
un sucre,сахар,Tu veux du <b>sucre</b> ?,Хочешь <b>сахар</b>?,🍬,m
une race,раса; порода,C'est quelle <b>race</b> de chien ?,Какой <b>породы</b> собака?,🐕,f
réclamer,требовать,Il <b>réclame</b> justice.,Он <b>требует</b> справедливости.,📢,v
une manche,рукав; раунд,Relève tes <b>manches</b>.,Засучи <b>рукава</b>.,👕,f
une allée,аллея,Une <b>allée</b> bordée d'arbres.,"<b>Аллея</b>, окаймлённая деревьями.",🌳,f
un gros,толстяк,Le <b>gros</b> mange beaucoup.,<b>Толстяк</b> много ест.,🍔,m
une science,наука,La <b>science</b> progresse.,<b>Наука</b> развивается.,🔬,f
une prise,захват; розетка,Où est la <b>prise</b> électrique ?,Где <b>розетка</b>?,🔌,f
une période,период,C'est une <b>période</b> difficile.,Это трудный <b>период</b>.,📅,f
un plateau,плато; поднос,Pose le café sur le <b>plateau</b>.,Поставь кофе на <b>поднос</b>.,🍽️,m
soupirer,вздыхать,Elle <b>soupire</b> de tristesse.,Она <b>вздыхает</b> от грусти.,😔,v
une fièvre,жар; лихорадка,J'ai de la <b>fièvre</b>.,У меня <b>температура</b>.,🤒,f
une créature,существо; тварь,C'est une étrange <b>créature</b>.,Это странное <b>существо</b>.,👽,f
un piège,ловушка,C'est un <b>piège</b> !,Это <b>ловушка</b>!,🪤,m
un lundi,понедельник,On se voit <b>lundi</b>.,Увидимся в <b>понедельник</b>.,📅,m
un gardien,сторож; охранник,Le <b>gardien</b> surveille l'entrée.,<b>Охранник</b> следит за входом.,💂,m
un horizon,горизонт,Le soleil se couche à l'<b>horizon</b>.,Солнце садится за <b>горизонт</b>.,🌅,m
une patience,терпение,Aie de la <b>patience</b>.,Имей <b>терпение</b>.,🧘,f
un lac,озеро,On nage dans le <b>lac</b>.,Мы плаваем в <b>озере</b>.,🏞️,m
noyer,топить; тонуть,Il a failli se <b>noyer</b>.,Он чуть не <b>утонул</b>.,🌊,v
une silhouette,силуэт,J'ai vu une <b>silhouette</b> dans la nuit.,Я увидел <b>силуэт</b> в ночи.,👤,f
un égard,уважение; внимание,"À cet <b>égard</b>, tu as raison.",В этом <b>отношении</b> ты прав.,🤝,m
"cruel, cruelle",жестокий,C'est un homme <b>cruel</b>.,Это <b>жестокий</b> человек.,😈,adj
une essence,бензин; сущность,Je dois faire le plein d'<b>essence</b>.,Мне надо заправиться <b>бензином</b>.,⛽,f
un flingue,пушка (разг.),Il a sorti son <b>flingue</b>.,Он вытащил свой <b>ствол</b>.,🔫,m
un fleuve,река (большая),Le Saint-Laurent est un grand <b>fleuve</b>.,Святой Лаврентий — большая <b>река</b>.,🏞️,m
sensible,чувствительный,Elle est très <b>sensible</b>.,Она очень <b>чувствительная</b>.,❤️,adj
une chute,падение,Attention à la <b>chute</b> !,"Осторожно, <b>падение</b>!",⬇️,f
figurer,изображать; фигурировать,Son nom <b>figure</b> sur la liste.,Его имя <b>значится</b> в списке.,📋,v
priver,лишать,On l'a <b>privé</b> de liberté.,Его <b>лишили</b> свободы.,🚫,v
une empreinte,отпечаток; след,Les <b>empreintes</b> digitales.,<b>Отпечатки</b> пальцев.,👆,f
un champagne,шампанское,On ouvre le <b>champagne</b> !,Открываем <b>шампанское</b>!,🥂,m
un domaine,область; поместье,C'est son <b>domaine</b> d'expertise.,Это его <b>область</b> знаний.,🏡,m
un esclave,раб,L'<b>esclave</b> a été libéré.,<b>Раба</b> освободили.,⛓️,m
"total, totale",полный; общий,C'est un échec <b>total</b>.,Это <b>полный</b> провал.,📊,adj
violer,нарушать; насиловать,Il a <b>violé</b> la loi.,Он <b>нарушил</b> закон.,⚖️,v
concentrer,концентрировать,<b>Concentre</b>-toi sur ton travail.,<b>Сосредоточься</b> на работе.,🎯,v
confirmer,подтверждать,Je <b>confirme</b> ma réservation.,Я <b>подтверждаю</b> бронирование.,✅,v
emprunter,брать в долг; заимствовать,Je peux t'<b>emprunter</b> ton stylo ?,Могу <b>одолжить</b> твою ручку?,✏️,v
une lecture,чтение,La <b>lecture</b> est ma passion.,<b>Чтение</b> — моя страсть.,📚,f
un bâtiment,здание,C'est un vieux <b>bâtiment</b>.,Это старое <b>здание</b>.,🏢,m
confondre,путать,Ne me <b>confonds</b> pas avec lui.,Не <b>путай</b> меня с ним.,🤷,v
une assurance,страховка; уверенность,Tu as une <b>assurance</b> auto ?,У тебя есть <b>страховка</b> на машину?,🛡️,f
une douche,душ,Je vais prendre une <b>douche</b>.,Я приму <b>душ</b>.,🚿,f
un commandement,заповедь; командование,Les dix <b>commandements</b>.,Десять <b>заповедей</b>.,📜,m
une sueur,пот,J'étais en <b>sueur</b>.,Я был в <b>поту</b>.,💦,f
une fuite,бегство; утечка,Il y a une <b>fuite</b> d'eau.,Есть <b>утечка</b> воды.,💧,f
un paradis,рай,C'est le <b>paradis</b> !,Это <b>рай</b>!,🏝️,m
informer,информировать,Je vais t'<b>informer</b> des résultats.,Я тебя <b>проинформирую</b> о результатах.,📢,v
redresser,выпрямлять,<b>Redresse</b>-toi !,<b>Выпрямись</b>!,🧍,v
conserver,сохранять,<b>Conserve</b> ce document.,<b>Сохрани</b> этот документ.,📁,v
une pression,давление,La <b>pression</b> est trop forte.,<b>Давление</b> слишком сильное.,📈,f
incapable,неспособный,Je suis <b>incapable</b> de mentir.,Я <b>не способен</b> врать.,🚫,adj
un concert,концерт,Le <b>concert</b> commence à vingt heures.,<b>Концерт</b> начинается в восемь.,🎵,m
"saint, sainte",святой,C'est un <b>saint</b> homme.,Это <b>святой</b> человек.,😇,adj
un angle,угол,L'<b>angle</b> est de quatre-vingt-dix degrés.,<b>Угол</b> равен девяносто градусов.,📐,m
contempler,созерцать,J'aime <b>contempler</b> le paysage.,Я люблю <b>созерцать</b> пейзаж.,🌅,v
un auteur,автор,Qui est l'<b>auteur</b> de ce livre ?,Кто <b>автор</b> этой книги?,✍️,m
un ménage,хозяйство; уборка,Je fais le <b>ménage</b>.,Я делаю <b>уборку</b>.,🧹,m
tarder,медлить; опаздывать,Ne <b>tarde</b> pas !,Не <b>медли</b>!,⏰,v
un prof,учитель (разг.),Le <b>prof</b> est sympa.,<b>Учитель</b> классный.,👨‍🏫,m
une plaque,пластина; табличка,La <b>plaque</b> d'immatriculation.,Номерной <b>знак</b>.,🚗,f
"prudent, prudente",осторожный,Sois <b>prudent</b> sur la route.,Будь <b>осторожен</b> на дороге.,⚠️,adj
un inconnu,незнакомец,Un <b>inconnu</b> m'a parlé.,<b>Незнакомец</b> заговорил со мной.,❓,m
un empereur,император,L'<b>empereur</b> de Rome.,<b>Император</b> Рима.,👑,m
mesurer,измерять,<b>Mesure</b> la longueur.,<b>Измерь</b> длину.,📏,v
identifier,идентифицировать,On a <b>identifié</b> le suspect.,Мы <b>опознали</b> подозреваемого.,🔍,v
pointer,указывать; отмечаться,<b>Pointe</b> du doigt.,<b>Укажи</b> пальцем.,👉,v
invisible,невидимый,Il est <b>invisible</b>.,Он <b>невидимый</b>.,👻,adj
un rythme,ритм,Je danse au <b>rythme</b> de la musique.,Я танцую в <b>ритме</b> музыки.,🎵,m
une lutte,борьба,C'est une <b>lutte</b> difficile.,Это тяжёлая <b>борьба</b>.,💪,f
"privé, privée",частный,C'est une propriété <b>privée</b>.,Это <b>частная</b> собственность.,🔒,adj
un chagrin,горе; печаль,Il a du <b>chagrin</b>.,У него <b>горе</b>.,😢,m
un y,буква Y,Le mot s'écrit avec un <b>y</b>.,Слово пишется с <b>y</b>.,🔤,m
détourner,отвлекать; похищать,Ne me <b>détourne</b> pas.,Не <b>отвлекай</b> меня.,🔄,v
une identité,личность,Quelle est ton <b>identité</b> ?,Какова твоя <b>личность</b>?,🪪,f
une résistance,сопротивление,La <b>Résistance</b> française.,Французское <b>Сопротивление</b>.,✊,f
"précieux, précieuse",драгоценный,C'est un objet <b>précieux</b>.,Это <b>драгоценный</b> предмет.,💎,adj
précieux,ценный; драгоценный,C'est un objet <b>précieux</b>.,Это <b>ценный</b> предмет.,💎,adj
une illusion,иллюзия,C'est une <b>illusion</b> d'optique.,Это оптическая <b>иллюзия</b>.,🎭,f
un porc,свинья,Le <b>porc</b> est dans la ferme.,<b>Свинья</b> на ферме.,🐷,m
un ongle,ноготь,Je me suis cassé un <b>ongle</b>.,Я сломал <b>ноготь</b>.,💅,m
méfier,остерегаться,<b>Méfie</b>-toi de lui.,<b>Остерегайся</b> его.,⚠️,v
une boue,грязь,J'ai de la <b>boue</b> sur mes chaussures.,На моих ботинках <b>грязь</b>.,🥾,f
une université,университет,J'étudie à l'<b>université</b>.,Я учусь в <b>университете</b>.,🎓,f
un singe,обезьяна,Le <b>singe</b> grimpe à l'arbre.,<b>Обезьяна</b> лезет на дерево.,🐒,m
satisfaire,удовлетворять,Cette réponse ne me <b>satisfait</b> pas.,Этот ответ меня не <b>удовлетворяет</b>.,😐,v
"italien, italienne",итальянский,C'est un plat <b>italien</b>.,Это <b>итальянское</b> блюдо.,🇮🇹,adj
un nerf,нерв,Tu me tapes sur les <b>nerfs</b>.,Ты мне действуешь на <b>нервы</b>.,😤,m
un mets,блюдо (кулинар.),C'est un <b>mets</b> délicieux.,Это вкусное <b>блюдо</b>.,🍽️,m
un emploi,работа; занятость,Je cherche un <b>emploi</b>.,Я ищу <b>работу</b>.,💼,m
toutes,все (ж.р.),<b>Toutes</b> les filles sont là.,<b>Все</b> девушки здесь.,👩‍👩‍👧‍👧,adj
renverser,переворачивать; опрокидывать,J'ai <b>renversé</b> mon café.,Я <b>опрокинул</b> кофе.,☕,v
employer,использовать; нанимать,Il <b>emploie</b> dix personnes.,Он <b>нанимает</b> десять человек.,👥,v
un curé,священник (католич.),Le <b>curé</b> de la paroisse.,<b>Священник</b> прихода.,⛪,m
une curiosité,любопытство,La <b>curiosité</b> est un défaut.,<b>Любопытство</b> — это недостаток.,🧐,f
une misère,нищета; несчастье,Il vit dans la <b>misère</b>.,Он живёт в <b>нищете</b>.,😢,f
vêtir,одевать,<b>Vêts</b>-toi chaudement.,<b>Оденься</b> тепло.,👗,v
solide,прочный; крепкий,C'est un matériau <b>solide</b>.,Это <b>прочный</b> материал.,💪,adj
exécuter,исполнять; казнить,<b>Exécute</b> cet ordre.,<b>Выполни</b> этот приказ.,✅,v
un médicament,лекарство,Prends ce <b>médicament</b>.,Прими это <b>лекарство</b>.,💊,m
une roue,колесо,La <b>roue</b> est crevée.,<b>Колесо</b> спущено.,🛞,f
retomber,падать снова,Il est <b>retombé</b> malade.,Он снова <b>заболел</b>.,⬇️,v
un mille,миля,"Un <b>mille</b> fait 1,6 km.","<b>Миля</b> — это 1,6 км.",📏,m
Mlle,мадемуазель (сокр.),<b>Mlle</b> Dupont est arrivée.,<b>Мадемуазель</b> Дюпон приехала.,👩,f
un tribunal,суд (здание),Il passe au <b>tribunal</b>.,Он предстанет перед <b>судом</b>.,⚖️,m
une apparence,внешность; видимость,Ne te fie pas aux <b>apparences</b>.,Не верь <b>внешности</b>.,👀,f
répandre,распространять; проливать,La nouvelle s'est <b>répandue</b>.,Новость <b>распространилась</b>.,📢,v
cogner,стучать; ударять,Il a <b>cogné</b> à la porte.,Он <b>постучал</b> в дверь.,🚪,v
une grille,решётка,La <b>grille</b> est fermée.,<b>Решётка</b> закрыта.,🚧,f
appliquer,применять,<b>Applique</b> cette règle.,<b>Примени</b> это правило.,✅,v
noble,благородный,C'est un <b>noble</b> geste.,Это <b>благородный</b> жест.,👑,adj
piger,понимать (разг.),Tu <b>piges</b> ?,<b>Врубаешься</b>?,🤔,v
hausser,поднимать; пожимать,Il a <b>haussé</b> les épaules.,Он <b>пожал</b> плечами.,🤷,v
repasser,гладить; проходить снова,Je dois <b>repasser</b> ma chemise.,Мне надо <b>погладить</b> рубашку.,👔,v
reprocher,упрекать,Je n'ai rien à te <b>reprocher</b>.,Мне не в чем тебя <b>упрекнуть</b>.,😔,v
une crainte,страх; опасение,J'ai des <b>craintes</b>.,У меня есть <b>опасения</b>.,😰,f
une épée,меч; шпага,Il porte une <b>épée</b>.,Он носит <b>меч</b>.,⚔️,f
voiler,вуалировать; скрывать,La brume <b>voile</b> la vue.,Туман <b>скрывает</b> вид.,🌫️,v
un manque,недостаток; нехватка,Il y a un <b>manque</b> de temps.,Есть <b>нехватка</b> времени.,⏳,m
un foyer,очаг; дом,Le <b>foyer</b> familial.,Семейный <b>очаг</b>.,🏠,m
une lueur,отблеск; проблеск,Une <b>lueur</b> d'espoir.,<b>Проблеск</b> надежды.,✨,f
une activité,деятельность,C'est une <b>activité</b> intéressante.,Это интересное <b>занятие</b>.,📊,f
saigner,кровоточить,Ma main <b>saigne</b>.,У меня <b>кровоточит</b> рука.,🩸,v
dominer,доминировать,Il <b>domine</b> la situation.,Он <b>контролирует</b> ситуацию.,👑,v
un chiffre,цифра,Quel est le <b>chiffre</b> exact ?,Какая точная <b>цифра</b>?,🔢,m
transporter,перевозить,Le camion <b>transporte</b> des marchandises.,Грузовик <b>перевозит</b> товары.,🚚,v
un texte,текст,Lis ce <b>texte</b>.,Прочитай этот <b>текст</b>.,📄,m
un sommet,вершина; саммит,On a atteint le <b>sommet</b>.,Мы достигли <b>вершины</b>.,🏔️,m
un frais,расход; издержки,Les <b>frais</b> de transport.,Транспортные <b>расходы</b>.,💸,m
un modèle,модель; образец,C'est un <b>modèle</b> de succès.,Это <b>образец</b> успеха.,🎯,m
un gant,перчатка,Mets tes <b>gants</b>.,Надень <b>перчатки</b>.,🧤,m
une serviette,полотенце; салфетка,Passe-moi la <b>serviette</b>.,Передай мне <b>полотенце</b>.,🧴,f
un stop,стоп; знак стоп,Arrête-toi au <b>stop</b>.,Остановись у знака <b>стоп</b>.,🛑,m
une hâte,спешка,J'ai <b>hâte</b> de te voir.,<b>Не терпится</b> тебя увидеть.,⏰,f
une difficulté,трудность,J'ai des <b>difficultés</b> financières.,У меня финансовые <b>трудности</b>.,😓,f
opposer,противопоставлять,Il s'<b>oppose</b> à cette décision.,Он <b>выступает против</b> этого решения.,🚫,v
constater,констатировать,Je <b>constate</b> une erreur.,Я <b>констатирую</b> ошибку.,📝,v
"maudit, maudite",проклятый,<b>Maudite</b> voiture !,<b>Проклятая</b> машина!,😤,adj
réagir,реагировать,Comment as-tu <b>réagi</b> ?,Как ты <b>отреагировал</b>?,🤔,v
digne,достойный,C'est un homme <b>digne</b>.,Это <b>достойный</b> человек.,👔,adj
une ordure,мусор; мерзавец,Mets les <b>ordures</b> dehors.,Вынеси <b>мусор</b>.,🗑️,f
armer,вооружать,Il s'est <b>armé</b> d'un couteau.,Он <b>вооружился</b> ножом.,🔪,v
envoler,улетать,L'oiseau s'est <b>envolé</b>.,Птица <b>улетела</b>.,🐦,v
puer,вонять,Ça <b>pue</b> !,Это <b>воняет</b>!,🤢,v
une nana,девушка (разг.),C'est une jolie <b>nana</b>.,Это симпатичная <b>девчонка</b>.,👩,f
minuscule,крошечный,C'est un appartement <b>minuscule</b>.,Это <b>крошечная</b> квартира.,🐜,adj
débarquer,высаживаться; прибывать,Il a <b>débarqué</b> sans prévenir.,Он <b>заявился</b> без предупреждения.,🚢,v
un linge,бельё,<b>Étends</b> le <b>linge</b>.,<b>Развесь</b> <b>бельё</b>.,👕,m
un policier,полицейский,Le <b>policier</b> m'a arrêté.,<b>Полицейский</b> меня остановил.,👮,m
un allié,союзник,C'est notre <b>allié</b>.,Это наш <b>союзник</b>.,🤝,m
une sensation,ощущение,J'ai une <b>sensation</b> étrange.,У меня странное <b>ощущение</b>.,🤔,f
un vieillard,старик,Le <b>vieillard</b> marche lentement.,<b>Старик</b> идёт медленно.,👴,m
essuyer,вытирать,<b>Essuie</b>-toi les mains.,<b>Вытри</b> руки.,🧻,v
étaler,расстилать; выставлять,<b>Étale</b> la nappe sur la table.,<b>Расстели</b> скатерть на столе.,🍽️,v
fidèle,верный,C'est un ami <b>fidèle</b>.,Это <b>верный</b> друг.,🐕,adj
embarquer,садиться (на борт),On va <b>embarquer</b>.,Мы <b>садимся</b> на борт.,🚀,v
une gaffe,оплошность,J'ai fait une <b>gaffe</b>.,Я допустил <b>оплошность</b>.,🙈,f
"délicieux, délicieuse",восхитительный,C'est <b>délicieux</b> !,Это <b>восхитительно</b>!,😋,adj
barrer,перегораживать,La route est <b>barrée</b>.,Дорога <b>перекрыта</b>.,🚧,v
gonfler,надувать,<b>Gonfle</b> le ballon.,<b>Надуй</b> шарик.,🎈,v
jouir,наслаждаться,Je <b>jouis</b> de la vie.,Я <b>наслаждаюсь</b> жизнью.,😊,v
un employé,служащий,L'<b>employé</b> de banque.,<b>Служащий</b> банка.,👔,m
une huile,масло,J'ai ajouté de l'<b>huile</b>.,Я добавил <b>масла</b>.,🫒,f
une statue,статуя,La <b>Statue</b> de la Liberté.,<b>Статуя</b> Свободы.,🗽,f
une religion,религия,La <b>religion</b> catholique.,<b>Католическая</b> религия.,⛪,f
un col,воротник; перевал,Le <b>col</b> de ma chemise.,<b>Воротник</b> моей рубашки.,👔,m
repérer,обнаруживать,Je l'ai <b>repéré</b> dans la foule.,Я его <b>заметил</b> в толпе.,👀,v
un s,буква S,Le pluriel prend un <b>s</b>.,Множественное число с <b>s</b>.,🔤,m
exposer,выставлять; излагать,Le musée <b>expose</b> des tableaux.,Музей <b>выставляет</b> картины.,🖼️,v
un poème,стихотворение,J'ai écrit un <b>poème</b>.,Я написал <b>стихотворение</b>.,📝,m
"gai, gaie",весёлый,Il est toujours <b>gai</b>.,Он всегда <b>весёлый</b>.,😄,adj
plier,складывать; сгибать,<b>Plie</b> la serviette.,<b>Сложи</b> салфетку.,📄,v
un marié,жених; молодожён,Les <b>mariés</b> dansent.,<b>Молодожёны</b> танцуют.,💒,m
décevoir,разочаровывать,Tu m'as <b>déçu</b>.,Ты меня <b>разочаровал</b>.,😞,v
fêter,праздновать,On va <b>fêter</b> ton anniversaire.,Мы будем <b>праздновать</b> твой день рождения.,🎉,v
juin,июнь,"En <b>juin</b>, c'est l'été.",В <b>июне</b> — лето.,☀️,m
un revolver,револьвер,Il a sorti son <b>revolver</b>.,Он достал <b>револьвер</b>.,🔫,m
un shérif,шериф,Le <b>shérif</b> maintient l'ordre.,<b>Шериф</b> поддерживает порядок.,🤠,m
épuiser,истощать,Je suis <b>épuisé</b>.,Я <b>истощён</b>.,😫,v
nager,плавать,J'aime <b>nager</b>.,Я люблю <b>плавать</b>.,🏊,v
"voisin, voisine",соседний,La maison <b>voisine</b>.,<b>Соседний</b> дом.,🏠,adj
un voile,вуаль; завеса,Elle porte un <b>voile</b>.,Она носит <b>вуаль</b>.,🧕,m
une voile,парус; вуаль,Le bateau a une grande <b>voile</b>.,У лодки большой <b>парус</b>.,⛵,f
un pistolet,пистолет,Il a tiré avec un <b>pistolet</b>.,Он выстрелил из <b>пистолета</b>.,🔫,m
"futur, future",будущий,Mon <b>futur</b> appartement.,Моя <b>будущая</b> квартира.,🔮,adj
futur,будущий,Mon <b>futur</b> mari est canadien.,Мой <b>будущий</b> муж — канадец.,🔮,adj
une rumeur,слух,C'est juste une <b>rumeur</b>.,Это просто <b>слух</b>.,👂,f
enseigner,преподавать,Elle <b>enseigne</b> le français.,Она <b>преподаёт</b> французский.,👩‍🏫,v
un récit,рассказ; повествование,C'est un beau <b>récit</b>.,Это красивый <b>рассказ</b>.,📖,m
un bal,бал,On va au <b>bal</b>.,Идём на <b>бал</b>.,💃,m
une obscurité,темнота,L'<b>obscurité</b> m'effraie.,<b>Темнота</b> меня пугает.,🌑,f
une fonction,функция,Quelle est ta <b>fonction</b> ?,Какова твоя <b>должность</b>?,💼,f
"délicat, délicate",деликатный; хрупкий,C'est une situation <b>délicate</b>.,Это <b>деликатная</b> ситуация.,🎀,adj
un ballon,мяч; шарик,Lance-moi le <b>ballon</b>.,Брось мне <b>мяч</b>.,⚽,m
un whisky,виски,Un verre de <b>whisky</b>.,Стакан <b>виски</b>.,🥃,m
déconner,нести чушь (разг.),Tu <b>déconnes</b> ou quoi ?,Ты <b>прикалываешься</b> что ли?,😜,v
un peintre,художник,C'est un grand <b>peintre</b>.,Это великий <b>художник</b>.,🎨,m
une paupière,веко,Mes <b>paupières</b> sont lourdes.,Мои <b>веки</b> тяжёлые.,😴,f
une organisation,организация,C'est une grande <b>organisation</b>.,Это большая <b>организация</b>.,🏢,f
un semblant,видимость,Il fait <b>semblant</b> de dormir.,"Он <b>делает вид</b>, что спит.",🎭,m
une bibliothèque,библиотека,Je vais à la <b>bibliothèque</b>.,Я иду в <b>библиотеку</b>.,📚,f
un atelier,мастерская,Il travaille dans un <b>atelier</b>.,Он работает в <b>мастерской</b>.,🔧,m
"gras, grasse",жирный,C'est trop <b>gras</b>.,Это слишком <b>жирно</b>.,🍔,adj
"intérieur, intérieure",внутренний,La cour <b>intérieure</b>.,<b>Внутренний</b> двор.,🏠,adj
une réaction,реакция,Quelle a été sa <b>réaction</b> ?,Какая была его <b>реакция</b>?,😮,f
un échec,неудача; провал,C'est un <b>échec</b>.,Это <b>провал</b>.,❌,m
humide,влажный,L'air est <b>humide</b>.,Воздух <b>влажный</b>.,💧,adj
une bagnole,тачка (разг.),Ma <b>bagnole</b> est en panne.,Моя <b>тачка</b> сломалась.,🚗,f
"net, nette",чистый; ясный,C'est une amélioration <b>nette</b>.,Это <b>явное</b> улучшение.,✨,adj
un instrument,инструмент,La guitare est mon <b>instrument</b> préféré.,Гитара — мой любимый <b>инструмент</b>.,🎸,m
une monnaie,валюта; мелочь,Tu as de la <b>monnaie</b> ?,У тебя есть <b>мелочь</b>?,💰,f
un poète,поэт,C'est un grand <b>poète</b>.,Это великий <b>поэт</b>.,📜,m
unir,объединять,L'amour <b>unit</b> les gens.,Любовь <b>объединяет</b> людей.,💕,v
un menton,подбородок,Il a un <b>menton</b> carré.,У него квадратный <b>подбородок</b>.,👨,m
estimer,оценивать; уважать,J'<b>estime</b> que c'est juste.,"Я <b>считаю</b>, что это справедливо.",🤔,v
sécher,сушить,<b>Sèche</b> tes cheveux.,<b>Высуши</b> волосы.,💨,v
un usage,использование,C'est l'<b>usage</b> ici.,Таков здесь <b>обычай</b>.,📋,m
une couille,яйцо (груб.),Casse-<b>couilles</b> ! (vulgaire),Достал! (груб.),🤬,f
un tard,поздний час,"Sur le <b>tard</b>, il est arrivé.",<b>Поздно</b> он пришёл.,🌙,m
une pompe,насос; помпа,La <b>pompe</b> à essence.,<b>Насос</b> на заправке.,⛽,f
un coude,локоть,J'ai mal au <b>coude</b>.,У меня болит <b>локоть</b>.,💪,m
un ouest,запад,Le soleil se couche à l'<b>ouest</b>.,Солнце садится на <b>западе</b>.,🌅,m
un cabinet,кабинет; туалет,Le <b>cabinet</b> du médecin.,<b>Кабинет</b> врача.,🏥,m
buter,натыкаться; упираться,J'ai <b>buté</b> sur une pierre.,Я <b>споткнулся</b> о камень.,🪨,v
un serpent,змея,J'ai peur des <b>serpents</b>.,Я боюсь <b>змей</b>.,🐍,m
signaler,сигнализировать,Je dois <b>signaler</b> un problème.,Мне нужно <b>сообщить</b> о проблеме.,📢,v
une possibilité,возможность,C'est une <b>possibilité</b>.,Это <b>возможность</b>.,💡,f
une rage,бешенство; ярость,Il est fou de <b>rage</b>.,Он в <b>ярости</b>.,😡,f
un prénom,имя,Quel est ton <b>prénom</b> ?,Как тебя <b>зовут</b>?,👋,m
une cage,клетка,L'oiseau est dans la <b>cage</b>.,Птица в <b>клетке</b>.,🐦,f
fragile,хрупкий,C'est un objet <b>fragile</b>.,Это <b>хрупкий</b> предмет.,🥚,adj
un avantage,преимущество,C'est un grand <b>avantage</b>.,Это большое <b>преимущество</b>.,✅,m
"pressé, pressée",спешащий,Je suis <b>pressé</b>.,Я <b>спешу</b>.,⏰,adj
une ceinture,пояс; ремень,Attache ta <b>ceinture</b>.,Пристегни <b>ремень</b>.,🔗,f
un automne,осень,L'<b>automne</b> est ma saison préférée.,<b>Осень</b> — моё любимое время года.,🍂,m
craquer,трещать; сдаваться,J'ai <b>craqué</b> pour elle.,Я <b>запал</b> на неё.,💘,v
un habit,костюм; одежда,Mets tes <b>habits</b> du dimanche.,Надень <b>праздничную одежду</b>.,👔,m
une poupée,кукла,Elle joue avec sa <b>poupée</b>.,Она играет со своей <b>куклой</b>.,🎎,f
intervenir,вмешиваться,La police a dû <b>intervenir</b>.,Полиции пришлось <b>вмешаться</b>.,👮,v
un bagage,багаж,Mes <b>bagages</b> sont lourds.,Мой <b>багаж</b> тяжёлый.,🧳,m
frotter,тереть,<b>Frotte</b> bien.,<b>Три</b> хорошенько.,🧽,v
opérer,оперировать,Le chirurgien va l'<b>opérer</b>.,Хирург его <b>прооперирует</b>.,🏥,v
une discussion,обсуждение,On a eu une longue <b>discussion</b>.,У нас был долгий <b>разговор</b>.,💬,f
un carton,картон; коробка,Mets ça dans le <b>carton</b>.,Положи это в <b>коробку</b>.,📦,m
un régime,режим; диета,Je suis au <b>régime</b>.,Я на <b>диете</b>.,🥗,m
une star,звезда (знаменитость),C'est une <b>star</b> de cinéma.,Это кино<b>звезда</b>.,⭐,f
suggérer,предлагать,Je te <b>suggère</b> de partir.,Я <b>предлагаю</b> тебе уехать.,💡,v
une station,станция,La <b>station</b> de métro.,<b>Станция</b> метро.,🚇,f
une tristesse,грусть,J'ai de la <b>tristesse</b>.,Мне <b>грустно</b>.,😢,f
un marchand,торговец,Le <b>marchand</b> de fruits.,<b>Продавец</b> фруктов.,🍎,m
une jupe,юбка,Elle porte une <b>jupe</b>.,На ней <b>юбка</b>.,👗,f
composer,составлять; сочинять,Il <b>compose</b> de la musique.,Он <b>сочиняет</b> музыку.,🎵,v
août,август,"En <b>août</b>, je pars en vacances.",В <b>августе</b> я еду в отпуск.,🏖️,m
annuler,отменять,J'ai dû <b>annuler</b> mon vol.,Мне пришлось <b>отменить</b> рейс.,❌,v
un métro,метро,Je prends le <b>métro</b>.,Я еду на <b>метро</b>.,🚇,m
exciter,возбуждать,Cette nouvelle m'<b>excite</b>.,Эта новость меня <b>волнует</b>.,😃,v
une génération,поколение,C'est une nouvelle <b>génération</b>.,Это новое <b>поколение</b>.,👶,f
affronter,противостоять,Il faut <b>affronter</b> ses peurs.,Надо <b>встретить</b> свои страхи.,💪,v
un séjour,пребывание; гостиная,Bon <b>séjour</b> au Québec !,Приятного <b>пребывания</b> в Квебеке!,🏨,m
une miss,мисс,<b>Miss</b> France est belle.,<b>Мисс</b> Франция красивая.,👑,f
un boulevard,бульвар,Le <b>boulevard</b> Saint-Laurent.,<b>Бульвар</b> Сен-Лоран.,🛣️,m
un cochon,свинья,Le <b>cochon</b> mange.,<b>Свинья</b> ест.,🐷,m
raccrocher,вешать трубку,Ne <b>raccroche</b> pas !,Не <b>вешай</b> трубку!,📞,v
"élevé, élevée",высокий (о цене и т.д.),Le prix est <b>élevé</b>.,Цена <b>высокая</b>.,📈,adj
nouvel,новый (перед гласной),Un <b>nouvel</b> ami.,<b>Новый</b> друг.,🆕,adj
un accès,доступ,L'<b>accès</b> est interdit.,<b>Доступ</b> запрещён.,🚫,m
une colonne,колонна; столбец,La <b>colonne</b> vertébrale.,<b>Позвоночник</b>.,🦴,f
mouiller,мочить,Ne te <b>mouille</b> pas.,Не <b>промокни</b>.,💧,v
décrocher,снимать (трубку),<b>Décroche</b> le téléphone.,<b>Сними</b> трубку.,📞,v
constituer,составлять,Cela <b>constitue</b> un problème.,Это <b>составляет</b> проблему.,🔧,v
une bague,кольцо,Elle porte une belle <b>bague</b>.,На ней красивое <b>кольцо</b>.,💍,f
un ancien,бывший; древний,C'est mon <b>ancien</b> professeur.,Это мой <b>бывший</b> учитель.,👨‍🏫,m
un fromage,сыр,Le <b>fromage</b> québécois est délicieux.,Квебекский <b>сыр</b> вкусный.,🧀,m
une plante,растение,<b>Arrose</b> les <b>plantes</b>.,<b>Полей</b> <b>растения</b>.,🌱,f
un vendredi,пятница,On se voit <b>vendredi</b>.,Увидимся в <b>пятницу</b>.,📅,m
un champion,чемпион,Il est <b>champion</b> du monde.,Он <b>чемпион</b> мира.,🏆,m
septembre,сентябрь,"En <b>septembre</b>, c'est la rentrée.",В <b>сентябре</b> — начало учёбы.,📚,m
une disposition,расположение; готовность,Je suis à ta <b>disposition</b>.,Я в твоём <b>распоряжении</b>.,🤝,f
un concours,конкурс,J'ai gagné un <b>concours</b>.,Я выиграл <b>конкурс</b>.,🎯,m
un zéro,ноль,La température est à <b>zéro</b>.,Температура <b>ноль</b>.,❄️,m
une approche,подход,C'est une bonne <b>approche</b>.,Это хороший <b>подход</b>.,🎯,f
vaincre,побеждать,Il a <b>vaincu</b> ses adversaires.,Он <b>победил</b> своих противников.,🏆,v
comporter,вести себя; включать,<b>Comporte</b>-toi bien.,<b>Веди</b> себя хорошо.,👍,v
un blond,блондин,Le <b>blond</b> là-bas est mon ami.,<b>Блондин</b> там — мой друг.,👱,m
un accent,акцент,Tu as un <b>accent</b> français.,У тебя <b>французский</b> акцент.,🗣️,m
impliquer,вовлекать,Ça <b>implique</b> beaucoup de travail.,Это <b>подразумевает</b> много работы.,🔗,v
ôter,снимать; убирать,<b>Ôte</b> ton chapeau.,<b>Сними</b> шляпу.,🎩,v
un sérieux,серьёзность,Gardez votre <b>sérieux</b>.,Сохраняйте <b>серьёзность</b>.,😐,m
un produit,продукт,C'est un bon <b>produit</b>.,Это хороший <b>продукт</b>.,📦,m
une soie,шёлк,Une robe en <b>soie</b>.,Платье из <b>шёлка</b>.,👗,f
dévorer,пожирать,Il a <b>dévoré</b> son repas.,Он <b>проглотил</b> свой обед.,🍽️,v
un drapeau,флаг,Le <b>drapeau</b> du Québec.,<b>Флаг</b> Квебека.,🏳️,m
"muet, muette",немой,Il est resté <b>muet</b>.,Он остался <b>нем</b>.,🤐,adj
un tir,выстрел,J'ai entendu un <b>tir</b>.,Я услышал <b>выстрел</b>.,🔫,m
une pêche,персик; рыбалка,J'adore les <b>pêches</b>.,Я обожаю <b>персики</b>.,🍑,f
une tasse,чашка,Une <b>tasse</b> de café.,<b>Чашка</b> кофе.,☕,f
un talon,каблук; пятка,Mes <b>talons</b> me font mal.,<b>Каблуки</b> меня убивают.,👠,m
un volant,руль,Il tient le <b>volant</b>.,Он держит <b>руль</b>.,🚗,m
un chou,капуста,J'ai fait une soupe au <b>chou</b>.,Я приготовил суп с <b>капустой</b>.,🥬,m
une séance,сеанс; заседание,La <b>séance</b> de cinéma.,Киносеанс.,🎬,f
une cérémonie,церемония,La <b>cérémonie</b> de mariage.,Свадебная <b>церемония</b>.,💒,f
moderne,современный,C'est un appartement <b>moderne</b>.,Это <b>современная</b> квартира.,🏙️,adj
"foutu, foutue",пропащий (разг.),C'est <b>foutu</b> !,Всё <b>пропало</b>!,😤,adj
un placard,шкаф,Range tes affaires dans le <b>placard</b>.,Убери вещи в <b>шкаф</b>.,🚪,m
échouer,терпеть неудачу,J'ai <b>échoué</b> à l'examen.,Я <b>провалил</b> экзамен.,❌,v
une poignée,ручка; горсть,Une <b>poignée</b> de main.,<b>Рукопожатие</b>.,🤝,f
embêter,надоедать,Tu m'<b>embêtes</b>.,Ты мне <b>надоедаешь</b>.,😤,v
électrique,электрический,C'est une voiture <b>électrique</b>.,Это <b>электрический</b> автомобиль.,⚡,adj
persuader,убеждать,Je l'ai <b>persuadé</b> de rester.,Я его <b>убедил</b> остаться.,💬,v
absurde,абсурдный,C'est <b>absurde</b> !,Это <b>абсурд</b>!,🤯,adj
entretenir,поддерживать; содержать,Il <b>entretient</b> sa voiture.,Он <b>следит</b> за своей машиной.,🔧,v
semblable,похожий,Ils sont <b>semblables</b>.,Они <b>похожи</b>.,👯,adj
autoriser,разрешать,Tu es <b>autorisé</b> à entrer.,Тебе <b>разрешено</b> войти.,✅,v
un estomac,желудок,J'ai mal à l'<b>estomac</b>.,У меня болит <b>живот</b>.,🤢,m
une ruine,руины,Les <b>ruines</b> du château.,<b>Руины</b> замка.,🏚️,f
magique,волшебный,C'est un moment <b>magique</b>.,Это <b>волшебный</b> момент.,✨,adj
un métal,металл,C'est fait en <b>métal</b>.,Это сделано из <b>металла</b>.,⚙️,m
un océan,океан,L'<b>océan</b> Atlantique.,<b>Атлантический</b> океан.,🌊,m
exercer,упражнять; практиковать,Il <b>exerce</b> le métier de médecin.,Он <b>практикует</b> как врач.,💼,v
pourvoir,обеспечивать; снабжать,<b>Pourvoir</b> aux besoins de la famille.,<b>Обеспечивать</b> нужды семьи.,💼,v
un défaut,недостаток,Tout le monde a des <b>défauts</b>.,У всех есть <b>недостатки</b>.,⚠️,m
un sel,соль,Passe-moi le <b>sel</b>.,Передай мне <b>соль</b>.,🧂,m
"marrant, marrante",забавный (разг.),C'est <b>marrant</b> !,Это <b>забавно</b>!,😂,adj
un tabac,табак,Il fume du <b>tabac</b>.,Он курит <b>табак</b>.,🚬,m
une permission,разрешение; увольнительная,J'ai demandé la <b>permission</b>.,Я попросил <b>разрешения</b>.,📝,f
raisonnable,разумный,Sois <b>raisonnable</b>.,Будь <b>разумным</b>.,🧠,adj
un sport,спорт,Le hockey est mon <b>sport</b> préféré.,Хоккей — мой любимый <b>спорт</b>.,🏒,m
un plafond,потолок,Le <b>plafond</b> est haut.,<b>Потолок</b> высокий.,🏠,m
une commande,заказ,J'ai passé une <b>commande</b>.,Я сделал <b>заказ</b>.,📦,f
augmenter,увеличивать,Les prix ont <b>augmenté</b>.,Цены <b>выросли</b>.,📈,v
percer,пробивать; прорываться,Il a <b>percé</b> le mur.,Он <b>пробил</b> стену.,🔨,v
consacrer,посвящать,Je <b>consacre</b> ma vie à l'art.,Я <b>посвящаю</b> жизнь искусству.,🎨,v
épargner,сберегать; щадить,<b>Épargne</b>-moi les détails.,<b>Избавь</b> меня от подробностей.,💰,v
publier,публиковать,Il a <b>publié</b> un livre.,Он <b>опубликовал</b> книгу.,📚,v
juillet,июль,"En <b>juillet</b>, il fait chaud.",В <b>июле</b> жарко.,🌞,m
parer,украшать; парировать,<b>Pare</b> le coup !,<b>Отрази</b> удар!,⚔️,v
une auto,машина (разг.),J'ai une nouvelle <b>auto</b>.,У меня новая <b>машина</b>.,🚗,f
user,изнашивать,Mes chaussures sont <b>usées</b>.,Мои туфли <b>изношены</b>.,👟,v
un pilote,пилот,Le <b>pilote</b> d'avion.,<b>Пилот</b> самолёта.,✈️,m
un canard,утка,Le <b>canard</b> nage.,<b>Утка</b> плавает.,🦆,m
une paire,пара,Une <b>paire</b> de chaussures.,<b>Пара</b> туфель.,👟,f
une vertu,добродетель,La patience est une <b>vertu</b>.,Терпение — <b>добродетель</b>.,✨,f
une cabine,кабина,La <b>cabine</b> téléphonique.,Телефонная <b>будка</b>.,📞,f
une merveille,чудо,C'est une <b>merveille</b> !,Это <b>чудо</b>!,✨,f
une veine,вена; везение,Tu as de la <b>veine</b> !,Тебе <b>повезло</b>!,🍀,f
un rocher,скала,Le <b>rocher</b> est énorme.,<b>Скала</b> огромная.,🪨,m
une poudre,порошок; пудра,La <b>poudre</b> à laver.,Стиральный <b>порошок</b>.,🧴,f
une explosion,взрыв,J'ai entendu une <b>explosion</b>.,Я услышал <b>взрыв</b>.,💥,f
un pré,луг,Les vaches sont dans le <b>pré</b>.,Коровы на <b>лугу</b>.,🌾,m
"officiel, officielle",официальный,C'est une annonce <b>officielle</b>.,Это <b>официальное</b> заявление.,📢,adj
"familier, familière",знакомый; фамильярный,Ce visage m'est <b>familier</b>.,Это лицо мне <b>знакомо</b>.,🤔,adj
une tenue,одежда; поведение,Quelle <b>tenue</b> mettre ?,Какую <b>одежду</b> надеть?,👗,f
une intelligence,интеллект; разведка,C'est une preuve d'<b>intelligence</b>.,Это признак <b>ума</b>.,🧠,f
comparer,сравнивать,On ne peut pas <b>comparer</b>.,Нельзя <b>сравнивать</b>.,⚖️,v
une tradition,традиция,C'est une <b>tradition</b> québécoise.,Это квебекская <b>традиция</b>.,🎄,f
"divin, divine",божественный,C'est <b>divin</b> !,Это <b>божественно</b>!,😇,adj
un bloc,блок; квартал,Un <b>bloc</b> de pierre.,<b>Глыба</b> камня.,🧱,m
un sergent,сержант,Le <b>sergent</b> donne les ordres.,<b>Сержант</b> отдаёт приказы.,🪖,m
un filet,сетка; филе,Un <b>filet</b> de pêche.,Рыболовная <b>сеть</b>.,🎣,m
un piano,фортепиано,Je joue du <b>piano</b>.,Я играю на <b>пианино</b>.,🎹,m
"désert, déserte",пустынный,La rue est <b>déserte</b>.,Улица <b>пустынна</b>.,🏜️,adj
une culotte,трусы,Mets une <b>culotte</b> propre.,Надень чистые <b>трусы</b>.,👙,f
"central, centrale",центральный,La gare <b>centrale</b>.,<b>Центральный</b> вокзал.,🚉,adj
soupçonner,подозревать,Je te <b>soupçonne</b> de mentir.,Я <b>подозреваю</b> тебя во лжи.,🤨,v
redevenir,снова становиться,Il est <b>redevenu</b> calme.,Он снова <b>стал</b> спокойным.,🔄,v
une pile,батарейка; стопка,La <b>pile</b> est déchargée.,<b>Батарейка</b> села.,🔋,f
aimable,любезный,Vous êtes très <b>aimable</b>.,Вы очень <b>любезны</b>.,😊,adj
la plupart des,большинство,<b>La plupart des</b> gens sont gentils.,<b>Большинство</b> людей добрые.,👥,adj
enregistrer,записывать; регистрировать,Je vais <b>enregistrer</b> la chanson.,Я <b>запишу</b> песню.,🎙️,v
un lion,лев,Le <b>lion</b> rugit.,<b>Лев</b> рычит.,🦁,m
un sud,юг,J'habite dans le <b>sud</b>.,Я живу на <b>юге</b>.,🧭,m
"urgent, urgente",срочный,C'est <b>urgent</b> !,Это <b>срочно</b>!,🚨,adj
une moustache,усы,Il a une grande <b>moustache</b>.,У него большие <b>усы</b>.,🥸,f
une patrie,родина,Le Québec est ma <b>patrie</b>.,Квебек — моя <b>родина</b>.,🏠,f
un gendarme,жандарм,Le <b>gendarme</b> patrouille.,<b>Жандарм</b> патрулирует.,👮,m
vierge,девственный; чистый,C'est une forêt <b>vierge</b>.,Это <b>девственный</b> лес.,🌲,adj
une cloche,колокол,La <b>cloche</b> sonne.,<b>Колокол</b> звонит.,🔔,f
fondre,плавить; таять,La neige <b>fond</b>.,Снег <b>тает</b>.,❄️,v
un voeu,пожелание; обет,Fais un <b>vœu</b> !,Загадай <b>желание</b>!,⭐,m
un assistant,ассистент,C'est mon <b>assistant</b>.,Это мой <b>ассистент</b>.,👔,m
regagner,вернуться; отвоёвывать,Il a <b>regagné</b> sa place.,Он <b>вернулся</b> на своё место.,🔙,v
un matériel,оборудование,J'ai acheté du <b>matériel</b>.,Я купил <b>оборудование</b>.,🔧,m
dissimuler,скрывать,Il <b>dissimule</b> la vérité.,Он <b>скрывает</b> правду.,🤫,v
un dehors,внешняя сторона,Le <b>dehors</b> est froid.,<b>Снаружи</b> холодно.,🌨️,m
un prétexte,предлог,Sous <b>prétexte</b> de maladie.,Под <b>предлогом</b> болезни.,🤥,m
consulter,консультироваться,<b>Consulte</b> un médecin.,<b>Обратись</b> к врачу.,🩺,v
une télévision,телевизор,Je regarde la <b>télévision</b>.,Я смотрю <b>телевизор</b>.,📺,f
un ascenseur,лифт,Prends l'<b>ascenseur</b>.,Поднимись на <b>лифте</b>.,🛗,m
un enfoiré,мудак (груб.),Quel <b>enfoiré</b> ! (vulgaire),Какой <b>мудак</b>! (груб.),🤬,m
une théorie,теория,C'est juste une <b>théorie</b>.,Это просто <b>теория</b>.,🧪,f
soumettre,подчинять; представлять,Je <b>soumets</b> ma candidature.,Я <b>подаю</b> свою кандидатуру.,📝,v
une instruction,инструкция; образование,Suis les <b>instructions</b>.,Следуй <b>инструкциям</b>.,📋,f
guetter,подстерегать; высматривать,Il <b>guette</b> son arrivée.,Он <b>высматривает</b> её приход.,👀,v
péter,пукать; взрывать (разг.),Il a <b>pété</b> un câble.,Он <b>слетел с катушек</b>.,💨,v
une conséquence,последствие,C'est une <b>conséquence</b> grave.,Это серьёзное <b>последствие</b>.,⚠️,f
un studio,студия,J'habite dans un <b>studio</b>.,Я живу в <b>студии</b>.,🏠,m
divers,различный; разный,Des sujets <b>divers</b>.,<b>Различные</b> темы.,🔀,adj
"divers, diverse",разнообразный,Il y a <b>divers</b> problèmes.,Есть <b>разные</b> проблемы.,📊,adj
extrême,крайний,C'est une mesure <b>extrême</b>.,Это <b>крайняя</b> мера.,⚡,adj
filmer,снимать на видео,On a <b>filmé</b> la scène.,Мы <b>сняли</b> сцену.,🎥,v
"habituel, habituelle",обычный,C'est son comportement <b>habituel</b>.,Это его <b>обычное</b> поведение.,📅,adj
dénoncer,разоблачать; доносить,Il a <b>dénoncé</b> les criminels.,Он <b>разоблачил</b> преступников.,📢,v
guider,направлять; вести,Je vais te <b>guider</b>.,Я тебя <b>проведу</b>.,🧭,v
efforcer,стараться,Je m'<b>efforce</b> de réussir.,Я <b>стараюсь</b> преуспеть.,💪,v
imiter,подражать,Ne l'<b>imite</b> pas.,Не <b>подражай</b> ему.,🎭,v
une offre,предложение,J'ai reçu une <b>offre</b> d'emploi.,Я получил <b>предложение</b> о работе.,📩,f
un humain,человек,L'être <b>humain</b>.,Человеческое <b>существо</b>.,🧑,m
un italien,итальянец,Mon ami est <b>italien</b>.,Мой друг — <b>итальянец</b>.,🇮🇹,m
un ça,это (субст.),Le <b>ça</b> en psychanalyse.,<b>Оно</b> в психоанализе.,🧠,m
"douloureux, douloureuse",болезненный,C'est un souvenir <b>douloureux</b>.,Это <b>болезненное</b> воспоминание.,😢,adj
"royal, royale",королевский,La famille <b>royale</b>.,<b>Королевская</b> семья.,👑,adj
une messe,месса,Il assiste à la <b>messe</b>.,Он присутствует на <b>мессе</b>.,⛪,f
un blessé,раненый,Il y a des <b>blessés</b>.,Есть <b>раненые</b>.,🩹,m
une demi-heure,полчаса,Attends une <b>demi-heure</b>.,Подожди <b>полчаса</b>.,⏰,f
un cadre,рамка; сотрудник,C'est un <b>cadre</b> supérieur.,Он <b>руководитель</b>.,👔,m
une division,деление; отдел,La <b>division</b> du travail.,<b>Разделение</b> труда.,📊,f
exagérer,преувеличивать,Tu <b>exagères</b> !,Ты <b>преувеличиваешь</b>!,🙄,v
vieillir,стареть,On <b>vieillit</b> tous.,Мы все <b>стареем</b>.,👴,v
une comédie,комедия,C'est une <b>comédie</b> drôle.,Это смешная <b>комедия</b>.,😂,f
"amusant, amusante",забавный,C'est <b>amusant</b>.,Это <b>забавно</b>.,😄,adj
une couche,слой; пелёнка,Applique une <b>couche</b> de peinture.,Нанеси <b>слой</b> краски.,🎨,f
un désespoir,отчаяние,Il est au <b>désespoir</b>.,Он в <b>отчаянии</b>.,😩,m
un désordre,беспорядок,Quel <b>désordre</b> !,Какой <b>беспорядок</b>!,🧹,m
un extérieur,внешнее; снаружи,À l'<b>extérieur</b> de la maison.,<b>Снаружи</b> дома.,🏠,m
un adulte,взрослый,C'est un comportement d'<b>adulte</b>.,Это <b>взрослое</b> поведение.,👨,m
une nuque,затылок,J'ai mal à la <b>nuque</b>.,У меня болит <b>затылок</b>.,🤕,f
un jeudi,четверг,On se voit <b>jeudi</b>.,Увидимся в <b>четверг</b>.,📅,m
un impossible,невозможное,Faire l'<b>impossible</b>.,Сделать <b>невозможное</b>.,🚫,m
un crédit,кредит,J'ai pris un <b>crédit</b>.,Я взял <b>кредит</b>.,💳,m
un joueur,игрок,C'est un bon <b>joueur</b>.,Это хороший <b>игрок</b>.,🎮,m
vomir,рвать (тошнота),J'ai envie de <b>vomir</b>.,Меня <b>тошнит</b>.,🤢,v
une culture,культура,La <b>culture</b> québécoise.,Квебекская <b>культура</b>.,🎭,f
une liaison,связь; роман,Ils ont une <b>liaison</b>.,У них <b>связь</b>.,💑,f
troubler,беспокоить; смущать,Ça me <b>trouble</b>.,Это меня <b>смущает</b>.,😳,v
chauffer,нагревать,<b>Chauffe</b> le lait.,<b>Подогрей</b> молоко.,🔥,v
un langage,язык; речь,Le <b>langage</b> des signes.,<b>Язык</b> жестов.,🤟,m
un royaume,королевство,Le <b>royaume</b> de France.,<b>Королевство</b> Франции.,👑,m
une revanche,реванш,Je veux ma <b>revanche</b>.,Я хочу <b>реванш</b>.,💪,f
"exprès, expresse",нарочно,Je l'ai fait <b>exprès</b>.,Я это сделал <b>нарочно</b>.,😏,adj
physique,физический,L'activité <b>physique</b>.,<b>Физическая</b> активность.,💪,adj
un luxe,роскошь,C'est du <b>luxe</b>.,Это <b>роскошь</b>.,💎,m
préciser,уточнять,Je dois <b>préciser</b> une chose.,Мне нужно <b>уточнить</b> одну вещь.,📝,v
un drame,драма,C'est un <b>drame</b> familial.,Это семейная <b>драма</b>.,🎭,m
un enterrement,похороны,J'assiste à un <b>enterrement</b>.,Я присутствую на <b>похоронах</b>.,⚰️,m
un prêt,заём,J'ai demandé un <b>prêt</b> à la banque.,Я попросил <b>кредит</b> в банке.,💳,m
une méthode,метод,C'est une bonne <b>méthode</b>.,Это хороший <b>метод</b>.,📋,f
témoigner,свидетельствовать,Il a <b>témoigné</b> au tribunal.,Он <b>дал показания</b> в суде.,⚖️,v
dépenser,тратить,J'ai <b>dépensé</b> trop d'argent.,Я <b>потратил</b> слишком много денег.,💸,v
transmettre,передавать,<b>Transmets</b>-lui mon message.,<b>Передай</b> ему моё сообщение.,📨,v
un garage,гараж,La voiture est dans le <b>garage</b>.,Машина в <b>гараже</b>.,🚗,m
enfiler,надевать; нанизывать,<b>Enfile</b> ta veste.,<b>Накинь</b> куртку.,🧥,v
une inquiétude,беспокойство,J'ai des <b>inquiétudes</b>.,У меня <b>беспокойства</b>.,😟,f
impressionner,впечатлять,Ça m'a <b>impressionné</b>.,Это меня <b>впечатлило</b>.,🤩,v
continue,"непрерывный, -ая",Une ligne <b>continue</b>.,<b>Сплошная</b> линия.,➖,adj
un com,комментарий; реклама (разг.),C'est de la <b>com</b>.,Это <b>реклама</b>.,📣,m
"assis, assise",сидящий,Reste <b>assis</b>.,Оставайся <b>сидеть</b>.,🪑,adj
une planche,доска,Une <b>planche</b> à découper.,Разделочная <b>доска</b>.,🪵,f
assassiner,убивать,Il a été <b>assassiné</b>.,Он был <b>убит</b>.,⚔️,v
soulager,облегчать,Ce médicament va te <b>soulager</b>.,Это лекарство тебя <b>облегчит</b>.,💊,v
un criminel,преступник,Le <b>criminel</b> a été arrêté.,<b>Преступник</b> был арестован.,👮,m
"doré, dorée",золотой; позолоченный,Un cadre <b>doré</b>.,<b>Золотая</b> рамка.,✨,adj
un jugement,суждение; приговор,Le <b>jugement</b> sera rendu demain.,<b>Приговор</b> будет завтра.,⚖️,m
un flot,поток,Un <b>flot</b> de paroles.,<b>Поток</b> слов.,🌊,m
un exercice,упражнение,Fais cet <b>exercice</b>.,Сделай это <b>упражнение</b>.,📝,m
une dizaine,десяток (около),Une <b>dizaine</b> de personnes.,<b>Около десяти</b> человек.,🔢,f
une vierge,девственница; Дева,La Sainte <b>Vierge</b>.,Святая <b>Дева</b>.,👼,f
un orage,гроза,Il y a un <b>orage</b> ce soir.,Вечером будет <b>гроза</b>.,⛈️,m
une cheminée,камин; дымовая труба,Le feu brûle dans la <b>cheminée</b>.,Огонь горит в <b>камине</b>.,🔥,f
une cible,мишень,J'ai touché la <b>cible</b>.,Я попал в <b>мишень</b>.,🎯,f
incliner,наклонять,<b>Incline</b> la tête.,<b>Наклони</b> голову.,↘️,v
une cravate,галстук,Mets ta <b>cravate</b>.,Надень <b>галстук</b>.,👔,f
"armé, armée",вооружённый,Il est <b>armé</b>.,Он <b>вооружён</b>.,🔫,adj
une tempête,буря,La <b>tempête</b> arrive.,<b>Буря</b> приближается.,🌪️,f
nier,отрицать,Il <b>nie</b> tout.,Он всё <b>отрицает</b>.,🙅,v
moche,уродливый (разг.),C'est <b>moche</b>.,Это <b>уродливо</b>.,😬,adj
luire,сиять,Les étoiles <b>luisent</b>.,Звёзды <b>сияют</b>.,✨,v
une avenue,проспект,L'<b>avenue</b> des Champs-Élysées.,<b>Проспект</b> Елисейских Полей.,🛣️,f
un sacrifice,жертва,C'est un grand <b>sacrifice</b>.,Это большая <b>жертва</b>.,🙏,m
un tuyau,труба; совет (разг.),Le <b>tuyau</b> est bouché.,<b>Труба</b> засорена.,🔧,m
un instinct,инстинкт,Fais confiance à ton <b>instinct</b>.,Доверяй своему <b>инстинкту</b>.,🧠,m
déshabiller,раздевать,<b>Déshabille</b>-toi.,<b>Раздевайся</b>.,👕,v
un regret,сожаление,Je n'ai aucun <b>regret</b>.,У меня нет <b>сожалений</b>.,😔,m
bourrer,набивать,<b>Bourre</b> pas trop le sac.,Не <b>набивай</b> сумку слишком.,📦,v
contacter,связаться,Je vais te <b>contacter</b>.,Я с тобой <b>свяжусь</b>.,📞,v
un incident,инцидент,Il y a eu un <b>incident</b>.,Произошёл <b>инцидент</b>.,⚠️,m
"âgé, âgée",пожилой,Il est <b>âgé</b> de soixante ans.,Ему шестьдесят лет.,👴,adj
un aspect,аспект; вид,C'est un <b>aspect</b> important.,Это важный <b>аспект</b>.,📊,m
un courrier,почта; письмо,J'ai reçu du <b>courrier</b>.,Я получил <b>почту</b>.,📬,m
boucler,застёгивать; завершать,<b>Boucle</b> ta ceinture.,<b>Застегни</b> ремень.,🔒,v
un reflet,отражение,Je vois mon <b>reflet</b>.,Я вижу своё <b>отражение</b>.,🪞,m
un veuf,вдовец,Il est <b>veuf</b>.,Он <b>вдовец</b>.,🖤,m
suspendre,подвешивать; приостанавливать,<b>Suspends</b> ton manteau.,<b>Повесь</b> пальто.,🧥,v
un menteur,лжец,C'est un <b>menteur</b>.,Это <b>лжец</b>.,🤥,m
une vente,продажа,La <b>vente</b> est conclue.,<b>Продажа</b> завершена.,💰,f
soucier,беспокоиться,Ne te <b>soucie</b> pas.,Не <b>волнуйся</b>.,😌,v
populaire,популярный,C'est une chanson <b>populaire</b>.,Это <b>популярная</b> песня.,⭐,adj
"fini, finie",законченный,C'est <b>fini</b>.,Это <b>конец</b>.,🏁,adj
"absolu, absolue",абсолютный,C'est une vérité <b>absolue</b>.,Это <b>абсолютная</b> истина.,💯,adj
un danseur,танцор,C'est un bon <b>danseur</b>.,Он хороший <b>танцор</b>.,💃,m
une armoire,шкаф,L'<b>armoire</b> est pleine.,<b>Шкаф</b> полон.,🪟,f
avant,до; перед,"<b>Avant</b> de partir, vérifie ton passeport.",<b>Перед</b> отъездом проверь паспорт.,⏪,adj
un secteur,сектор,Le <b>secteur</b> privé.,<b>Частный</b> сектор.,📊,m
un chevalier,рыцарь,Le <b>chevalier</b> combat.,<b>Рыцарь</b> сражается.,⚔️,m
un ordinateur,компьютер,Mon <b>ordinateur</b> est lent.,Мой <b>компьютер</b> медленный.,💻,m
un degré,степень; градус,Il fait vingt <b>degrés</b>.,На улице двадцать <b>градусов</b>.,🌡️,m
un suicide,самоубийство,C'est un <b>suicide</b>.,Это <b>самоубийство</b>.,😢,m
une file,очередь; ряд,Mets-toi dans la <b>file</b>.,Встань в <b>очередь</b>.,👥,f
"étonnant, étonnante",удивительный,C'est <b>étonnant</b> !,Это <b>удивительно</b>!,😮,adj
siffler,свистеть,Il sait <b>siffler</b>.,Он умеет <b>свистеть</b>.,🎵,v
"compliqué, compliquée",сложный,C'est <b>compliqué</b>.,Это <b>сложно</b>.,🧩,adj
"direct, directe",прямой,C'est un vol <b>direct</b>.,Это <b>прямой</b> рейс.,✈️,adj
un baron,барон,Le <b>baron</b> du château.,<b>Барон</b> замка.,👑,m
une vengeance,месть,La <b>vengeance</b> est un plat froid.,<b>Месть</b> — блюдо холодное.,😠,f
un musée,музей,Je visite le <b>musée</b>.,Я посещаю <b>музей</b>.,🏛️,m
une émission,передача; выпуск,J'ai regardé une <b>émission</b>.,Я посмотрел <b>передачу</b>.,📺,f
justifier,оправдывать,Je dois <b>justifier</b> ma décision.,Мне нужно <b>оправдать</b> своё решение.,📝,v
emplir,наполнять,La salle s'<b>emplit</b> de monde.,Зал <b>наполняется</b> людьми.,👥,v
un commerce,торговля; магазин,Il tient un <b>commerce</b>.,У него <b>магазин</b>.,🏪,m
une humanité,человечество,L'<b>humanité</b> progresse.,<b>Человечество</b> развивается.,🌍,f
"serré, serrée",тесный; сжатый,Le pantalon est trop <b>serré</b>.,Брюки слишком <b>тесные</b>.,👖,adj
fréquenter,посещать; встречаться,Je <b>fréquente</b> ce café.,Я <b>хожу</b> в это кафе.,☕,v
un jouet,игрушка,L'enfant joue avec son <b>jouet</b>.,Ребёнок играет со своей <b>игрушкой</b>.,🧸,m
"civil, civile",гражданский,La guerre <b>civile</b>.,<b>Гражданская</b> война.,⚔️,adj
approuver,одобрять,J'<b>approuve</b> ta décision.,Я <b>одобряю</b> твоё решение.,👍,v
un citoyen,гражданин,C'est un <b>citoyen</b> canadien.,Это канадский <b>гражданин</b>.,🇨🇦,m
"moral, morale",моральный,C'est un dilemme <b>moral</b>.,Это <b>моральная</b> дилемма.,⚖️,adj
"médical, médicale",медицинский,L'examen <b>médical</b>.,<b>Медицинский</b> осмотр.,🏥,adj
un tiroir,ящик (мебель),Ouvre le <b>tiroir</b>.,Открой <b>ящик</b>.,🗄️,m
déménager,переезжать,Je vais <b>déménager</b>.,Я собираюсь <b>переехать</b>.,📦,v
un pouce,большой палец; дюйм,Lève le <b>pouce</b> !,Подними <b>большой палец</b>!,👍,m
"prisonnier, prisonnière",пленный,Il est <b>prisonnier</b>.,Он <b>в плену</b>.,⛓️,adj
une éternité,вечность,Ça fait une <b>éternité</b>.,Это <b>целая вечность</b>.,♾️,f
un rond,круг; сантим (разг.),Je n'ai pas un <b>rond</b>.,У меня ни <b>гроша</b>.,⭕,m
un crétin,кретин,Quel <b>crétin</b> !,Какой <b>кретин</b>!,🙄,m
un écran,экран,Regarde l'<b>écran</b>.,Смотри на <b>экран</b>.,📺,m
ordinaire,обычный,C'est un jour <b>ordinaire</b>.,Это <b>обычный</b> день.,📅,adj
garer,парковать,<b>Gare</b> la voiture.,<b>Припаркуй</b> машину.,🅿️,v
une union,союз,L'<b>union</b> fait la force.,В <b>единстве</b> — сила.,🤝,f
insulter,оскорблять,Ne m'<b>insulte</b> pas.,Не <b>оскорбляй</b> меня.,😤,v
sacrifier,жертвовать,Il a <b>sacrifié</b> sa vie.,Он <b>пожертвовал</b> жизнью.,🙏,v
"généreux, généreuse",щедрый,Tu es très <b>généreux</b>.,Ты очень <b>щедрый</b>.,🎁,adj
un aéroport,аэропорт,L'<b>aéroport</b> est loin.,<b>Аэропорт</b> далеко.,✈️,m
une villa,вилла,Ils ont une <b>villa</b>.,У них есть <b>вилла</b>.,🏡,f
un blé,пшеница,Le champ de <b>blé</b>.,Пшеничное <b>поле</b>.,🌾,m
fonder,основывать,Il a <b>fondé</b> une entreprise.,Он <b>основал</b> компанию.,🏢,v
sain,здоровый,Un corps <b>sain</b>.,<b>Здоровое</b> тело.,💪,adj
une souris,мышь,La <b>souris</b> d'ordinateur.,Компьютерная <b>мышь</b>.,🖱️,f
un traitement,лечение; обработка,Le <b>traitement</b> est efficace.,<b>Лечение</b> эффективно.,💊,m
emparer,захватывать,Il s'est <b>emparé</b> du pouvoir.,Он <b>захватил</b> власть.,👑,v
une lame,лезвие,La <b>lame</b> est tranchante.,<b>Лезвие</b> острое.,🔪,f
intime,интимный; близкий,C'est un ami <b>intime</b>.,Это <b>близкий</b> друг.,❤️,adj
un appétit,аппетит,Bon <b>appétit</b> !,Приятного <b>аппетита</b>!,🍽️,m
"féminin, féminine",женский,La forme <b>féminine</b>.,<b>Женская</b> форма.,👩,adj
un tissu,ткань,C'est un beau <b>tissu</b>.,Это красивая <b>ткань</b>.,🧵,m
une paille,соломинка; солома,Bois avec une <b>paille</b>.,Пей через <b>соломинку</b>.,🥤,f
un décor,декорация; обстановка,Le <b>décor</b> est magnifique.,<b>Декорации</b> великолепны.,🎭,m
un chapitre,глава,Le premier <b>chapitre</b>.,Первая <b>глава</b>.,📖,m
une boucle,петля; кудря,Une <b>boucle</b> de cheveux.,<b>Локон</b> волос.,💇,f
un seuil,порог,Sur le <b>seuil</b> de la porte.,На <b>пороге</b> двери.,🚪,m
tracer,чертить; прокладывать,<b>Trace</b> une ligne.,<b>Начерти</b> линию.,📏,v
une légende,легенда,C'est une vieille <b>légende</b>.,Это старая <b>легенда</b>.,📜,f
un essai,попытка; очерк,C'est mon premier <b>essai</b>.,Это моя первая <b>попытка</b>.,📝,m
une rive,берег,La <b>rive</b> du fleuve.,<b>Берег</b> реки.,🏞️,f
entreprendre,предпринимать,J'ai <b>entrepris</b> des études.,Я <b>начал</b> учёбу.,🎯,v
un kilo,килограмм,Deux <b>kilos</b> de pommes.,Два <b>килограмма</b> яблок.,⚖️,m
une éducation,образование,L'<b>éducation</b> est importante.,<b>Образование</b> важно.,📚,f
un muscle,мышца,J'ai mal aux <b>muscles</b>.,У меня болят <b>мышцы</b>.,💪,m
un chèque,чек,J'ai fait un <b>chèque</b>.,Я выписал <b>чек</b>.,💳,m
un pédé,гей (груб.),C'est un <b>pédé</b>. (péjoratif),Он <b>гей</b>. (груб.),🏳️‍🌈,m
un poignet,запястье,J'ai mal au <b>poignet</b>.,У меня болит <b>запястье</b>.,🖐️,m
un partenaire,партнёр,C'est mon <b>partenaire</b> d'affaires.,Это мой деловой <b>партнёр</b>.,🤝,m
une libération,освобождение,La <b>libération</b> du pays.,<b>Освобождение</b> страны.,🕊️,f
tailler,резать; стричь,<b>Taille</b> la haie.,<b>Подстриги</b> изгородь.,✂️,v
une barre,палка; брусок,Une <b>barre</b> de chocolat.,<b>Плитка</b> шоколада.,🍫,f
un progrès,прогресс,Tu fais des <b>progrès</b> en français.,Ты делаешь <b>успехи</b> во французском.,📈,m
un pour,за (субст.),Le <b>pour</b> et le contre.,<b>За</b> и против.,⚖️,m
"marié, mariée",женатый; замужем,Il est <b>marié</b>.,Он <b>женат</b>.,💍,adj
une atmosphère,атмосфера,L'<b>atmosphère</b> est tendue.,<b>Атмосфера</b> напряжённая.,🌍,f
traduire,переводить,Je vais <b>traduire</b> ce texte.,Я <b>переведу</b> этот текст.,📝,v
un bâton,палка,Marche avec un <b>bâton</b>.,Иди с <b>палкой</b>.,🥢,m
un grain,зерно,Un <b>grain</b> de sable.,<b>Песчинка</b>.,🌾,m
une pipe,трубка,Il fume la <b>pipe</b>.,Он курит <b>трубку</b>.,🚬,f
"glacé, glacée",ледяной,L'eau est <b>glacée</b>.,Вода <b>ледяная</b>.,❄️,adj
une saloperie,дрянь; гадость (груб.),C'est une vraie <b>saloperie</b>.,Это настоящая <b>дрянь</b>.,🤢,f
un portier,швейцар; вратарь,Le <b>portier</b> garde l'entrée.,<b>Швейцар</b> охраняет вход.,🚪,m
une bougie,свеча,Allume la <b>bougie</b>.,Зажги <b>свечу</b>.,🕯️,f
envisager,рассматривать; планировать,J'<b>envisage</b> de partir.,Я <b>планирую</b> уехать.,🤔,v
une conviction,убеждение,J'ai la <b>conviction</b> que...,"У меня <b>убеждение</b>, что...",💪,f
un bouge,притон; дыра,Ce bar est un vrai <b>bouge</b>.,Этот бар — настоящий <b>притон</b>.,🍺,m
une population,население,La <b>population</b> augmente.,<b>Население</b> растёт.,👥,f
une certitude,уверенность,J'ai la <b>certitude</b> que c'est vrai.,"Я <b>уверен</b>, что это правда.",✅,f
"chinois, chinoise",китайский,La cuisine <b>chinoise</b>.,<b>Китайская</b> кухня.,🥡,adj
réjouir,радовать,Ça me <b>réjouit</b>.,Это меня <b>радует</b>.,😊,v
une évidence,очевидность,C'est une <b>évidence</b>.,Это <b>очевидно</b>.,💡,f
une moto,мотоцикл,Je fais de la <b>moto</b>.,Я езжу на <b>мотоцикле</b>.,🏍️,f
ralentir,замедлять,<b>Ralentis</b> un peu.,<b>Притормози</b> немного.,🐢,v
écrouler,обрушиваться,Le mur s'est <b>écroulé</b>.,Стена <b>обрушилась</b>.,🧱,v
une grange,амбар,La <b>grange</b> est pleine de foin.,<b>Амбар</b> полон сена.,🏚️,f
une salade,салат,Je mange une <b>salade</b>.,Я ем <b>салат</b>.,🥗,f
une pente,склон,La <b>pente</b> est raide.,<b>Склон</b> крутой.,⛷️,f
une barque,лодка,La <b>barque</b> flotte.,<b>Лодка</b> плывёт.,🛶,f
une écriture,письмо; почерк,J'aime ton <b>écriture</b>.,Мне нравится твой <b>почерк</b>.,✍️,f
un voyou,хулиган,C'est un <b>voyou</b>.,Он <b>хулиган</b>.,👊,m
marrer,смеяться (разг.),On s'est bien <b>marrés</b>.,Мы здорово <b>посмеялись</b>.,😂,v
un panier,корзина,Mets ça dans le <b>panier</b>.,Положи это в <b>корзину</b>.,🧺,m
tordre,скручивать,<b>Tords</b> le linge.,<b>Выжми</b> бельё.,🔄,v
gratter,чесать; царапать,Ne <b>gratte</b> pas !,Не <b>чеши</b>!,✋,v
un dessous,низ; нижнее бельё,C'est <b>dessous</b>.,Это <b>внизу</b>.,⬇️,m
un écart,разница; отклонение,L'<b>écart</b> de prix.,<b>Разница</b> в цене.,📊,m
un jus,сок,Un <b>jus</b> d'orange.,Апельсиновый <b>сок</b>.,🍊,m
dérouler,разворачивать,L'action se <b>déroule</b> à Paris.,Действие <b>происходит</b> в Париже.,📜,v
suicider,совершать самоубийство,Il s'est <b>suicidé</b>.,Он <b>покончил с собой</b>.,😢,v
"discret, discrète",скромный; незаметный,Sois <b>discret</b>.,Будь <b>незаметным</b>.,🤫,adj
un sourcil,бровь,Lève les <b>sourcils</b>.,Подними <b>брови</b>.,🤨,m
"espagnol, espagnole",испанский,La langue <b>espagnole</b>.,<b>Испанский</b> язык.,🇪🇸,adj
"familial, familiale",семейный,Une affaire <b>familiale</b>.,<b>Семейное</b> дело.,👨‍👩‍👧,adj
un b,буква Б,Le mot commence par un <b>b</b>.,Слово начинается с <b>б</b>.,🔤,m
"mortel, mortelle",смертельный,C'est une blessure <b>mortelle</b>.,Это <b>смертельная</b> рана.,💀,adj
un nègre,негр (устар.); литнегр,Un <b>nègre</b> littéraire écrit pour d'autres.,<b>Литературный негр</b> пишет за других.,✍️,m
un réveil,будильник; пробуждение,Le <b>réveil</b> sonne.,<b>Будильник</b> звонит.,⏰,m
fixe,неподвижный; фиксированный,Un prix <b>fixe</b>.,<b>Фиксированная</b> цена.,📌,adj
un balcon,балкон,J'ai un <b>balcon</b>.,У меня есть <b>балкон</b>.,🏠,m
pourrir,гнить,Les fruits <b>pourrissent</b>.,Фрукты <b>гниют</b>.,🍎,v
un entretien,собеседование; уход,J'ai un <b>entretien</b> demain.,У меня завтра <b>собеседование</b>.,💼,m
un prochain,ближний,Aime ton <b>prochain</b>.,Возлюби <b>ближнего</b> своего.,❤️,m
un maire,мэр,Le <b>maire</b> de la ville.,<b>Мэр</b> города.,🏛️,m
lâche,трусливый,Ne sois pas <b>lâche</b>.,Не будь <b>трусом</b>.,🐔,adj
un motif,мотив; узор,Quel est le <b>motif</b> ?,Каков <b>мотив</b>?,🤔,m
une vallée,долина,La <b>vallée</b> est magnifique.,<b>Долина</b> великолепна.,🏞️,f
tremper,макать; промокать,<b>Trempe</b> le biscuit.,<b>Обмакни</b> печенье.,🍪,v
concevoir,задумывать; понимать,J'ai du mal à <b>concevoir</b>.,Мне трудно это <b>понять</b>.,🤔,v
"franc, franche",честный; прямой,Sois <b>franc</b> avec moi.,Будь <b>честен</b> со мной.,💬,adj
"cassé, cassée",сломанный,Le verre est <b>cassé</b>.,Стакан <b>разбит</b>.,💔,adj
un télégramme,телеграмма,J'ai reçu un <b>télégramme</b>.,Я получил <b>телеграмму</b>.,📨,m
un écho,эхо,J'entends un <b>écho</b>.,Я слышу <b>эхо</b>.,🔊,m
un équilibre,равновесие,Garde ton <b>équilibre</b>.,Держи <b>равновесие</b>.,⚖️,m
une aiguille,игла; стрелка,L'<b>aiguille</b> de l'horloge.,<b>Стрелка</b> часов.,🕐,f
une galerie,галерея,La <b>galerie</b> d'art.,<b>Галерея</b> искусств.,🖼️,f
balayer,подметать,<b>Balaye</b> le sol.,<b>Подмети</b> пол.,🧹,v
rougir,краснеть,Elle <b>rougit</b> facilement.,Она легко <b>краснеет</b>.,😊,v
une conduite,поведение; вождение,Ta <b>conduite</b> est exemplaire.,Твоё <b>поведение</b> примерное.,✅,f
un voyageur,путешественник,Le <b>voyageur</b> est fatigué.,<b>Путешественник</b> устал.,🧳,m
un scandale,скандал,C'est un <b>scandale</b> !,Это <b>скандал</b>!,😱,m
un cercueil,гроб,Le <b>cercueil</b> est fermé.,<b>Гроб</b> закрыт.,⚰️,m
une couronne,корона,La <b>couronne</b> du roi.,<b>Корона</b> короля.,👑,f
un acier,сталь,C'est en <b>acier</b>.,Это из <b>стали</b>.,🔩,m
déborder,переливаться через край,Le verre <b>déborde</b>.,Стакан <b>переливается</b>.,💧,v
"professionnel, professionnelle",профессиональный,C'est un travail <b>professionnel</b>.,Это <b>профессиональная</b> работа.,💼,adj
un flanc,бок; склон,Le <b>flanc</b> de la montagne.,<b>Склон</b> горы.,⛰️,m
une taule,тюрьма (разг.),Il est en <b>taule</b>.,Он в <b>тюряге</b>.,🔒,f
un véhicule,транспортное средство,C'est un <b>véhicule</b> électrique.,Это <b>электромобиль</b>.,🚗,m
ivre,пьяный,Il est <b>ivre</b>.,Он <b>пьян</b>.,🍺,adj
communiquer,общаться,On doit mieux <b>communiquer</b>.,Нам надо лучше <b>общаться</b>.,💬,v
semer,сеять,<b>Sème</b> des graines.,<b>Посей</b> семена.,🌱,v
une cassette,кассета,J'ai trouvé une vieille <b>cassette</b>.,Я нашёл старую <b>кассету</b>.,📼,f
coiffer,причёсывать,<b>Coiffe</b>-toi.,<b>Причешись</b>.,💇,v
un rein,почка,J'ai mal aux <b>reins</b>.,У меня болит <b>поясница</b>.,🩺,m
courageux,смелый,Tu es très <b>courageux</b>.,Ты очень <b>смелый</b>.,🦁,adj
"courageux, courageuse",храбрый,Tu es <b>courageux</b>.,Ты <b>храбрый</b>.,🦸,adj
renseigner,информировать,Pouvez-vous me <b>renseigner</b> ?,Можете меня <b>проинформировать</b>?,❓,v
une poubelle,мусорное ведро,Jette ça à la <b>poubelle</b>.,Выбрось это в <b>мусорку</b>.,🗑️,f
correspondre,соответствовать; переписываться,Ça ne <b>correspond</b> pas.,Это не <b>соответствует</b>.,✉️,v
une catastrophe,катастрофа,C'est une <b>catastrophe</b> !,Это <b>катастрофа</b>!,😱,f
une protection,защита,La <b>protection</b> de l'environnement.,<b>Защита</b> окружающей среды.,🛡️,f
consoler,утешать,<b>Console</b>-la.,<b>Утешь</b> её.,🤗,v
un ours,медведь,L'<b>ours</b> dort.,<b>Медведь</b> спит.,🐻,m
une tournée,тур; обход,La <b>tournée</b> des bars.,<b>Обход</b> баров.,🍻,f
une dignité,достоинство,Garde ta <b>dignité</b>.,Сохраняй <b>достоинство</b>.,👔,f
une propriété,собственность; свойство,C'est une <b>propriété</b> privée.,Это <b>частная собственность</b>.,🏠,f
"laid, laide",уродливый,C'est <b>laid</b>.,Это <b>уродливо</b>.,😬,adj
une cendre,пепел,Les <b>cendres</b> du feu.,<b>Пепел</b> от огня.,🔥,f
une réputation,репутация,Il a une bonne <b>réputation</b>.,У него хорошая <b>репутация</b>.,⭐,f
sacrer,ругаться (квеб.),Il n'arrête pas de <b>sacrer</b>.,Он не перестаёт <b>ругаться</b>.,🤬,v
un comptoir,стойка; прилавок,Pose ça sur le <b>comptoir</b>.,Положи это на <b>прилавок</b>.,🏪,m
ressortir,выходить снова; выделяться,Les couleurs <b>ressortent</b> bien.,Цвета хорошо <b>выделяются</b>.,🎨,v
un ambassadeur,посол,L'<b>ambassadeur</b> de France.,<b>Посол</b> Франции.,🏛️,m
un individu,индивид; особь,C'est un drôle d'<b>individu</b>.,Это странный <b>тип</b>.,👤,m
un habitant,житель,Les <b>habitants</b> de la ville.,<b>Жители</b> города.,👥,m
un visiteur,посетитель,Le <b>visiteur</b> attend.,<b>Посетитель</b> ждёт.,🚪,m
un cirque,цирк,On va au <b>cirque</b>.,Идём в <b>цирк</b>.,🎪,m
portable,переносной,Un téléphone <b>portable</b>.,<b>Мобильный</b> телефон.,📱,adj
un marin,моряк,Le <b>marin</b> navigue.,<b>Моряк</b> плывёт.,⛵,m
envelopper,заворачивать,<b>Enveloppe</b> le cadeau.,<b>Заверни</b> подарок.,🎁,v
une pause,пауза,Faisons une <b>pause</b>.,Сделаем <b>перерыв</b>.,☕,f
une vivante,живая (субст.),Les morts et les <b>vivantes</b>.,Мёртвые и <b>живые</b>.,💓,f
un vivant,живой; живое существо,C'est un être <b>vivant</b>.,Это <b>живое</b> существо.,🌱,m
une commission,комиссия; поручение,Je dois faire des <b>commissions</b>.,Мне нужно сделать <b>покупки</b>.,🛒,f
un creux,углубление; пустота,J'ai un <b>creux</b>.,Я голоден.,🕳️,m
une ouverture,открытие; отверстие,L'<b>ouverture</b> du magasin.,<b>Открытие</b> магазина.,🚪,f
une communication,коммуникация,La <b>communication</b> est importante.,<b>Коммуникация</b> важна.,💬,f
un marbre,мрамор,Une statue en <b>marbre</b>.,Статуя из <b>мрамора</b>.,🏛️,m
loger,размещать; жить,Où <b>loges</b>-tu ?,Где ты <b>живёшь</b>?,🏠,v
octobre,октябрь,"En <b>octobre</b>, les feuilles tombent.",В <b>октябре</b> падают листья.,🍂,m
une portée,досягаемость; выводок,Hors de <b>portée</b>.,Вне <b>досягаемости</b>.,📏,f
une puce,блоха; чип,La <b>puce</b> électronique.,Электронный <b>чип</b>.,🔌,f
un conseiller,советник,Le <b>conseiller</b> municipal.,<b>Советник</b> мэрии.,👔,m
un carreau,плитка; стекло (окна),Le <b>carreau</b> est cassé.,<b>Стекло</b> разбито.,🪟,m
"régulier, régulière",регулярный,C'est un client <b>régulier</b>.,Это <b>постоянный</b> клиент.,📆,adj
une proposition,предложение,J'ai une <b>proposition</b>.,У меня есть <b>предложение</b>.,💡,f
destiner,предназначать,Ce cadeau t'est <b>destiné</b>.,Этот подарок <b>предназначен</b> тебе.,🎁,v
protester,протестовать,Ils <b>protestent</b> dans la rue.,Они <b>протестуют</b> на улице.,📢,v
"confus, confuse",смущённый; запутанный,Je suis <b>confus</b>.,Я <b>смущён</b>.,😳,adj
un diamant,алмаз,Une bague avec un <b>diamant</b>.,Кольцо с <b>бриллиантом</b>.,💎,m
heurter,ударять; задевать,Il a <b>heurté</b> la table.,Он <b>ударился</b> о стол.,💥,v
torturer,пытать,Ils l'ont <b>torturé</b>.,Его <b>пытали</b>.,😣,v
une magie,магия,C'est de la <b>magie</b>.,Это <b>магия</b>.,🪄,f
une faiblesse,слабость,C'est ma <b>faiblesse</b>.,Это моя <b>слабость</b>.,💔,f
sucer,сосать,<b>Suce</b> le bonbon.,<b>Соси</b> конфету.,🍭,v
une façade,фасад,La <b>façade</b> de l'immeuble.,<b>Фасад</b> здания.,🏢,f
une photographie,фотография,J'adore la <b>photographie</b>.,Я обожаю <b>фотографию</b>.,📷,f
un caillou,камешек,Il a jeté un <b>caillou</b>.,Он бросил <b>камешек</b>.,🪨,m
une lire,лира (валюта),La <b>lire</b> italienne.,Итальянская <b>лира</b>.,💰,f
envier,завидовать,Je t'<b>envie</b>.,Я тебе <b>завидую</b>.,😒,v
situer,располагать,Où est <b>situé</b> le musée ?,Где <b>расположен</b> музей?,📍,v
manifester,проявлять; демонстрировать,Ils <b>manifestent</b> dans la rue.,Они <b>протестуют</b> на улице.,📢,v
éliminer,устранять,<b>Élimine</b> ce problème.,<b>Устрани</b> эту проблему.,❌,v
un suivant,следующий (субст.),Au <b>suivant</b> !,<b>Следующий</b>!,➡️,m
un asile,приют; убежище,Un <b>asile</b> pour réfugiés.,<b>Приют</b> для беженцев.,🏠,m
citer,цитировать,Je vais te <b>citer</b> un exemple.,Я тебе <b>приведу</b> пример.,📝,v
évanouir,терять сознание,Elle s'est <b>évanouie</b>.,Она <b>потеряла сознание</b>.,😵,v
un chinois,китаец,Mon ami est <b>chinois</b>.,Мой друг — <b>китаец</b>.,🇨🇳,m
un document,документ,Signe ce <b>document</b>.,Подпиши этот <b>документ</b>.,📄,m
"fichu, fichue",пропащий (разг.),C'est <b>fichu</b>.,Всё <b>пропало</b>.,😔,adj
un personnel,персонал,Le <b>personnel</b> de l'hôtel.,<b>Персонал</b> отеля.,👥,m
un mouton,баран; овца,Le <b>mouton</b> broute.,<b>Овца</b> пасётся.,🐑,m
raccompagner,провожать,Je vais te <b>raccompagner</b>.,Я тебя <b>провожу</b>.,🚶,v
un élan,порыв; лось,Un <b>élan</b> de générosité.,<b>Порыв</b> щедрости.,💕,m
un foie,печень,J'ai mal au <b>foie</b>.,У меня болит <b>печень</b>.,🩺,m
une formule,формула,La <b>formule</b> magique.,<b>Магическая</b> формула.,🔮,f
une casquette,кепка,Mets ta <b>casquette</b>.,Надень <b>кепку</b>.,🧢,f
une plaisanterie,шутка,C'est une <b>plaisanterie</b>.,Это <b>шутка</b>.,😄,f
un canal,канал,Le <b>canal</b> de Lachine.,Канал <b>Лашин</b>.,🚢,m
un rock,рок (музыка),J'aime le <b>rock</b>.,Я люблю <b>рок</b>.,🎸,m
un arabe,араб; арабский,J'apprends l'<b>arabe</b>.,Я учу <b>арабский</b>.,🇸🇦,m
une ambulance,скорая помощь,Appelez une <b>ambulance</b> !,Вызовите <b>скорую</b>!,🚑,f
une alliance,союз; обручальное кольцо,Notre <b>alliance</b> est solide.,Наш <b>союз</b> крепок.,💍,f
un plomb,свинец; предохранитель,Les <b>plombs</b> ont sauté.,<b>Пробки</b> выбило.,⚡,m
voter,голосовать,Je vais <b>voter</b>.,Я пойду <b>голосовать</b>.,🗳️,v
une échelle,лестница; масштаб,Monte sur l'<b>échelle</b>.,Поднимись по <b>лестнице</b>.,🪜,f
"mouillé, mouillée",мокрый,Je suis tout <b>mouillé</b>.,Я весь <b>мокрый</b>.,💧,adj
cuire,готовить; печь,<b>Cuis</b> le poulet.,<b>Приготовь</b> курицу.,🍳,v
un dépit,досада,En <b>dépit</b> de tout.,<b>Несмотря</b> на всё.,😤,m
délivrer,освобождать; выдавать,<b>Délivre</b>-le !,<b>Освободи</b> его!,🔓,v
une matinée,утро (всё утро),Bonne <b>matinée</b> !,Хорошего <b>утра</b>!,🌅,f
une copie,копия,Fais une <b>copie</b>.,Сделай <b>копию</b>.,📋,f
un traître,предатель,C'est un <b>traître</b>.,Он <b>предатель</b>.,🗡️,m
une section,секция; отдел,La <b>section</b> des jouets.,<b>Отдел</b> игрушек.,🧸,f
un congé,отпуск; выходной,Je suis en <b>congé</b>.,Я в <b>отпуске</b>.,🏖️,m
une enveloppe,конверт,Mets la lettre dans l'<b>enveloppe</b>.,Положи письмо в <b>конверт</b>.,✉️,f
un transport,транспорт,Le <b>transport</b> en commun.,Общественный <b>транспорт</b>.,🚌,m
"quotidien, quotidienne",ежедневный,C'est ma routine <b>quotidienne</b>.,Это мой <b>ежедневный</b> распорядок.,📅,adj
un espion,шпион,C'est un <b>espion</b>.,Он <b>шпион</b>.,🕵️,m
adopter,усыновлять; принимать,Ils ont <b>adopté</b> un enfant.,Они <b>усыновили</b> ребёнка.,👶,v
une profondeur,глубина,La <b>profondeur</b> de l'eau.,<b>Глубина</b> воды.,🌊,f
une piscine,бассейн,Je nage dans la <b>piscine</b>.,Я плаваю в <b>бассейне</b>.,🏊,f
bâtir,строить,<b>Bâtir</b> une maison.,<b>Построить</b> дом.,🏗️,v
une cabane,хижина,Une <b>cabane</b> dans les bois.,<b>Хижина</b> в лесу.,🏚️,f
une agence,агентство,L'<b>agence</b> de voyage.,Туристическое <b>агентство</b>.,🏢,f
un pari,пари,C'est un <b>pari</b>.,Это <b>пари</b>.,🎰,m
un moine,монах,Le <b>moine</b> prie.,<b>Монах</b> молится.,🙏,m
"endormi, endormie",спящий,Il est <b>endormi</b>.,Он <b>спит</b>.,😴,adj
"enculé, enculée",задница (груб.),Quel <b>enculé</b> ! (vulgaire),Какой <b>засранец</b>! (груб.),🤬,adj
une excellence,превосходительство,Votre <b>Excellence</b>.,Ваше <b>превосходительство</b>.,👑,f
un suspect,подозреваемый,Le <b>suspect</b> a été arrêté.,<b>Подозреваемый</b> был арестован.,👮,m
un casque,шлем; наушники,Mets ton <b>casque</b>.,Надень <b>шлем</b>.,⛑️,m
compliquer,усложнять,Ne <b>complique</b> pas les choses.,Не <b>усложняй</b>.,🤯,v
une satisfaction,удовлетворение,Quelle <b>satisfaction</b> !,Какое <b>удовлетворение</b>!,😊,f
une annonce,объявление,J'ai lu une <b>annonce</b>.,Я прочитал <b>объявление</b>.,📢,f
un mandat,мандат; ордер,Le <b>mandat</b> d'arrêt.,Ордер на <b>арест</b>.,📜,m
un incendie,пожар,Il y a un <b>incendie</b>.,Там <b>пожар</b>.,🔥,m
un ticket,билет; чек,J'ai perdu mon <b>ticket</b>.,Я потерял <b>билет</b>.,🎫,m
une flotte,флот,La <b>flotte</b> navigue.,<b>Флот</b> плывёт.,⛵,f
"absent, absente",отсутствующий,Il est <b>absent</b>.,Он <b>отсутствует</b>.,❌,adj
un four,духовка; печь,Mets ça au <b>four</b>.,Поставь это в <b>духовку</b>.,🔥,m
un outil,инструмент,J'ai besoin d'un <b>outil</b>.,Мне нужен <b>инструмент</b>.,🔧,m
geler,замерзать,L'eau a <b>gelé</b>.,Вода <b>замёрзла</b>.,❄️,v
un salaire,зарплата,Mon <b>salaire</b> est bon.,У меня хорошая <b>зарплата</b>.,💰,m
"préféré, préférée",любимый,C'est mon film <b>préféré</b>.,Это мой <b>любимый</b> фильм.,❤️,adj
"tendu, tendue",напряжённый,L'atmosphère est <b>tendue</b>.,Атмосфера <b>напряжённая</b>.,😬,adj
percevoir,воспринимать; получать,Je <b>perçois</b> du bruit.,Я <b>слышу</b> шум.,👂,v
développer,развивать,<b>Développe</b> ton idée.,<b>Развей</b> свою идею.,📈,v
aborder,подходить; затрагивать,J'ai <b>abordé</b> le sujet.,Я <b>затронул</b> тему.,💬,v
"brûlant, brûlante",жгучий; горячий,Le café est <b>brûlant</b>.,Кофе <b>горячий</b>.,☕,adj
jaillir,бить ключом; вырываться,L'eau <b>jaillit</b> de la source.,Вода <b>бьёт</b> из источника.,💦,v
une brique,кирпич,Une maison en <b>briques</b>.,Дом из <b>кирпича</b>.,🧱,f
un mouchoir,платок,Prends un <b>mouchoir</b>.,Возьми <b>платок</b>.,🤧,m
un éclair,молния; эклер,J'ai vu un <b>éclair</b>.,Я видел <b>молнию</b>.,⚡,m
un plus,плюс; преимущество,C'est un <b>plus</b>.,Это <b>плюс</b>.,➕,m
un chanteur,певец,C'est un grand <b>chanteur</b>.,Это великий <b>певец</b>.,🎤,m
une conférence,конференция; лекция,J'assiste à une <b>conférence</b>.,Я присутствую на <b>конференции</b>.,🎤,f
distraire,отвлекать; развлекать,Ne me <b>distrais</b> pas.,Не <b>отвлекай</b> меня.,🎮,v
découper,вырезать; резать,<b>Découpe</b> le papier.,<b>Вырежи</b> из бумаги.,✂️,v
sincère,искренний,C'est une amitié <b>sincère</b>.,Это <b>искренняя</b> дружба.,❤️,adj
déclencher,запускать; провоцировать,Ça a <b>déclenché</b> une crise.,Это <b>спровоцировало</b> кризис.,⚡,v
mardi,вторник,On se voit <b>mardi</b>.,Увидимся во <b>вторник</b>.,📅,m
un carnet,блокнот,Note ça dans ton <b>carnet</b>.,Запиши это в <b>блокнот</b>.,📓,m
émouvoir,трогать; волновать,Ce film m'a <b>ému</b>.,Этот фильм меня <b>тронул</b>.,😢,v
un bol,чашка; миска,Un <b>bol</b> de soupe.,<b>Миска</b> супа.,🥣,m
un brouillard,туман,Il y a du <b>brouillard</b>.,Там <b>туман</b>.,🌫️,m
un t,буква Т,Le mot finit par un <b>t</b>.,Слово заканчивается на <b>т</b>.,🔤,m
décoller,отклеивать; взлетать,L'avion <b>décolle</b>.,Самолёт <b>взлетает</b>.,✈️,v
"connu, connue",известный,C'est un chanteur <b>connu</b>.,Это <b>известный</b> певец.,⭐,adj
une déclaration,заявление,J'ai fait une <b>déclaration</b>.,Я сделал <b>заявление</b>.,📝,f
une précaution,предосторожность,Prends des <b>précautions</b>.,Прими <b>меры предосторожности</b>.,⚠️,f
un couvent,монастырь,Elle vit dans un <b>couvent</b>.,Она живёт в <b>монастыре</b>.,⛪,m
un futur,будущее; жених,Mon <b>futur</b> mari.,Мой <b>будущий</b> муж.,💍,m
un renseignement,справка; информация,J'ai besoin d'un <b>renseignement</b>.,Мне нужна <b>информация</b>.,ℹ️,m
une dette,долг,J'ai une <b>dette</b>.,У меня <b>долг</b>.,💸,f
une crème,крем,La <b>crème</b> glacée.,<b>Мороженое</b>.,🍦,f
un serveur,официант; сервер,Le <b>serveur</b> arrive.,<b>Официант</b> идёт.,🍽️,m
une tente,палатка,On dort sous la <b>tente</b>.,Мы спим в <b>палатке</b>.,⛺,f
un bouquet,букет,Un <b>bouquet</b> de fleurs.,<b>Букет</b> цветов.,💐,m
une collection,коллекция,J'ai une <b>collection</b> de timbres.,У меня <b>коллекция</b> марок.,🎨,f
un vert,зелёный (субст.),Le <b>vert</b> est ma couleur préférée.,<b>Зелёный</b> — мой любимый цвет.,💚,m
"un gouverneur, une gouverneure",губернатор,Le <b>gouverneur</b> du Québec.,<b>Губернатор</b> Квебека.,🏛️,m/f
un puits,колодец,Le <b>puits</b> est profond.,<b>Колодец</b> глубокий.,💧,m
rembourser,возмещать,Je vais te <b>rembourser</b>.,Я тебе <b>верну</b> деньги.,💰,v
une affection,привязанность,J'ai de l'<b>affection</b> pour lui.,Я к нему <b>привязан</b>.,❤️,f
un orgueil,гордость,C'est son <b>orgueil</b> qui parle.,Это говорит его <b>гордыня</b>.,😤,m
un profil,профиль,"De <b>profil</b>, elle est belle.",В <b>профиль</b> она красива.,👤,m
une racine,корень,Les <b>racines</b> de l'arbre.,<b>Корни</b> дерева.,🌳,f
fantastique,фантастический,C'est <b>fantastique</b> !,Это <b>фантастика</b>!,🤩,adj
une canne,трость,Il marche avec une <b>canne</b>.,Он ходит с <b>тростью</b>.,🦯,f
défaire,развязывать; разрушать,<b>Défais</b> le nœud.,<b>Развяжи</b> узел.,🔗,v
un beurre,масло (сливочное),Mets du <b>beurre</b> sur le pain.,Намажь <b>масло</b> на хлеб.,🧈,m
gémir,стонать,Il <b>gémit</b> de douleur.,Он <b>стонет</b> от боли.,😣,v
un cigare,сигара,Il fume un <b>cigare</b>.,Он курит <b>сигару</b>.,🚬,m
tels,такие (м.р.),De <b>tels</b> actes sont inacceptables.,<b>Такие</b> поступки неприемлемы.,👆,adj
un cavalier,всадник,Le <b>cavalier</b> galope.,<b>Всадник</b> скачет.,🏇,m
tiède,тёплый (не горячий),L'eau est <b>tiède</b>.,Вода <b>тёплая</b>.,🌡️,adj
"lumineux, lumineuse",светящийся; яркий,Une idée <b>lumineuse</b>.,<b>Блестящая</b> идея.,💡,adj
une poésie,поэзия,J'aime la <b>poésie</b>.,Я люблю <b>поэзию</b>.,📜,f
un juste,праведник,Les <b>justes</b> seront récompensés.,<b>Праведники</b> будут вознаграждены.,😇,m
un volet,ставня; раздел,Ferme les <b>volets</b>.,Закрой <b>ставни</b>.,🪟,m
encourager,поощрять; воодушевлять,Je t'<b>encourage</b> à continuer.,Я тебя <b>подбадриваю</b> продолжать.,👏,v
un pli,складка; письмо,Le <b>pli</b> du pantalon.,<b>Складка</b> на брюках.,👖,m
précéder,предшествовать,Le jour qui <b>précède</b>.,<b>Предшествующий</b> день.,⏮️,v
une grève,забастовка,Les ouvriers font <b>grève</b>.,Рабочие <b>бастуют</b>.,✊,f
un assaut,штурм; атака,L'<b>assaut</b> a commencé.,<b>Штурм</b> начался.,⚔️,m
"vilain, vilaine",скверный; некрасивый,C'est <b>vilain</b> de mentir.,<b>Нехорошо</b> врать.,😬,adj
un procureur,прокурор,Le <b>procureur</b> accuse.,<b>Прокурор</b> обвиняет.,⚖️,m
un soulier,туфля,J'ai acheté des <b>souliers</b>.,Я купил <b>туфли</b>.,👞,m
une fierté,гордость,C'est ma <b>fierté</b>.,Это моя <b>гордость</b>.,🏆,f
un cuisinier,повар,Le <b>cuisinier</b> prépare le repas.,<b>Повар</b> готовит еду.,👨‍🍳,m
un innocent,невинный,C'est un <b>innocent</b>.,Он <b>невиновен</b>.,😇,m
une brume,дымка; туман,Il y a de la <b>brume</b>.,Есть <b>туман</b>.,🌫️,f
un bonbon,конфета,Tu veux un <b>bonbon</b> ?,Хочешь <b>конфетку</b>?,🍬,m
mépriser,презирать,Je <b>méprise</b> les menteurs.,Я <b>презираю</b> лжецов.,😤,v
"brutal, brutale",жестокий; резкий,C'est un homme <b>brutal</b>.,Это <b>жестокий</b> человек.,😠,adj
écrier,вскрикивать,Elle s'est <b>écriée</b> de joie.,Она <b>вскрикнула</b> от радости.,😲,v
connard,мудак (груб.),Quel <b>connard</b> ! (vulgaire),Какой <b>мудак</b>! (груб.),🤬,adj
"local, locale",местный,C'est un journal <b>local</b>.,Это <b>местная</b> газета.,📰,adj
"pourri, pourrie",гнилой,La pomme est <b>pourrie</b>.,Яблоко <b>гнилое</b>.,🍎,adj
balader,гулять (разг.),Je me <b>balade</b> dans le parc.,Я <b>гуляю</b> в парке.,🚶,v
une panique,паника,Pas de <b>panique</b> !,Без <b>паники</b>!,😱,f
planquer,прятать (разг.),<b>Planque</b> ça !,<b>Спрячь</b> это!,🙈,v
un anneau,кольцо; обруч,Un <b>anneau</b> d'or.,<b>Золотое</b> кольцо.,💍,m
étrangler,душить,Il a essayé de l'<b>étrangler</b>.,Он пытался её <b>задушить</b>.,😰,v
un amoureux,влюблённый,C'est mon <b>amoureux</b>.,Это мой <b>возлюбленный</b>.,❤️,m
un collier,ожерелье; ошейник,Elle porte un <b>collier</b>.,На ней <b>ожерелье</b>.,📿,m
une terreur,террор; ужас,C'est la <b>terreur</b>.,Это <b>террор</b>.,😱,f
telles,такие (ж.р.),De <b>telles</b> histoires sont rares.,<b>Такие</b> истории редки.,👆,adj
"international, internationale",международный,C'est un vol <b>international</b>.,Это <b>международный</b> рейс.,🌍,adj
une exécution,казнь; исполнение,L'<b>exécution</b> du plan.,<b>Исполнение</b> плана.,📋,f
"intact, intacte",нетронутый,C'est <b>intact</b>.,Это <b>нетронуто</b>.,✅,adj
timide,робкий,Elle est <b>timide</b>.,Она <b>робкая</b>.,😳,adj
une littérature,литература,La <b>littérature</b> française.,Французская <b>литература</b>.,📚,f
un large,ширина; открытое море,Prendre le <b>large</b>.,Выйти в <b>открытое море</b>.,🌊,m
"gratuit, gratuite",бесплатный,C'est <b>gratuit</b>.,Это <b>бесплатно</b>.,🆓,adj
"feu, feue",покойный,<b>Feu</b> mon père.,<b>Покойный</b> мой отец.,🕯️,adj
affecter,влиять; назначать,Ça m'a beaucoup <b>affecté</b>.,Это меня сильно <b>задело</b>.,😢,v
atterrir,приземляться,L'avion va <b>atterrir</b>.,Самолёт <b>приземляется</b>.,✈️,v
un opéra,опера,On va à l'<b>opéra</b>.,Идём в <b>оперу</b>.,🎭,m
une pâte,тесто; паста,La <b>pâte</b> à pizza.,<b>Тесто</b> для пиццы.,🍕,f
introduire,вводить; представлять,<b>Introduis</b> la clé.,<b>Вставь</b> ключ.,🔑,v
divorcer,разводиться,Ils ont <b>divorcé</b>.,Они <b>развелись</b>.,💔,v
un hôte,хозяин; гость,L'<b>hôte</b> nous accueille.,<b>Хозяин</b> нас принимает.,🏠,m
un phare,маяк; фара,Le <b>phare</b> brille.,<b>Маяк</b> светит.,🗼,m
une plainte,жалоба,J'ai déposé une <b>plainte</b>.,Я подал <b>жалобу</b>.,📝,f
un espagnol,испанец,Il est <b>espagnol</b>.,Он <b>испанец</b>.,🇪🇸,m
une économie,экономика; экономия,L'<b>économie</b> canadienne.,Канадская <b>экономика</b>.,📈,f
"idéal, idéale",идеальный,C'est <b>idéal</b>.,Это <b>идеально</b>.,✨,adj
grouiller,кишеть,La place <b>grouille</b> de monde.,Площадь <b>кишит</b> людьми.,👥,v
un guide,гид,Le <b>guide</b> nous montre le chemin.,<b>Гид</b> показывает нам путь.,🗺️,m
une revue,журнал; обзор,Je lis une <b>revue</b>.,Я читаю <b>журнал</b>.,📖,f
un règlement,правила; урегулирование,C'est le <b>règlement</b>.,Таковы <b>правила</b>.,📋,m
avril,апрель,"En <b>avril</b>, ne te découvre pas d'un fil.",В <b>апреле</b> не снимай одежду.,🌷,m
une baraque,лачуга; хибара,C'est une vieille <b>baraque</b>.,Это старая <b>хибара</b>.,🏚️,f
défiler,проходить строем; прокручивать,Les soldats <b>défilent</b>.,Солдаты <b>маршируют</b>.,🪖,v
bavarder,болтать,On a <b>bavardé</b> longtemps.,Мы долго <b>болтали</b>.,💬,v
une exception,исключение,C'est une <b>exception</b>.,Это <b>исключение</b>.,⚠️,f
une province,провинция,Le Québec est une <b>province</b>.,Квебек — это <b>провинция</b>.,🗺️,f
une dalle,плита; плитка,La <b>dalle</b> de béton.,<b>Бетонная</b> плита.,🧱,f
"roux, rousse",рыжий,Elle a les cheveux <b>roux</b>.,У неё <b>рыжие</b> волосы.,👩‍🦰,adj
un fiston,сынок (разг.),"Écoute, <b>fiston</b>.","Слушай, <b>сынок</b>.",👦,m
circuler,циркулировать; двигаться,Le sang <b>circule</b>.,Кровь <b>циркулирует</b>.,🔄,v
une panne,поломка,Ma voiture est en <b>panne</b>.,Моя машина <b>сломалась</b>.,🚗,f
redouter,опасаться,Je <b>redoute</b> le pire.,Я <b>опасаюсь</b> худшего.,😰,v
un comportement,поведение,Ton <b>comportement</b> est bizarre.,Твоё <b>поведение</b> странное.,🤔,m
une proie,жертва; добыча,Le lion guette sa <b>proie</b>.,Лев подстерегает <b>добычу</b>.,🦁,f
un passeport,паспорт,Montre ton <b>passeport</b>.,Покажи <b>паспорт</b>.,🛂,m
un magazine,журнал,Je feuillette un <b>magazine</b>.,Я листаю <b>журнал</b>.,📰,m
un neveu,племянник,C'est mon <b>neveu</b>.,Это мой <b>племянник</b>.,👦,m
un clou,гвоздь,Plante le <b>clou</b>.,Забей <b>гвоздь</b>.,🔨,m
féliciter,поздравлять,Je te <b>félicite</b> !,<b>Поздравляю</b> тебя!,🎉,v
une réflexion,размышление,Après <b>réflexion</b>...,После <b>размышления</b>...,🤔,f
une découverte,открытие,C'est une grande <b>découverte</b>.,Это великое <b>открытие</b>.,🔭,f
une cité,город; жилой массив,La <b>cité</b> universitaire.,Студенческий <b>городок</b>.,🏙️,f
un canapé,диван,Assieds-toi sur le <b>canapé</b>.,Садись на <b>диван</b>.,🛋️,m
un wagon,вагон,Le <b>wagon</b> est plein.,<b>Вагон</b> полон.,🚃,m
