French,Russian,ExampleFrench,ExampleRussian,Emoji,WordType
une demeure,жилище; резиденция,Une belle <b>demeure</b>.,Красивое <b>жилище</b>.,🏰,f
une tentative,попытка,C'est ma dernière <b>tentative</b>.,Это моя последняя <b>попытка</b>.,💪,f
pénible,тяжёлый; мучительный,C'est <b>pénible</b>.,Это <b>тяжело</b>.,😓,adj
un portefeuille,бумажник,J'ai perdu mon <b>portefeuille</b>.,Я потерял <b>бумажник</b>.,👛,m
"amer, amère",горький,Le café est <b>amer</b>.,Кофе <b>горький</b>.,☕,adj
un dur,крутой; жёсткий (субст.),Il joue les <b>durs</b>.,Он строит из себя <b>крутого</b>.,💪,m
"dit, dite",называемый; так называемый,La <b>dite</b> personne.,<b>Упомянутое</b> лицо.,📝,adj
un bouquin,книга (разг.),J'ai lu un bon <b>bouquin</b>.,Я прочитал хорошую <b>книжку</b>.,📚,m
un second,второй (субст.),Le <b>second</b> est arrivé.,<b>Второй</b> прибыл.,2️⃣,m
une disparition,исчезновение,La <b>disparition</b> d'un enfant.,<b>Исчезновение</b> ребёнка.,❓,f
apaiser,успокаивать,<b>Apaise</b>-toi.,<b>Успокойся</b>.,😌,v
une perspective,перспектива,C'est une belle <b>perspective</b>.,Это хорошая <b>перспектива</b>.,📈,f
paisible,мирный; спокойный,Un village <b>paisible</b>.,<b>Тихая</b> деревня.,🏡,adj
un oreiller,подушка,Pose ta tête sur l'<b>oreiller</b>.,Положи голову на <b>подушку</b>.,🛏️,m
un soupir,вздох,Il a poussé un <b>soupir</b>.,Он <b>вздохнул</b>.,😔,m
bouleverser,потрясать; опрокидывать,Ça m'a <b>bouleversé</b>.,Это меня <b>потрясло</b>.,😢,v
une médecine,медицина,Il étudie la <b>médecine</b>.,Он изучает <b>медицину</b>.,🏥,f
une communauté,община; сообщество,La <b>communauté</b> francophone.,<b>Франкоязычное</b> сообщество.,👥,f
"musical, musicale",музыкальный,Une comédie <b>musicale</b>.,<b>Мюзикл</b>.,🎵,adj
"grec, grecque",греческий,La cuisine <b>grecque</b>.,<b>Греческая</b> кухня.,🇬🇷,adj
une mémé,бабушка (разг.),Ma <b>mémé</b> fait de bons gâteaux.,Моя <b>бабуля</b> печёт вкусные пироги.,👵,f
modeste,скромный,C'est un homme <b>modeste</b>.,Это <b>скромный</b> человек.,😌,adj
une rigueur,строгость,Avec <b>rigueur</b> et discipline.,Со <b>строгостью</b> и дисциплиной.,📏,f
un mépris,презрение,Il montre du <b>mépris</b>.,Он выказывает <b>презрение</b>.,😤,m
"religieux, religieuse",религиозный,Une cérémonie <b>religieuse</b>.,<b>Религиозная</b> церемония.,⛪,adj
une tension,напряжение,La <b>tension</b> monte.,<b>Напряжение</b> растёт.,😬,f
une chaussette,носок,Mets tes <b>chaussettes</b>.,Надень <b>носки</b>.,🧦,f
une issue,выход; исход,Je cherche une <b>issue</b>.,Я ищу <b>выход</b>.,🚪,f
un permis,разрешение; права,J'ai mon <b>permis</b> de conduire.,У меня есть <b>права</b>.,🪪,m
contrer,противодействовать,<b>Contre</b> son attaque.,<b>Противодействуй</b> его атаке.,🛡️,v
bousculer,толкать,Ne <b>bouscule</b> personne.,Не <b>толкай</b> никого.,👐,v
projeter,проецировать; планировать,On <b>projette</b> un voyage.,Мы <b>планируем</b> поездку.,🗺️,v
une analyse,анализ,L'<b>analyse</b> des données.,<b>Анализ</b> данных.,📊,f
une étape,этап,C'est la première <b>étape</b>.,Это первый <b>этап</b>.,📍,f
dégueulasse,отвратительный (разг.),C'est <b>dégueulasse</b> !,Это <b>отвратительно</b>!,🤢,adj
honorer,почитать,J'<b>honore</b> ma promesse.,Я <b>чту</b> своё обещание.,🏅,v
un vase,ваза,Mets les fleurs dans le <b>vase</b>.,Поставь цветы в <b>вазу</b>.,🏺,m
une vase,ил; тина,Les pieds dans la <b>vase</b>.,Ноги в <b>иле</b>.,🌿,f
une écoute,прослушивание,Je suis à l'<b>écoute</b>.,Я <b>слушаю</b>.,👂,f
"un adjudant, une adjudante",адъютант; прапорщик,L'<b>adjudant</b> donne les ordres.,<b>Прапорщик</b> отдаёт приказы.,🎖️,m/f
procurer,доставать; обеспечивать,Je vais te <b>procurer</b> ça.,Я тебе это <b>достану</b>.,📦,v
un f,буква Ф,Le mot a un <b>f</b> double.,В слове двойная <b>ф</b>.,🔤,m
une ambition,амбиция,Il a de l'<b>ambition</b>.,У него есть <b>амбиции</b>.,🎯,f
un équipage,экипаж,L'<b>équipage</b> du navire.,<b>Экипаж</b> корабля.,⚓,m
une chapelle,часовня,La <b>chapelle</b> du village.,<b>Часовня</b> деревни.,⛪,f
aspirer,стремиться; вдыхать,J'<b>aspire</b> à la liberté.,Я <b>стремлюсь</b> к свободе.,✨,v
séduire,соблазнять; очаровывать,Elle sait <b>séduire</b>.,Она умеет <b>очаровывать</b>.,💫,v
un crayon,карандаш,Prends ton <b>crayon</b>.,Возьми <b>карандаш</b>.,✏️,m
catholique,католический,Une église <b>catholique</b>.,<b>Католическая</b> церковь.,✝️,adj
adorable,очаровательный,Elle est <b>adorable</b>.,Она <b>очаровательна</b>.,🥰,adj
un soupçon,подозрение,J'ai un <b>soupçon</b>.,У меня есть <b>подозрение</b>.,🤔,m
une pilule,таблетка,Prends cette <b>pilule</b>.,Выпей эту <b>таблетку</b>.,💊,f
cuisiner,готовить,J'aime <b>cuisiner</b>.,Я люблю <b>готовить</b>.,👨‍🍳,v
une fac,универ (разг.),Je suis à la <b>fac</b>.,Я в <b>универе</b>.,🎓,f
un liquide,жидкость,C'est un <b>liquide</b> clair.,Это прозрачная <b>жидкость</b>.,💧,m
une plaie,рана,La <b>plaie</b> guérit.,<b>Рана</b> заживает.,🩹,f
une possession,владение,C'est en ma <b>possession</b>.,Это в моём <b>владении</b>.,📜,f
solitaire,одинокий,Il vit en <b>solitaire</b>.,Он живёт <b>одиноко</b>.,🏚️,adj
"final, finale",финальный,La décision <b>finale</b>.,<b>Финальное</b> решение.,🏁,adj
une capitale,столица,Paris est la <b>capitale</b>.,Париж — <b>столица</b>.,🏛️,f
une laine,шерсть,Un pull en <b>laine</b>.,Свитер из <b>шерсти</b>.,🧶,f
recommander,рекомендовать,Je te <b>recommande</b> ce film.,<b>Рекомендую</b> тебе этот фильм.,👍,v
distribuer,раздавать,<b>Distribue</b> les cartes.,<b>Раздай</b> карты.,🃏,v
une bonté,доброта,Merci pour ta <b>bonté</b>.,Спасибо за твою <b>доброту</b>.,❤️,f
un dé,игральная кость,Lance le <b>dé</b>.,Брось <b>кость</b>.,🎲,m
une noce,свадьба,Les invités de la <b>noce</b>.,Гости <b>свадьбы</b>.,💒,f
cueillir,собирать (плоды),<b>Cueille</b> des pommes.,<b>Собери</b> яблоки.,🍎,v
un tube,труба; хит (песня),C'est un <b>tube</b> de l'été.,Это <b>хит</b> лета.,🎵,m
réchauffer,разогревать,<b>Réchauffe</b> le repas.,<b>Разогрей</b> еду.,🍲,v
un poumon,лёгкое,Il a mal aux <b>poumons</b>.,У него болят <b>лёгкие</b>.,🫁,m
une administration,администрация,L'<b>administration</b> de la ville.,<b>Администрация</b> города.,🏢,f
un essentiel,главное,C'est l'<b>essentiel</b>.,Это <b>главное</b>.,⭐,m
un profit,прибыль,Faire du <b>profit</b>.,Получить <b>прибыль</b>.,💰,m
garantir,гарантировать,Je te <b>garantis</b> ça.,Я тебе это <b>гарантирую</b>.,✅,v
une trahison,предательство,C'est une <b>trahison</b>.,Это <b>предательство</b>.,🗡️,f
plaquer,бросать; прижимать,Elle l'a <b>plaqué</b>.,Она его <b>бросила</b>.,💔,v
"extérieur, extérieure",внешний,Le monde <b>extérieur</b>.,<b>Внешний</b> мир.,🌍,adj
réciter,декламировать,<b>Récite</b> le poème.,<b>Продекламируй</b> стихотворение.,📜,v
un labo,лаборатория (разг.),Je travaille au <b>labo</b>.,Я работаю в <b>лабе</b>.,🔬,m
célébrer,праздновать,On va <b>célébrer</b> ton anniversaire.,Мы будем <b>праздновать</b> твой день рождения.,🎉,v
un enthousiasme,энтузиазм,Avec beaucoup d'<b>enthousiasme</b>.,С большим <b>энтузиазмом</b>.,🔥,m
novembre,ноябрь,"En <b>novembre</b>, il fait froid.",В <b>ноябре</b> холодно.,🍂,m
un hippo,бегемот (разг.),L'<b>hippo</b> est dans l'eau.,<b>Бегемот</b> в воде.,🦛,m
un légume,овощ,Mange tes <b>légumes</b>.,Ешь <b>овощи</b>.,🥦,m
une respiration,дыхание,Contrôle ta <b>respiration</b>.,Контролируй <b>дыхание</b>.,🌬️,f
une assemblée,собрание,L'<b>assemblée</b> générale.,<b>Общее собрание</b>.,👥,f
mars,март,"En <b>mars</b>, c'est le printemps.",В <b>марте</b> — весна.,🌸,m
un divorce,развод,Ils demandent le <b>divorce</b>.,Они требуют <b>развод</b>.,💔,m
un maréchal,маршал,Le <b>maréchal</b> commande l'armée.,<b>Маршал</b> командует армией.,⭐,m
ronger,грызть,Le chien <b>ronge</b> l'os.,Собака <b>грызёт</b> кость.,🦴,v
imbécile,идиотский; идиот,Quel <b>imbécile</b> !,Какой <b>идиот</b>!,🙄,adj
suprême,высший,Le pouvoir <b>suprême</b>.,<b>Высшая</b> власть.,👑,adj
un mélange,смесь,C'est un <b>mélange</b> de tout.,Это <b>смесь</b> всего.,🎨,m
une mèche,прядь; фитиль,Une <b>mèche</b> de cheveux.,<b>Прядь</b> волос.,💇,f
une pension,пансион; пенсия,Il touche sa <b>pension</b>.,Он получает <b>пенсию</b>.,💵,f
redescendre,спускаться обратно,Je vais <b>redescendre</b>.,Я <b>спущусь</b> обратно.,⬇️,v
enchanter,очаровывать,<b>Enchanté</b> de vous connaître.,<b>Рад</b> познакомиться.,🤝,v
un cap,мыс; курс,Maintiens le <b>cap</b>.,Держи <b>курс</b>.,🧭,m
doubler,удваивать; обгонять,<b>Double</b> pas ici.,Не <b>обгоняй</b> здесь.,🚗,v
concierge,консьерж,Le <b>concierge</b> de l'immeuble.,<b>Консьерж</b> здания.,🔑,m
une reprise,возобновление,La <b>reprise</b> du travail.,<b>Возобновление</b> работы.,🔄,f
"attentif, attentive",внимательный,Sois <b>attentif</b> en classe.,Будь <b>внимательным</b> на уроке.,👀,adj
touriste,турист,Les <b>touristes</b> visitent la ville.,<b>Туристы</b> осматривают город.,📸,m
"blessé, blessée",раненый,Il est <b>blessé</b>.,Он <b>ранен</b>.,🩹,adj
nocturne,ночной,La vie <b>nocturne</b>.,<b>Ночная</b> жизнь.,🌙,adj
une fureur,ярость,Il est en <b>fureur</b>.,Он в <b>ярости</b>.,😤,f
une hanche,бедро,J'ai mal à la <b>hanche</b>.,У меня болит <b>бедро</b>.,🦵,f
une jalousie,ревность,La <b>jalousie</b> le consume.,<b>Ревность</b> его поедает.,💚,f
un job,работа (разг.),J'ai trouvé un <b>job</b>.,Я нашёл <b>работу</b>.,💼,m
un panneau,панель; табличка,Lis le <b>panneau</b>.,Прочти <b>табличку</b>.,🪧,m
une bite,член (груб.),C'est une grosse <b>bite</b>. (vulgaire),Это большой <b>член</b>. (груб.),🤬,f
une reconnaissance,признательность,Avec toute ma <b>reconnaissance</b>.,С моей <b>признательностью</b>.,🙏,f
un bonhomme,человечек; мужик,Un <b>bonhomme</b> de neige.,<b>Снеговик</b>.,⛄,m
une invitation,приглашение,J'ai reçu une <b>invitation</b>.,Я получил <b>приглашение</b>.,💌,f
effondrer,обрушиваться,Le toit s'est <b>effondré</b>.,Крыша <b>обрушилась</b>.,🏚️,v
boucher,затыкать; закупоривать,<b>Bouche</b> le trou.,<b>Заткни</b> дыру.,🔌,v
un renfort,подкрепление,Les <b>renforts</b> arrivent.,<b>Подкрепление</b> прибывает.,🚔,m
relâcher,отпускать,<b>Relâche</b> le prisonnier.,<b>Отпусти</b> заключённого.,🔓,v
un ouvrage,труд; произведение,C'est un bel <b>ouvrage</b>.,Это прекрасный <b>труд</b>.,📚,m
un oignon,лук,Coupe l'<b>oignon</b>.,Порежь <b>лук</b>.,🧅,m
abîmer,портить,Ne l'<b>abîme</b> pas.,Не <b>порти</b> это.,😬,v
un riz,рис,Un bol de <b>riz</b>.,Миска <b>риса</b>.,🍚,m
pratiquer,практиковать,Je <b>pratique</b> le yoga.,Я <b>практикую</b> йогу.,🧘,v
un char,танк; машина (кан.),Le <b>char</b> avance.,<b>Танк</b> наступает.,🪖,m
un otage,заложник,Ils ont pris des <b>otages</b>.,Они взяли <b>заложников</b>.,⛓️,m
un tronc,ствол,Le <b>tronc</b> de l'arbre.,<b>Ствол</b> дерева.,🌳,m
"suffisant, suffisante",достаточный,C'est <b>suffisant</b>.,Этого <b>достаточно</b>.,✅,adj
procéder,действовать; приступать,Comment <b>procéder</b> ?,Как <b>действовать</b>?,🤔,v
une personnalité,личность,Une forte <b>personnalité</b>.,Сильная <b>личность</b>.,💪,f
un sentier,тропа,Le <b>sentier</b> forestier.,Лесная <b>тропа</b>.,🥾,m
étirer,растягивать,<b>Étire</b>-toi avant le sport.,<b>Потянись</b> перед спортом.,🤸,v
une impatience,нетерпение,Avec <b>impatience</b>.,С <b>нетерпением</b>.,⏳,f
dégoûter,вызывать отвращение,Ça me <b>dégoûte</b>.,Меня это <b>отвращает</b>.,🤢,v
un abruti,дурак; придурок,Quel <b>abruti</b> !,Какой <b>дурак</b>!,🙄,m
une araignée,паук,J'ai peur des <b>araignées</b>.,Я боюсь <b>пауков</b>.,🕷️,f
une plaine,равнина,La <b>plaine</b> s'étend.,<b>Равнина</b> простирается.,🌾,f
"exceptionnel, exceptionnelle",исключительный,Une occasion <b>exceptionnelle</b>.,<b>Исключительный</b> случай.,⭐,adj
un gré,воля,De bon <b>gré</b>.,По доброй <b>воле</b>.,👍,m
préoccuper,беспокоить,Ça me <b>préoccupe</b>.,Это меня <b>беспокоит</b>.,😟,v
un demi-tour,разворот,Fais <b>demi-tour</b>.,Сделай <b>разворот</b>.,↩️,m
un trouble,расстройство,Un <b>trouble</b> mental.,Психическое <b>расстройство</b>.,🧠,m
mercredi,среда,On se voit <b>mercredi</b>.,Увидимся в <b>среду</b>.,📅,m
interminable,бесконечный,Une attente <b>interminable</b>.,<b>Бесконечное</b> ожидание.,♾️,adj
un fumier,навоз; подонок (разг.),Quel <b>fumier</b> !,Какой <b>подонок</b>!,😠,m
monseigneur,монсеньор; ваше высочество,<b>Monseigneur</b> est servi.,"<b>Ваше высочество</b>, подано.",👑,m
un cher,дорогой,<b>Cher</b> ami !,<b>Дорогой</b> друг!,💕,m
une apparition,появление,L'<b>apparition</b> d'un fantôme.,<b>Появление</b> призрака.,👻,f
fourrer,засовывать,<b>Fourre</b> ça dans ton sac.,<b>Засунь</b> это в сумку.,🎒,v
tâcher,стараться,<b>Tâche</b> de réussir.,<b>Постарайся</b> справиться.,💪,v
isoler,изолировать,<b>Isole</b> le malade.,<b>Изолируй</b> больного.,🏠,v
un deuil,траур,Il est en <b>deuil</b>.,Он в <b>трауре</b>.,🖤,m
gérer,управлять,Je <b>gère</b> l'entreprise.,Я <b>управляю</b> компанией.,📊,v
un cuivre,медь,Une casserole en <b>cuivre</b>.,Кастрюля из <b>меди</b>.,🥘,m
une bible,библия,La Sainte <b>Bible</b>.,Святая <b>Библия</b>.,📖,f
un épisode,эпизод,Le dernier <b>épisode</b>.,Последний <b>эпизод</b>.,📺,m
une tomate,помидор,Une salade de <b>tomates</b>.,Салат из <b>помидоров</b>.,🍅,f
une influence,влияние,Il a beaucoup d'<b>influence</b>.,У него большое <b>влияние</b>.,📈,f
empoisonner,отравлять,Il a été <b>empoisonné</b>.,Его <b>отравили</b>.,☠️,v
classique,классический,La musique <b>classique</b>.,<b>Классическая</b> музыка.,🎻,adj
mélanger,смешивать,<b>Mélange</b> bien.,Хорошо <b>перемешай</b>.,🥣,v
une allumette,спичка,Une boîte d'<b>allumettes</b>.,Коробок <b>спичек</b>.,🔥,f
un double,двойник; дубль,C'est son <b>double</b>.,Это его <b>двойник</b>.,👥,m
abuser,злоупотреблять,N'<b>abuse</b> pas de ma patience.,Не <b>злоупотребляй</b> моим терпением.,⚠️,v
un dialogue,диалог,Un <b>dialogue</b> ouvert.,Открытый <b>диалог</b>.,💬,m
une vitrine,витрина,Regarde la <b>vitrine</b>.,Посмотри на <b>витрину</b>.,🏬,f
lécher,лизать,Le chien <b>lèche</b> sa main.,Собака <b>лижет</b> его руку.,🐕,v
recueillir,собирать; приютить,Je l'ai <b>recueilli</b>.,Я его <b>приютил</b>.,🏠,v
quant,касательно (+ à),"<b>Quant</b> à moi, je refuse.","<b>Что касается</b> меня, я отказываюсь.",📌,f
un collège,колледж; средняя школа,Il est au <b>collège</b>.,Он учится в <b>колледже</b>.,🏫,m
un cancer,рак (болезнь),Le <b>cancer</b> du poumon.,<b>Рак</b> лёгких.,🩺,m
un vampire,вампир,Un film de <b>vampires</b>.,Фильм про <b>вампиров</b>.,🧛,m
une flèche,стрела,La <b>flèche</b> a touché la cible.,<b>Стрела</b> попала в цель.,🏹,f
une vaisselle,посуда,Fais la <b>vaisselle</b>.,Помой <b>посуду</b>.,🍽️,f
une pose,поза,Prends la <b>pose</b>.,Прими <b>позу</b>.,📸,f
visible,видимый,C'est à peine <b>visible</b>.,Это едва <b>видимо</b>.,👁️,adj
un carrefour,перекрёсток,Au <b>carrefour</b>.,На <b>перекрёстке</b>.,🚦,m
un damoiseau,юноша (устар.),Le <b>damoiseau</b> courtise la dame.,<b>Юноша</b> ухаживает за дамой.,🤴,m
"élégant, élégante",элегантный,Une robe <b>élégante</b>.,<b>Элегантное</b> платье.,👗,adj
décembre,декабрь,"En <b>décembre</b>, c'est Noël.",В <b>декабре</b> — Рождество.,🎄,m
"un ingénieur, une ingénieure",инженер,Il est <b>ingénieur</b>.,Он <b>инженер</b>.,👷,m/f
un appui,опора,Prends <b>appui</b> sur le mur.,<b>Обопрись</b> о стену.,🤝,m
un serment,клятва,Je fais le <b>serment</b>.,Даю <b>клятву</b>.,🤚,m
romantique,романтический,Une soirée <b>romantique</b>.,<b>Романтический</b> вечер.,💕,adj
un régiment,полк,Le <b>régiment</b> marche.,<b>Полк</b> марширует.,🪖,m
quelconque,какой-нибудь; посредственный,Un prétexte <b>quelconque</b>.,Какой-нибудь <b>предлог</b>.,😐,adj
"ennuyeux, ennuyeuse",скучный,C'est <b>ennuyeux</b>.,Это <b>скучно</b>.,😴,adj
sévère,строгий,Un professeur <b>sévère</b>.,<b>Строгий</b> учитель.,😠,adj
un témoignage,показание; свидетельство,Un <b>témoignage</b> important.,Важное <b>показание</b>.,📝,m
un vendeur,продавец,Le <b>vendeur</b> m'a aidé.,<b>Продавец</b> мне помог.,🛒,m
hocher,кивать,<b>Hoche</b> la tête.,<b>Кивни</b> головой.,🙂,v
une construction,строительство,La <b>construction</b> avance.,<b>Строительство</b> продвигается.,🏗️,f
"définitif, définitive",окончательный,C'est <b>définitif</b>.,Это <b>окончательно</b>.,✅,adj
un commun,общее,Nous avons beaucoup en <b>commun</b>.,У нас много <b>общего</b>.,🤝,m
une indifférence,безразличие,Avec <b>indifférence</b>.,С <b>безразличием</b>.,😐,f
un temple,храм,Le <b>temple</b> ancien.,Древний <b>храм</b>.,🛕,m
un ministère,министерство,Le <b>ministère</b> de la Justice.,<b>Министерство</b> юстиции.,🏛️,m
un particulier,частное лицо,Un <b>particulier</b> vend sa maison.,<b>Частное лицо</b> продаёт дом.,🏠,m
un remords,угрызение совести,Sans aucun <b>remords</b>.,Без угрызений <b>совести</b>.,😔,m
douer,одарять,Il est <b>doué</b> en musique.,Он <b>одарён</b> в музыке.,🎵,v
emballer,упаковывать,<b>Emballe</b> le cadeau.,<b>Упакуй</b> подарок.,🎁,v
consentir,соглашаться,J'y <b>consens</b>.,Я <b>согласен</b>.,👍,v
un tunnel,туннель,Le <b>tunnel</b> est long.,<b>Туннель</b> длинный.,🚇,m
un insecte,насекомое,Un <b>insecte</b> m'a piqué.,<b>Насекомое</b> меня укусило.,🐛,m
saurer,коптить (рыбу),On va <b>saurer</b> le saumon.,Мы будем <b>коптить</b> лосося.,🐟,v
un triomphe,триумф,C'est un <b>triomphe</b>.,Это <b>триумф</b>.,🏆,m
replier,складывать,<b>Replie</b> la carte.,<b>Сложи</b> карту.,🗺️,v
un marquis,маркиз,Le <b>marquis</b> de Sade.,<b>Маркиз</b> де Сад.,👑,m
un grec,грек,Il est <b>grec</b>.,Он <b>грек</b>.,🇬🇷,m
un coiffeur,парикмахер,Va chez le <b>coiffeur</b>.,Сходи к <b>парикмахеру</b>.,💇,m
animer,оживлять,<b>Anime</b> la fête.,<b>Оживи</b> праздник.,🎉,v
apprêter,готовить; подготавливать,Je m'<b>apprête</b> à partir.,Я <b>собираюсь</b> уходить.,🚶,v
janvier,январь,"En <b>janvier</b>, il neige.",В <b>январе</b> идёт снег.,❄️,m
une version,версия,C'est la dernière <b>version</b>.,Это последняя <b>версия</b>.,📱,f
préserver,сохранять,<b>Préserve</b> l'environnement.,<b>Сохраняй</b> окружающую среду.,🌍,v
bondir,прыгать,Le chat <b>bondit</b>.,Кот <b>прыгает</b>.,🐱,v
un savon,мыло,Lave-toi avec du <b>savon</b>.,Мойся с <b>мылом</b>.,🧼,m
une tranchée,траншея,Creuse une <b>tranchée</b>.,Выкопай <b>траншею</b>.,⛏️,f
une réception,приём,La <b>réception</b> de l'hôtel.,<b>Ресепшн</b> отеля.,🏨,f
errer,блуждать,Il <b>erre</b> dans la ville.,Он <b>бродит</b> по городу.,🚶,v
une pub,реклама (разг.),Je déteste la <b>pub</b>.,Я ненавижу <b>рекламу</b>.,📺,f
"actuel, actuelle",текущий; актуальный,La situation <b>actuelle</b>.,<b>Текущая</b> ситуация.,📌,adj
un désastre,катастрофа,C'est un <b>désastre</b>.,Это <b>катастрофа</b>.,💥,m
un pêcheur,рыбак,Le <b>pêcheur</b> lance sa ligne.,<b>Рыбак</b> забрасывает удочку.,🎣,m
clore,закрывать; завершать,La discussion est <b>close</b>.,Дискуссия <b>закрыта</b>.,🔒,v
communiste,коммунистический,Le parti <b>communiste</b>.,<b>Коммунистическая</b> партия.,☭,adj
prolonger,продлевать,<b>Prolonge</b> ton séjour.,<b>Продли</b> пребывание.,➕,v
une signature,подпись,Mets ta <b>signature</b> ici.,Поставь <b>подпись</b> здесь.,✍️,f
une loge,ложа; каморка,La <b>loge</b> du concierge.,<b>Каморка</b> консьержа.,🚪,f
insupportable,невыносимый,C'est <b>insupportable</b>.,Это <b>невыносимо</b>.,😤,adj
une fillette,девочка,La petite <b>fillette</b>.,Маленькая <b>девочка</b>.,👧,f
fasciner,очаровывать,Ce film me <b>fascine</b>.,Этот фильм меня <b>очаровывает</b>.,✨,v
un troupeau,стадо,Un <b>troupeau</b> de vaches.,<b>Стадо</b> коров.,🐄,m
misérable,жалкий,Une vie <b>misérable</b>.,<b>Жалкая</b> жизнь.,😢,adj
une bagarre,драка,Il y a eu une <b>bagarre</b>.,Была <b>драка</b>.,👊,f
trancher,резать; решать,<b>Tranche</b> le pain.,<b>Нарежь</b> хлеб.,🔪,v
une production,производство,La <b>production</b> augmente.,<b>Производство</b> растёт.,🏭,f
ruiner,разорять,La guerre a <b>ruiné</b> le pays.,Война <b>разорила</b> страну.,💸,v
une nécessité,необходимость,C'est une <b>nécessité</b>.,Это <b>необходимость</b>.,❗,f
une bourse,биржа; стипендия,La <b>Bourse</b> de Paris.,Парижская <b>Биржа</b>.,📈,f
un meurtrier,убийца,Le <b>meurtrier</b> a été arrêté.,<b>Убийца</b> был арестован.,🔪,m
une facture,счёт,Paye la <b>facture</b>.,Оплати <b>счёт</b>.,🧾,f
consister,состоять,En quoi <b>consiste</b> le problème ?,В чём <b>состоит</b> проблема?,🤔,v
flatter,льстить,Ne me <b>flatte</b> pas.,Не <b>льсти</b> мне.,😏,v
un humour,юмор,Il a de l'<b>humour</b>.,У него есть <b>юмор</b>.,😂,m
un indice,улика; индекс,Voici un <b>indice</b>.,Вот <b>улика</b>.,🔍,m
une longueur,длина,La <b>longueur</b> du couloir.,<b>Длина</b> коридора.,📏,f
une sauce,соус,Une <b>sauce</b> tomate.,Томатный <b>соус</b>.,🍝,f
un berger,пастух,Le <b>berger</b> garde le troupeau.,<b>Пастух</b> охраняет стадо.,🐑,m
un serviteur,слуга,Votre humble <b>serviteur</b>.,Ваш скромный <b>слуга</b>.,🙇,m
un plancher,пол (деревянный),Le <b>plancher</b> grince.,<b>Пол</b> скрипит.,🪵,m
un virus,вирус,Le <b>virus</b> se propage.,<b>Вирус</b> распространяется.,🦠,m
une peste,чума; зараза,La <b>peste</b> noire.,Чёрная <b>чума</b>.,☠️,f
"occupé, occupée",занятый,Je suis <b>occupé</b>.,Я <b>занят</b>.,🏃,adj
un passager,пассажир,Les <b>passagers</b> du train.,<b>Пассажиры</b> поезда.,🚂,m
un velours,бархат,Un fauteuil en <b>velours</b>.,Кресло из <b>бархата</b>.,🪑,m
"géant, géante",гигантский,Un pas de <b>géant</b>.,<b>Гигантский</b> шаг.,👣,adj
dater,датировать,Le document <b>date</b> de 1900.,Документ <b>датирован</b> 1900 годом.,📅,v
salir,пачкать,Ne <b>salis</b> pas tes vêtements.,Не <b>пачкай</b> одежду.,👕,v
chuchoter,шептать,Il <b>chuchote</b> à mon oreille.,Он <b>шепчет</b> мне на ухо.,🤫,v
un malin,хитрец,C'est un petit <b>malin</b>.,Это маленький <b>хитрец</b>.,😏,m
améliorer,улучшать,<b>Améliore</b> ton français.,<b>Улучшай</b> свой французский.,📈,v
aviser,уведомлять,Je t'<b>aviserai</b>.,Я тебя <b>уведомлю</b>.,📢,v
un car,автобус (междугородний),Prends le <b>car</b>.,Садись на <b>автобус</b>.,🚌,m
acquérir,приобретать,<b>Acquérir</b> de l'expérience.,<b>Приобретать</b> опыт.,📚,v
un duc,герцог,Le <b>duc</b> de Normandie.,<b>Герцог</b> Нормандии.,👑,m
un représentant,представитель,Le <b>représentant</b> commercial.,Торговый <b>представитель</b>.,💼,m
"récent, récente",недавний,Un événement <b>récent</b>.,<b>Недавнее</b> событие.,🕐,adj
surmonter,преодолевать,<b>Surmonte</b> tes peurs.,<b>Преодолей</b> свои страхи.,💪,v
un envers,изнанка,L'<b>envers</b> du décor.,<b>Изнанка</b> декораций.,🎭,m
un cahier,тетрадь,Ouvre ton <b>cahier</b>.,Открой <b>тетрадь</b>.,📓,m
gueuler,орать (разг.),Ne <b>gueule</b> pas !,Не <b>ори</b>!,📢,v
spécialiste,специалист,C'est un <b>spécialiste</b>.,Он <b>специалист</b>.,🎯,m
un obstacle,препятствие,Un <b>obstacle</b> sur la route.,<b>Препятствие</b> на дороге.,🚧,m
une richesse,богатство,La <b>richesse</b> du pays.,<b>Богатство</b> страны.,💎,f
un oubli,забывание,C'est un <b>oubli</b>.,Это <b>упущение</b>.,🤦,m
un chantier,стройка,Le <b>chantier</b> avance.,<b>Стройка</b> продвигается.,🏗️,m
"surpris, surprise",удивлённый,Je suis <b>surpris</b>.,Я <b>удивлён</b>.,😮,adj
une sagesse,мудрость,La <b>sagesse</b> des anciens.,<b>Мудрость</b> древних.,🦉,f
une trouille,страх (разг.),J'ai la <b>trouille</b>.,Мне <b>страшно</b>.,😱,f
un poison,яд,C'est du <b>poison</b>.,Это <b>яд</b>.,☠️,m
un pigeon,голубь,Le <b>pigeon</b> roucoule.,<b>Голубь</b> воркует.,🕊️,m
un foot,футбол (разг.),Je joue au <b>foot</b>.,Я играю в <b>футбол</b>.,⚽,m
un orchestre,оркестр,L'<b>orchestre</b> joue.,<b>Оркестр</b> играет.,🎻,m
sexy,сексуальный,Elle est très <b>sexy</b>.,Она очень <b>сексуальная</b>.,🔥,adj
une chèvre,коза,La <b>chèvre</b> broute.,<b>Коза</b> пасётся.,🐐,f
un bataillon,батальон,Le <b>bataillon</b> avance.,<b>Батальон</b> наступает.,🪖,m
une autorisation,разрешение,J'ai l'<b>autorisation</b>.,У меня есть <b>разрешение</b>.,✅,f
un commentaire,комментарий,Sans <b>commentaire</b>.,Без <b>комментариев</b>.,💬,m
"aérien, aérienne",воздушный,Le transport <b>aérien</b>.,<b>Воздушный</b> транспорт.,✈️,adj
applaudir,аплодировать,Le public <b>applaudit</b>.,Публика <b>аплодирует</b>.,👏,v
injuste,несправедливый,C'est <b>injuste</b>.,Это <b>несправедливо</b>.,😤,adj
accélérer,ускорять,<b>Accélère</b> un peu.,<b>Ускорься</b> немного.,🚀,v
un hall,холл,Le <b>hall</b> de l'hôtel.,<b>Холл</b> отеля.,🏨,m
calculer,вычислять,<b>Calcule</b> le prix.,<b>Вычисли</b> цену.,🔢,v
adversaire,противник,Mon <b>adversaire</b> est fort.,Мой <b>противник</b> силён.,🥊,m
un miel,мёд,Du <b>miel</b> d'érable.,Кленовый <b>мёд</b>.,🍯,m
une conclusion,заключение,En <b>conclusion</b>...,В <b>заключение</b>...,📝,f
une grandeur,величие,La <b>grandeur</b> du pays.,<b>Величие</b> страны.,🏛️,f
une démarche,походка; шаг,Une <b>démarche</b> administrative.,<b>Административные</b> процедуры.,📋,f
"patient, patiente",терпеливый,Sois <b>patient</b>.,Будь <b>терпеливым</b>.,⏳,adj
photographe,фотограф,Le <b>photographe</b> prend une photo.,<b>Фотограф</b> делает снимок.,📷,m
un hommage,почтение,Rendre <b>hommage</b>.,Отдать <b>дань уважения</b>.,🙏,m
ancêtre,предок,Mes <b>ancêtres</b> venaient du Québec.,Мои <b>предки</b> были из Квебека.,👴,m
un coton,хлопок,Une chemise en <b>coton</b>.,Рубашка из <b>хлопка</b>.,👕,m
un symbole,символ,C'est un <b>symbole</b> de paix.,Это <b>символ</b> мира.,☮️,m
une garce,стерва (груб.),Quelle <b>garce</b> !,Какая <b>стерва</b>!,😤,f
admirable,восхитительный,C'est <b>admirable</b>.,Это <b>восхитительно</b>.,✨,adj
une arrestation,арест,L'<b>arrestation</b> du suspect.,<b>Арест</b> подозреваемого.,🚔,f
imprimer,печатать,<b>Imprime</b> le document.,<b>Распечатай</b> документ.,🖨️,v
"effrayant, effrayante",пугающий,C'est <b>effrayant</b>.,Это <b>пугающе</b>.,😱,adj
une vedette,звезда; катер,C'est une <b>vedette</b> du cinéma.,Это кино<b>звезда</b>.,⭐,f
une morale,мораль,La <b>morale</b> de l'histoire.,<b>Мораль</b> истории.,📖,f
une blouse,блузка; халат,Mets ta <b>blouse</b> blanche.,Надень белый <b>халат</b>.,🥼,f
"las, lasse",усталый; утомлённый,Je suis <b>las</b>.,Я <b>устал</b>.,😴,adj
une boisson,напиток,Une <b>boisson</b> fraîche.,Прохладный <b>напиток</b>.,🥤,f
chérir,лелеять,Je <b>chéris</b> ce souvenir.,Я <b>лелею</b> это воспоминание.,❤️,v
une caresse,ласка,Une douce <b>caresse</b>.,Нежная <b>ласка</b>.,🤗,f
un instituteur,учитель (началка),L'<b>instituteur</b> enseigne.,<b>Учитель</b> преподаёт.,👨‍🏫,m
une surveillance,наблюдение,Sous <b>surveillance</b>.,Под <b>наблюдением</b>.,👁️,f
un noeud,узел,Fais un <b>nœud</b>.,Завяжи <b>узел</b>.,🎀,m
rétablir,восстанавливать,<b>Rétablir</b> l'ordre.,<b>Восстановить</b> порядок.,🔧,v
"fatal, fatale",роковой,Une erreur <b>fatale</b>.,<b>Роковая</b> ошибка.,💀,adj
déployer,развёртывать,<b>Déploie</b> les troupes.,<b>Разверни</b> войска.,🪖,v
"ennemi, ennemie",вражеский,Le camp <b>ennemi</b>.,<b>Вражеский</b> лагерь.,⚔️,adj
"infini, infinie",бесконечный,L'univers est <b>infini</b>.,Вселенная <b>бесконечна</b>.,♾️,adj
arroser,поливать,<b>Arrose</b> les plantes.,<b>Полей</b> растения.,🌱,v
mater,подчинять; глазеть (разг.),Arrête de <b>mater</b> !,Хватит <b>пялиться</b>!,👀,v
détective,детектив,Le <b>détective</b> enquête.,<b>Детектив</b> расследует.,🔍,m
une coutume,обычай,C'est une vieille <b>coutume</b>.,Это старый <b>обычай</b>.,🎎,f
un objectif,цель; объектив,Quel est ton <b>objectif</b> ?,Какова твоя <b>цель</b>?,🎯,m
un compliment,комплимент,Merci pour le <b>compliment</b>.,Спасибо за <b>комплимент</b>.,😊,m
tragique,трагический,Une fin <b>tragique</b>.,<b>Трагический</b> конец.,😢,adj
une occupation,занятие; оккупация,Quelle est ton <b>occupation</b> ?,Чем ты <b>занимаешься</b>?,💼,f
un milliard,миллиард,Un <b>milliard</b> de dollars.,<b>Миллиард</b> долларов.,💰,m
une descente,спуск,La <b>descente</b> de police.,Полицейский <b>рейд</b>.,🚔,f
soviétique,советский,L'Union <b>soviétique</b>.,<b>Советский</b> Союз.,☭,adj
une bicyclette,велосипед,Je fais de la <b>bicyclette</b>.,Я катаюсь на <b>велосипеде</b>.,🚲,f
un refus,отказ,Son <b>refus</b> est clair.,Его <b>отказ</b> ясен.,🚫,m
une médaille,медаль,Il a gagné une <b>médaille</b>.,Он выиграл <b>медаль</b>.,🥇,f
un réseau,сеть,Le <b>réseau</b> social.,Социальная <b>сеть</b>.,🌐,m
une cheville,лодыжка,Je me suis tordu la <b>cheville</b>.,Я подвернул <b>лодыжку</b>.,🦶,f
"fabuleux, fabuleuse",сказочный,Une histoire <b>fabuleuse</b>.,<b>Сказочная</b> история.,✨,adj
un for,совесть (for intérieur),Dans mon <b>for</b> intérieur.,В глубине <b>души</b>.,💭,m
reproduire,воспроизводить,<b>Reproduis</b> ce dessin.,<b>Воспроизведи</b> этот рисунок.,🎨,v
une dose,доза,Une <b>dose</b> de médicament.,<b>Доза</b> лекарства.,💊,f
un géant,великан,C'est un <b>géant</b>.,Это <b>великан</b>.,🗿,m
une donne,расклад; раздача,La <b>donne</b> a changé.,<b>Расклад</b> изменился.,🃏,f
un führer,фюрер,Le <b>Führer</b> était un dictateur.,<b>Фюрер</b> был диктатором.,🚫,m
une tendance,тенденция,La nouvelle <b>tendance</b>.,Новая <b>тенденция</b>.,📈,f
une fraîcheur,свежесть,La <b>fraîcheur</b> du matin.,Утренняя <b>свежесть</b>.,🌅,f
une capacité,способность; ёмкость,Il a une grande <b>capacité</b>.,У него большая <b>способность</b>.,🧠,f
une intimité,интимность,Dans l'<b>intimité</b>.,В <b>интимной</b> обстановке.,🤫,f
une grotte,пещера,La <b>grotte</b> est sombre.,<b>Пещера</b> тёмная.,🕳️,f
un thème,тема,Le <b>thème</b> du film.,<b>Тема</b> фильма.,🎬,m
une paume,ладонь,La <b>paume</b> de la main.,<b>Ладонь</b> руки.,🤲,f
fendre,раскалывать,<b>Fends</b> le bois.,<b>Расколи</b> дрова.,🪓,v
un vertige,головокружение,J'ai le <b>vertige</b>.,У меня <b>кружится голова</b>.,😵,m
une philosophie,философия,La <b>philosophie</b> de vie.,<b>Философия</b> жизни.,🤔,f
agacer,раздражать,Ça m'<b>agace</b>.,Это меня <b>раздражает</b>.,😤,v
un abbé,аббат,L'<b>abbé</b> Pierre.,<b>Аббат</b> Пьер.,⛪,m
manoeuvre,манёвр; разнорабочий,Une <b>manœuvre</b> militaire.,Военный <b>манёвр</b>.,🪖,m
succéder,следовать; наследовать,Il <b>succède</b> à son père.,Он <b>наследует</b> отцу.,👑,v
un comble,верх; предел,C'est le <b>comble</b> !,Это <b>предел</b>!,😤,m
écouler,сбывать; протекать,Le temps s'<b>écoule</b>.,Время <b>течёт</b>.,⏳,v
border,окаймлять,Les arbres <b>bordent</b> la route.,Деревья <b>окаймляют</b> дорогу.,🌳,v
"reconnaissant, reconnaissante",благодарный,Je suis <b>reconnaissant</b>.,Я <b>благодарен</b>.,🙏,adj
rude,суровый,Un hiver <b>rude</b>.,<b>Суровая</b> зима.,❄️,adj
une discipline,дисциплина,La <b>discipline</b> militaire.,Военная <b>дисциплина</b>.,📋,f
"chrétien, chrétienne",христианский,La foi <b>chrétienne</b>.,<b>Христианская</b> вера.,✝️,adj
"grossier, grossière",грубый,Un mot <b>grossier</b>.,<b>Грубое</b> слово.,😬,adj
une clinique,клиника,La <b>clinique</b> est proche.,<b>Клиника</b> рядом.,🏥,f
conquérir,завоёвывать,<b>Conquérir</b> le monde.,<b>Завоевать</b> мир.,🌍,v
massacrer,истреблять,Ils ont été <b>massacrés</b>.,Их <b>истребили</b>.,⚔️,v
figer,застывать,Le sang s'est <b>figé</b>.,Кровь <b>застыла</b>.,❄️,v
pincer,щипать,<b>Pince</b>-moi.,<b>Ущипни</b> меня.,🤏,v
sympathique,симпатичный,Il est très <b>sympathique</b>.,Он очень <b>симпатичный</b>.,😊,adj
une élection,выборы,Les <b>élections</b> présidentielles.,Президентские <b>выборы</b>.,🗳️,f
un âne,осёл,L'<b>âne</b> brait.,<b>Осёл</b> кричит.,🫏,m
"rempli, remplie",наполненный,Le verre est <b>rempli</b>.,Стакан <b>полон</b>.,🥛,adj
une ruelle,переулок,Une petite <b>ruelle</b>.,Маленький <b>переулок</b>.,🏘️,f
un chaud,жара; тепло (субст.),Rester au <b>chaud</b>.,Оставаться в <b>тепле</b>.,🔥,m
déboucher,откупоривать; выходить,<b>Débouche</b> la bouteille.,<b>Открой</b> бутылку.,🍾,v
arabe,арабский,La langue <b>arabe</b>.,<b>Арабский</b> язык.,🇸🇦,adj
un barrage,плотина,Le <b>barrage</b> retient l'eau.,<b>Плотина</b> сдерживает воду.,🌊,m
piéger,ставить ловушку,On l'a <b>piégé</b>.,Его <b>поймали в ловушку</b>.,🪤,v
une encre,чернила,L'<b>encre</b> est bleue.,<b>Чернила</b> синие.,🖋️,f
relier,связывать; переплетать,<b>Relie</b> les deux points.,<b>Соедини</b> две точки.,🔗,v
"aigu, aiguë",острый,Une douleur <b>aiguë</b>.,<b>Острая</b> боль.,💢,adj
une perle,жемчужина,Un collier de <b>perles</b>.,Ожерелье из <b>жемчуга</b>.,📿,f
un reproche,упрёк,Sans <b>reproche</b>.,Без <b>упрёка</b>.,🤐,m
un nu,обнажённое тело; ню,Peindre un <b>nu</b>.,Писать <b>обнажённую натуру</b>.,🎨,m
un délire,бред,C'est du <b>délire</b>.,Это <b>бред</b>.,🤯,m
résonner,звучать; резонировать,La cloche <b>résonne</b>.,Колокол <b>звучит</b>.,🔔,v
un obus,снаряд,L'<b>obus</b> a explosé.,<b>Снаряд</b> взорвался.,💥,m
une admiration,восхищение,J'ai de l'<b>admiration</b> pour lui.,Я <b>восхищаюсь</b> им.,✨,f
démolir,сносить,<b>Démolir</b> le bâtiment.,<b>Снести</b> здание.,🏚️,v
un matelas,матрас,Un <b>matelas</b> confortable.,Удобный <b>матрас</b>.,🛏️,m
combler,заполнять; осыпать,Tu me <b>combles</b> de joie.,Ты <b>наполняешь</b> меня радостью.,😊,v
brusque,резкий,Un mouvement <b>brusque</b>.,<b>Резкое</b> движение.,⚡,adj
débattre,обсуждать,On va en <b>débattre</b>.,Мы это <b>обсудим</b>.,💬,v
un stylo,ручка,Prête-moi ton <b>stylo</b>.,Одолжи мне <b>ручку</b>.,🖊️,m
un cent,цент,"C'est pas cher, juste un <b>cent</b>.","Недорого, всего <b>цент</b>.",💰,m
vanter,хвалить; хвастаться,Ne te <b>vante</b> pas.,Не <b>хвастайся</b>.,😏,v
"gamin, gamine",мальчишеский,Un sourire <b>gamin</b>.,<b>Мальчишеская</b> улыбка.,😁,adj
déguiser,переодевать; маскировать,<b>Déguise</b>-toi en pirate.,<b>Переоденься</b> пиратом.,🏴‍☠️,v
basculer,опрокидываться,La chaise a <b>basculé</b>.,Стул <b>опрокинулся</b>.,🪑,v
une combinaison,комбинация; комбинезон,Une <b>combinaison</b> de plongée.,Гидро<b>костюм</b>.,🤿,f
un fonds,фонд; капитал,Un <b>fonds</b> d'investissement.,Инвестиционный <b>фонд</b>.,💰,m
"immédiat, immédiate",немедленный,Un effet <b>immédiat</b>.,<b>Немедленный</b> эффект.,⚡,adj
une saleté,грязь,Quelle <b>saleté</b> !,Какая <b>грязь</b>!,🗑️,f
une récompense,награда,Tu mérites une <b>récompense</b>.,Ты заслуживаешь <b>награду</b>.,🏆,f
une bienvenue,добро пожаловать,<b>Bienvenue</b> au Québec !,<b>Добро пожаловать</b> в Квебек!,🍁,f
"banal, banale",банальный,C'est <b>banal</b>.,Это <b>банально</b>.,😐,adj
un saut,прыжок,Un <b>saut</b> en parachute.,<b>Прыжок</b> с парашютом.,🪂,m
un dégoût,отвращение,Avec <b>dégoût</b>.,С <b>отвращением</b>.,🤢,m
fonctionnaire,госслужащий,Elle est <b>fonctionnaire</b>.,Она <b>госслужащая</b>.,🏛️,m
braquer,наводить; грабить,<b>Braque</b> pas le phare sur moi.,Не <b>направляй</b> фонарь на меня.,🔦,v
une tronche,физиономия (разг.),Quelle <b>tronche</b> !,Вот так <b>рожа</b>!,😬,f
négocier,вести переговоры,<b>Négocie</b> le prix.,<b>Поторгуйся</b> за цену.,🤝,v
"transparent, transparente",прозрачный,Une eau <b>transparente</b>.,<b>Прозрачная</b> вода.,💧,adj
une auberge,постоялый двор,Une <b>auberge</b> de jeunesse.,Молодёжный <b>хостел</b>.,🏨,f
déplaire,не нравиться,Ça me <b>déplaît</b>.,Мне это <b>не нравится</b>.,😒,v
entamer,начинать; надрезать,<b>Entame</b> le gâteau.,<b>Начни</b> торт.,🍰,v
racheter,выкупать,Je vais <b>racheter</b> l'entreprise.,Я <b>выкуплю</b> компанию.,💼,v
un beau-père,тесть; свёкор; отчим,C'est mon <b>beau-père</b>.,Это мой <b>тесть</b>.,👨,m
lisse,гладкий,La surface est <b>lisse</b>.,Поверхность <b>гладкая</b>.,✨,adj
longer,идти вдоль,<b>Longe</b> la rivière.,Иди <b>вдоль</b> реки.,🚶,v
une vapeur,пар,La <b>vapeur</b> s'élève.,<b>Пар</b> поднимается.,💨,f
"pris, prise",взятый; занятый,La place est <b>prise</b>.,Место <b>занято</b>.,🪑,adj
une info,инфо (разг.),J'ai une <b>info</b> pour toi.,У меня есть <b>инфа</b> для тебя.,📰,f
un buisson,куст,Derrière le <b>buisson</b>.,За <b>кустом</b>.,🌿,m
un entraînement,тренировка,L'<b>entraînement</b> est dur.,<b>Тренировка</b> тяжёлая.,🏋️,m
absorber,поглощать,L'éponge <b>absorbe</b> l'eau.,Губка <b>поглощает</b> воду.,🧽,v
une marchandise,товар,La <b>marchandise</b> est arrivée.,<b>Товар</b> прибыл.,📦,f
une tonne,тонна,Une <b>tonne</b> de travail.,<b>Тонна</b> работы.,⚖️,f
égarer,терять; сбивать с пути,J'ai <b>égaré</b> mes clés.,Я <b>потерял</b> ключи.,🔑,v
ultime,последний,L'<b>ultime</b> avertissement.,<b>Последнее</b> предупреждение.,⚠️,adj
"mental, mentale",умственный,La santé <b>mentale</b>.,<b>Психическое</b> здоровье.,🧠,adj
brancher,подключать,<b>Branche</b> le câble.,<b>Подключи</b> кабель.,🔌,v
reparler,снова говорить,On en <b>reparlera</b>.,Мы ещё об этом <b>поговорим</b>.,💬,v
un papillon,бабочка,Le <b>papillon</b> vole.,<b>Бабочка</b> летает.,🦋,m
un grenier,чердак,Monte au <b>grenier</b>.,Поднимись на <b>чердак</b>.,🏠,m
un charbon,уголь,Le <b>charbon</b> brûle.,<b>Уголь</b> горит.,🔥,m
une accusation,обвинение,Une <b>accusation</b> grave.,Серьёзное <b>обвинение</b>.,⚖️,f
un bandit,бандит,Le <b>bandit</b> s'est enfui.,<b>Бандит</b> сбежал.,🦹,m
aligner,выстраивать,<b>Aligne</b> les chaises.,<b>Выстрой</b> стулья.,🪑,v
un jumeau,близнец,C'est mon frère <b>jumeau</b>.,Это мой брат-<b>близнец</b>.,👬,m
un clair,ясность; свет,Tirer au <b>clair</b>.,<b>Прояснить</b>.,💡,m
maîtriser,владеть; контролировать,<b>Maîtrise</b> tes émotions.,<b>Контролируй</b> свои эмоции.,🧘,v
sinistre,зловещий,Un endroit <b>sinistre</b>.,<b>Зловещее</b> место.,👻,adj
un aveu,признание,Faire un <b>aveu</b>.,Сделать <b>признание</b>.,💬,m
humilier,унижать,Ne l'<b>humilie</b> pas.,Не <b>унижай</b> его.,😔,v
une donnée,данные,Les <b>données</b> personnelles.,Личные <b>данные</b>.,💾,f
un éléphant,слон,L'<b>éléphant</b> barrit.,<b>Слон</b> трубит.,🐘,m
une grimace,гримаса,Il fait une <b>grimace</b>.,Он строит <b>гримасу</b>.,😬,f
une allusion,намёк,Faire <b>allusion</b> à quelque chose.,<b>Намекать</b> на что-то.,🤫,f
une ordonnance,рецепт; указ,L'<b>ordonnance</b> du médecin.,<b>Рецепт</b> врача.,📋,f
une remarque,замечание,Une <b>remarque</b> pertinente.,Уместное <b>замечание</b>.,💡,f
abriter,укрывать,Le toit <b>abrite</b> de la pluie.,Крыша <b>укрывает</b> от дождя.,🏠,v
un boche,немец (пренебр.),Les <b>Boches</b> pendant la guerre. (péjoratif),<b>Боши</b> во время войны. (пренебр.),🇩🇪,m
"romain, romaine",римский,L'Empire <b>romain</b>.,<b>Римская</b> империя.,🏛️,adj
un centimètre,сантиметр,Deux <b>centimètres</b>.,Два <b>сантиметра</b>.,📏,m
un bec,клюв,Le <b>bec</b> de l'oiseau.,<b>Клюв</b> птицы.,🐦,m
un carré,квадрат,Un <b>carré</b> parfait.,Идеальный <b>квадрат</b>.,⬜,m
un maximum,максимум,Fais le <b>maximum</b>.,Сделай <b>максимум</b>.,💯,m
un scénario,сценарий,Le <b>scénario</b> du film.,<b>Сценарий</b> фильма.,🎬,m
une civilisation,цивилизация,Une ancienne <b>civilisation</b>.,Древняя <b>цивилизация</b>.,🏛️,f
"un pasteur, une pasteure",пастор,Le <b>pasteur</b> prêche.,<b>Пастор</b> проповедует.,⛪,m/f
dérober,красть,On lui a <b>dérobé</b> son sac.,У него <b>украли</b> сумку.,🎒,v
nouer,завязывать,<b>Noue</b> ta cravate.,<b>Завяжи</b> галстук.,👔,v
une douzaine,дюжина,Une <b>douzaine</b> d'œufs.,<b>Дюжина</b> яиц.,🥚,f
un associé,партнёр (компаньон),Mon <b>associé</b> d'affaires.,Мой деловой <b>партнёр</b>.,🤝,m
une pizza,пицца,Une <b>pizza</b> au fromage.,<b>Пицца</b> с сыром.,🍕,f
un mont,гора,Le <b>Mont</b>-Royal.,<b>Гора</b> Рояль.,⛰️,m
"amical, amicale",дружеский,Une relation <b>amicale</b>.,<b>Дружеские</b> отношения.,🤝,adj
une tragédie,трагедия,Quelle <b>tragédie</b> !,Какая <b>трагедия</b>!,😢,f
un soutien,поддержка,Merci pour ton <b>soutien</b>.,Спасибо за <b>поддержку</b>.,💪,m
un coq,петух,Le <b>coq</b> chante.,<b>Петух</b> кукарекает.,🐓,m
"essentiel, essentielle",существенный,C'est <b>essentiel</b>.,Это <b>существенно</b>.,⭐,adj
un tablier,фартук,Mets ton <b>tablier</b>.,Надень <b>фартук</b>.,👨‍🍳,m
café,кофейный (цвет),Des yeux <b>café</b>.,<b>Кофейные</b> глаза.,☕,adj
cingler,хлестать,Le vent <b>cingle</b> le visage.,Ветер <b>хлещет</b> по лицу.,💨,v
draguer,клеить (разг.); драгировать,Il essaie de me <b>draguer</b>.,Он пытается меня <b>склеить</b>.,😏,v
un bourgeois,буржуа,Un <b>bourgeois</b> du quartier.,<b>Буржуа</b> из квартала.,🎩,m
une sympathie,симпатия,J'ai de la <b>sympathie</b> pour lui.,Я испытываю к нему <b>симпатию</b>.,❤️,f
un remède,лекарство; средство,Un <b>remède</b> contre le rhume.,<b>Средство</b> от простуды.,💊,m
une cervelle,мозг (разг.),Il n'a pas de <b>cervelle</b>.,У него нет <b>мозгов</b>.,🧠,f
un malheureux,несчастный,C'est un <b>malheureux</b>.,Это <b>несчастный</b> человек.,😢,m
pêcher,рыбачить,J'aime <b>pêcher</b> au lac.,Я люблю <b>рыбачить</b> на озере.,🎣,v
une clarté,ясность,La <b>clarté</b> du ciel.,<b>Ясность</b> неба.,☀️,f
un drifter,бродяга; дрифтер,Ce <b>drifter</b> voyage sans but.,Этот <b>бродяга</b> путешествует без цели.,🚗,m
un seau,ведро,Un <b>seau</b> d'eau.,<b>Ведро</b> воды.,🪣,m
un volume,объём; том,Le <b>volume</b> du son.,<b>Громкость</b> звука.,🔊,m
une dimension,размер,Les <b>dimensions</b> de la pièce.,<b>Размеры</b> комнаты.,📐,f
un robot,робот,Le <b>robot</b> fonctionne bien.,<b>Робот</b> работает хорошо.,🤖,m
un stade,стадион; стадия,Le <b>stade</b> olympique.,Олимпийский <b>стадион</b>.,🏟️,m
un salopard,подонок (груб.),Quel <b>salopard</b> !,Какой <b>подонок</b>!,🤬,m
une veuve,вдова,Elle est <b>veuve</b>.,Она <b>вдова</b>.,🖤,f
un possible,возможное,Fais le <b>possible</b>.,Сделай всё <b>возможное</b>.,💯,m
une brigade,бригада,La <b>brigade</b> de police.,Полицейская <b>бригада</b>.,🚔,f
un crépuscule,сумерки,Au <b>crépuscule</b>.,В <b>сумерках</b>.,🌅,m
légitime,законный,C'est une demande <b>légitime</b>.,Это <b>законное</b> требование.,⚖️,adj
une paroi,стенка,La <b>paroi</b> de la grotte.,<b>Стенка</b> пещеры.,🧱,f
"conscient, consciente",сознательный,Il est <b>conscient</b> du danger.,Он <b>осознаёт</b> опасность.,🧠,adj
bander,напрягать; возбуждаться,<b>Bander</b> ses muscles.,<b>Напрягать</b> мышцы.,💪,v
"ravissant, ravissante",восхитительный,Elle est <b>ravissante</b>.,Она <b>восхитительна</b>.,😍,adj
un tailleur,портной; костюм,Le <b>tailleur</b> fait des vêtements.,<b>Портной</b> шьёт одежду.,🪡,m
une dispute,ссора,Après la <b>dispute</b>.,После <b>ссоры</b>.,😤,f
un nid,гнездо,Le <b>nid</b> d'oiseau.,Птичье <b>гнездо</b>.,🪺,m
une touche,клавиша; штрих,La <b>touche</b> du clavier.,<b>Клавиша</b> клавиатуры.,⌨️,f
un parking,парковка,Le <b>parking</b> est plein.,<b>Парковка</b> полна.,🅿️,m
un choeur,хор,Le <b>chœur</b> chante.,<b>Хор</b> поёт.,🎤,m
un pneu,шина,Le <b>pneu</b> est crevé.,<b>Шина</b> спущена.,🚗,m
un accueil,приём; встреча,Un chaleureux <b>accueil</b>.,Тёплый <b>приём</b>.,🤗,m
une autoroute,автострада,Prends l'<b>autoroute</b>.,Выезжай на <b>автостраду</b>.,🛣️,f
"réfléchi, réfléchie",обдуманный,Une décision <b>réfléchie</b>.,<b>Обдуманное</b> решение.,🤔,adj
un couvert,прибор (столовый),Mets les <b>couverts</b>.,Накрой на стол.,🍴,m
tousser,кашлять,Je <b>tousse</b> beaucoup.,Я много <b>кашляю</b>.,😷,v
humble,скромный,Il est très <b>humble</b>.,Он очень <b>скромный</b>.,😌,adj
un lot,партия; лот,Un <b>lot</b> de marchandises.,<b>Партия</b> товара.,📦,m
efficace,эффективный,Un remède <b>efficace</b>.,<b>Эффективное</b> средство.,💊,adj
un calcul,расчёт,Un <b>calcul</b> mental.,Устный <b>расчёт</b>.,🔢,m
un massacre,резня,Quel <b>massacre</b> !,Какая <b>бойня</b>!,⚔️,m
une indépendance,независимость,L'<b>indépendance</b> du pays.,<b>Независимость</b> страны.,🗽,f
"coupé, coupée",обрезанный,La ligne est <b>coupée</b>.,Связь <b>прервана</b>.,📵,adj
"correct, correcte",правильный,C'est <b>correct</b>.,Это <b>правильно</b>.,✅,adj
"criminel, criminelle",преступный,Un acte <b>criminel</b>.,<b>Преступное</b> деяние.,🔒,adj
"mondial, mondiale",мировой,La guerre <b>mondiale</b>.,<b>Мировая</b> война.,🌍,adj
une espérance,надежда,L'<b>espérance</b> de vie.,Продолжительность <b>жизни</b>.,❤️,f
un frigo,холодильник (разг.),Mets ça au <b>frigo</b>.,Положи это в <b>холодильник</b>.,🧊,m
un valet,лакей; валет,Le <b>valet</b> de chambre.,<b>Лакей</b>.,🃏,m
une batterie,батарея; барабаны,La <b>batterie</b> est vide.,<b>Батарея</b> разряжена.,🔋,f
un vice,порок,C'est son <b>vice</b>.,Это его <b>порок</b>.,😈,m
un cerf,олень,Le <b>cerf</b> court.,<b>Олень</b> бежит.,🦌,m
une mousse,пена; мох,La <b>mousse</b> de bière.,Пивная <b>пена</b>.,🍺,f
assommer,оглушать,Il l'a <b>assommé</b>.,Он его <b>оглушил</b>.,💫,v
"indifférent, indifférente",безразличный,Il reste <b>indifférent</b>.,Он остаётся <b>безразличным</b>.,😐,adj
expédier,отправлять,<b>Expédie</b> le colis.,<b>Отправь</b> посылку.,📮,v
une destruction,разрушение,La <b>destruction</b> totale.,Полное <b>разрушение</b>.,💥,f
"abandonné, abandonnée",заброшенный,Une maison <b>abandonnée</b>.,<b>Заброшенный</b> дом.,🏚️,adj
une alarme,тревога,L'<b>alarme</b> sonne.,<b>Сигнализация</b> звучит.,🚨,f
une vocation,призвание,C'est ma <b>vocation</b>.,Это моё <b>призвание</b>.,💫,f
un murmure,шёпот,Un <b>murmure</b> à l'oreille.,<b>Шёпот</b> на ухо.,🤫,m
ramper,ползать,Le bébé <b>rampe</b>.,Малыш <b>ползает</b>.,🐛,v
un passant,прохожий,Un <b>passant</b> m'a aidé.,<b>Прохожий</b> мне помог.,🚶,m
un jet,струя,Un <b>jet</b> d'eau.,<b>Струя</b> воды.,💧,m
un sapin,ель,Le <b>sapin</b> de Noël.,Рождественская <b>ёлка</b>.,🎄,m
un engagement,обязательство,J'ai pris un <b>engagement</b>.,Я взял на себя <b>обязательство</b>.,📝,m
une électricité,электричество,Pas d'<b>électricité</b>.,Нет <b>электричества</b>.,⚡,f
une barrière,барьер,Passe la <b>barrière</b>.,Перейди <b>барьер</b>.,🚧,f
un boeuf,бык; говядина,Un steak de <b>bœuf</b>.,Бифштекс из <b>говядины</b>.,🥩,m
un promis,жених; обещанный,C'est mon <b>promis</b>.,Это мой <b>жених</b>.,💍,m
"honteux, honteuse",постыдный,C'est <b>honteux</b>.,Это <b>постыдно</b>.,😳,adj
glacer,леденить,Son regard m'a <b>glacé</b>.,Его взгляд меня <b>заморозил</b>.,❄️,v
un tonnerre,гром,Le <b>tonnerre</b> gronde.,<b>Гром</b> гремит.,⛈️,m
pratique,практичный,C'est très <b>pratique</b>.,Это очень <b>практично</b>.,👍,adj
une marge,поле (страницы); маржа,Écris dans la <b>marge</b>.,Пиши на <b>полях</b>.,📄,f
une torture,пытка,C'est une <b>torture</b>.,Это <b>пытка</b>.,😣,f
une ardeur,пыл,Avec <b>ardeur</b>.,С <b>пылом</b>.,🔥,f
une marée,прилив,La <b>marée</b> monte.,<b>Прилив</b> наступает.,🌊,f
un pareil,подобный; такой же,C'est du <b>pareil</b> au même.,<b>Одно и то же</b>.,🟰,m
débile,дебильный (разг.),C'est <b>débile</b>.,Это <b>тупо</b>.,🙄,adj
une mairie,мэрия,La <b>mairie</b> de la ville.,<b>Мэрия</b> города.,🏛️,f
"suspect, suspecte",подозрительный,Une personne <b>suspecte</b>.,<b>Подозрительный</b> человек.,🤨,adj
"enfantin, enfantine",детский,Un jeu <b>enfantin</b>.,<b>Детская</b> игра.,🧸,adj
revivre,оживать,Je me sens <b>revivre</b>.,"Я чувствую, что <b>оживаю</b>.",🌱,v
un aîné,старший (ребёнок),C'est l'<b>aîné</b> de la famille.,Это <b>старший</b> в семье.,👦,m
un machin,штуковина (разг.),Passe-moi ce <b>machin</b>.,Дай мне эту <b>штуковину</b>.,🔧,m
un organe,орган,Un <b>organe</b> vital.,Жизненно важный <b>орган</b>.,❤️,m
évacuer,эвакуировать,<b>Évacuez</b> le bâtiment.,<b>Эвакуируйте</b> здание.,🚪,v
un pétrole,нефть,Le prix du <b>pétrole</b>.,Цена на <b>нефть</b>.,🛢️,m
une venue,приход,Depuis sa <b>venue</b>.,С его <b>прихода</b>.,👋,f
vidéo,видео,Une caméra <b>vidéo</b>.,<b>Видео</b>камера.,📹,adj
un laboratoire,лаборатория,Le <b>laboratoire</b> de recherche.,Исследовательская <b>лаборатория</b>.,🔬,m
limiter,ограничивать,<b>Limite</b> les dépenses.,<b>Ограничь</b> расходы.,📉,v
une fontaine,фонтан,La <b>fontaine</b> coule.,<b>Фонтан</b> течёт.,⛲,f
un musicien,музыкант,Un <b>musicien</b> talentueux.,Талантливый <b>музыкант</b>.,🎵,m
une intervention,вмешательство,Une <b>intervention</b> chirurgicale.,Хирургическое <b>вмешательство</b>.,🏥,f
une innocence,невинность,Prouver son <b>innocence</b>.,Доказать свою <b>невиновность</b>.,😇,f
grogner,ворчать; рычать,Le chien <b>grogne</b>.,Собака <b>рычит</b>.,🐕,v
attarder,задерживаться,Ne t'<b>attarde</b> pas.,Не <b>задерживайся</b>.,⏰,v
un blouson,куртка,Mets ton <b>blouson</b>.,Надень <b>куртку</b>.,🧥,m
un ruban,лента,Un <b>ruban</b> rouge.,Красная <b>лента</b>.,🎀,m
un portail,ворота; портал,Le <b>portail</b> s'ouvre.,<b>Ворота</b> открываются.,🚪,m
confortable,удобный,Un fauteuil <b>confortable</b>.,<b>Удобное</b> кресло.,🛋️,adj
un tireur,стрелок,Un bon <b>tireur</b>.,Хороший <b>стрелок</b>.,🎯,m
un ruisseau,ручей,Le <b>ruisseau</b> coule.,<b>Ручей</b> течёт.,🏞️,m
provenir,происходить,D'où <b>provient</b> ce bruit ?,Откуда <b>исходит</b> этот шум?,🤔,v
orner,украшать,<b>Orne</b> le sapin.,<b>Укрась</b> ёлку.,🎄,v
gronder,ругать; грохотать,Papa me <b>gronde</b>.,Папа меня <b>ругает</b>.,😠,v
émerger,всплывать,La vérité <b>émerge</b>.,Правда <b>всплывает</b>.,💡,v
paniquer,паниковать,Ne <b>panique</b> pas !,Не <b>паникуй</b>!,😱,v
man,чувак (англ.),"Salut, <b>man</b> !","Привет, <b>чувак</b>!",🤙,m
désespérer,отчаиваться,Ne <b>désespère</b> pas.,Не <b>отчаивайся</b>.,😔,v
désagréable,неприятный,Une odeur <b>désagréable</b>.,<b>Неприятный</b> запах.,😒,adj
choquer,шокировать,Ça m'a <b>choqué</b>.,Это меня <b>шокировало</b>.,😲,v
une banlieue,пригород,La <b>banlieue</b> de Paris.,<b>Пригород</b> Парижа.,🏘️,f
"impatient, impatiente",нетерпеливый,Je suis <b>impatient</b>.,Я <b>нетерпелив</b>.,⏳,adj
un chariot,тележка,Le <b>chariot</b> de courses.,Продуктовая <b>тележка</b>.,🛒,m
un défi,вызов,C'est un <b>défi</b>.,Это <b>вызов</b>.,💪,m
une ressource,ресурс,Les <b>ressources</b> naturelles.,Природные <b>ресурсы</b>.,🌲,f
volontaire,добровольный,Un acte <b>volontaire</b>.,<b>Добровольный</b> поступок.,🙋,adj
un index,указатель; индекс,L'<b>index</b> du livre.,<b>Указатель</b> книги.,📖,m
convoquer,вызывать; созывать,On m'a <b>convoqué</b>.,Меня <b>вызвали</b>.,📩,v
un département,департамент; отдел,Le <b>département</b> des ventes.,<b>Отдел</b> продаж.,🏢,m
faucher,косить; красть (разг.),On m'a <b>fauché</b> mon vélo.,У меня <b>украли</b> велосипед.,🚲,v
une tribu,племя,Une <b>tribu</b> africaine.,Африканское <b>племя</b>.,🏕️,f
une guitare,гитара,Jouer de la <b>guitare</b>.,Играть на <b>гитаре</b>.,🎸,f
un sous-titre,субтитр,Le film a des <b>sous-titres</b>.,Фильм с <b>субтитрами</b>.,📝,m
indispensable,необходимый,C'est <b>indispensable</b>.,Это <b>необходимо</b>.,❗,adj
"précédent, précédente",предыдущий,Le jour <b>précédent</b>.,<b>Предыдущий</b> день.,⏮️,adj
une onde,волна,Les <b>ondes</b> radio.,Радио<b>волны</b>.,📻,f
une répétition,репетиция; повторение,La <b>répétition</b> du spectacle.,<b>Репетиция</b> спектакля.,🎭,f
un proche,близкий человек,Mes <b>proches</b>.,Мои <b>близкие</b>.,👨‍👩‍👧,m
une tire,машина (кан. разг.),Belle <b>tire</b> !,Красивая <b>тачка</b>!,🚗,f
lasser,утомлять; надоедать,Ça me <b>lasse</b>.,Мне это <b>надоедает</b>.,😫,v
un adolescent,подросток,Un groupe d'<b>adolescents</b>.,Группа <b>подростков</b>.,👦,m
un aller,билет в одну сторону,Un <b>aller</b> simple.,Билет <b>в один конец</b>.,🎫,m
une création,создание,La <b>création</b> artistique.,Художественное <b>творчество</b>.,🎨,f
une mâchoire,челюсть,La <b>mâchoire</b> inférieure.,Нижняя <b>челюсть</b>.,😬,f
un délai,срок,Respecte le <b>délai</b>.,Соблюдай <b>сроки</b>.,⏰,m
une banquette,скамья; диванчик,Assieds-toi sur la <b>banquette</b>.,Садись на <b>диванчик</b>.,🪑,f
un beau-frère,зять; деверь; шурин,C'est mon <b>beau-frère</b>.,Это мой <b>зять</b>.,👨,m
technique,технический,Un problème <b>technique</b>.,<b>Техническая</b> проблема.,🔧,adj
une démocratie,демократия,La <b>démocratie</b> canadienne.,Канадская <b>демократия</b>.,🗳️,f
traquer,преследовать,<b>Traquer</b> le criminel.,<b>Выслеживать</b> преступника.,🔍,v
une assistance,помощь; присутствующие,Avec votre <b>assistance</b>.,С вашей <b>помощью</b>.,🤝,f
"courant, courante",текущий; обычный,Le mois <b>courant</b>.,<b>Текущий</b> месяц.,📅,adj
un civil,гражданское лицо,Des <b>civils</b> ont été blessés.,<b>Мирные жители</b> были ранены.,👥,m
un album,альбом,Mon <b>album</b> photo.,Мой фото<b>альбом</b>.,📷,m
réfugier,укрываться,Il s'est <b>réfugié</b> ici.,Он <b>укрылся</b> здесь.,🏠,v
relire,перечитывать,<b>Relis</b> le texte.,<b>Перечитай</b> текст.,📖,v
un commissariat,полицейский участок,Va au <b>commissariat</b>.,Иди в <b>полицию</b>.,🚔,m
un lecteur,читатель; проигрыватель,Le <b>lecteur</b> CD.,CD-<b>проигрыватель</b>.,💿,m
intense,интенсивный,Un travail <b>intense</b>.,<b>Интенсивная</b> работа.,💪,adj
supprimer,удалять,<b>Supprime</b> ce fichier.,<b>Удали</b> этот файл.,🗑️,v
splendide,великолепный,Une vue <b>splendide</b>.,<b>Великолепный</b> вид.,✨,adj
un expert,эксперт,C'est un <b>expert</b>.,Он <b>эксперт</b>.,🎓,m
historique,исторический,Un monument <b>historique</b>.,<b>Исторический</b> памятник.,🏛️,adj
modifier,изменять,<b>Modifie</b> le texte.,<b>Измени</b> текст.,✏️,v
une charité,милосердие,Par <b>charité</b>.,Из <b>милосердия</b>.,❤️,f
"carré, carrée",квадратный,Un mètre <b>carré</b>.,Квадратный <b>метр</b>.,⬜,adj
"un guerrier, une guerrière",воин,Un brave <b>guerrier</b>.,Храбрый <b>воин</b>.,⚔️,m/f
une oublie,вафельная трубочка,L'<b>oublie</b> est un gâteau ancien.,<b>Облатка</b> — старинное печенье.,🧇,f
une ronde,обход; хоровод,Faire une <b>ronde</b>.,Делать <b>обход</b>.,🔄,f
immobiliser,обездвиживать,<b>Immobilise</b>-le !,<b>Обездвижь</b> его!,🛑,v
un incroyable,невероятный (субст.),C'est un <b>incroyable</b> !,Это что-то <b>невероятное</b>!,😮,m
vexer,обижать,Je ne voulais pas te <b>vexer</b>.,Я не хотел тебя <b>обидеть</b>.,😢,v
un détour,обход; крюк,Fais un <b>détour</b>.,Сделай <b>крюк</b>.,🔄,m
un rien,пустяк; ничто,Un <b>rien</b> l'énerve.,Его раздражает <b>любая мелочь</b>.,🤏,m
ressusciter,воскрешать,<b>Ressusciter</b> les morts.,<b>Воскрешать</b> мёртвых.,⚡,v
une révolte,восстание,La <b>révolte</b> des esclaves.,<b>Восстание</b> рабов.,✊,f
un fan,фанат,Je suis <b>fan</b> de toi.,Я твой <b>фанат</b>.,🎉,m
une haleine,дыхание,Une mauvaise <b>haleine</b>.,Плохой запах <b>изо рта</b>.,💨,f
un conte,сказка,Un <b>conte</b> de fées.,Волшебная <b>сказка</b>.,🧚,m
un palier,лестничная площадка,Sur le <b>palier</b>.,На <b>лестничной площадке</b>.,🚪,m
irriter,раздражать,Ça m'<b>irrite</b>.,Это меня <b>раздражает</b>.,😤,v
un malaise,недомогание,J'ai un <b>malaise</b>.,Мне <b>нехорошо</b>.,😵,m
une réussite,успех,Quelle <b>réussite</b> !,Какой <b>успех</b>!,🏆,f
minable,жалкий (разг.),Un salaire <b>minable</b>.,<b>Жалкая</b> зарплата.,😒,adj
entasser,нагромождать,<b>Entasse</b> les boîtes.,<b>Сложи</b> коробки.,📦,v
une ruse,хитрость,C'est une <b>ruse</b>.,Это <b>хитрость</b>.,🦊,f
rédiger,составлять; редактировать,<b>Rédige</b> une lettre.,<b>Напиши</b> письмо.,✍️,v
un cachet,печать; гонорар,Le <b>cachet</b> de l'artiste.,<b>Гонорар</b> артиста.,💰,m
un casier,шкафчик; судимость,Mon <b>casier</b> judiciaire.,Моя <b>судимость</b>.,📁,m
un as,туз,L'<b>as</b> de pique.,<b>Туз</b> пик.,🃏,m
un sanglot,рыдание,Éclater en <b>sanglots</b>.,Разразиться <b>рыданиями</b>.,😭,m
un conflit,конфликт,Un <b>conflit</b> armé.,Вооружённый <b>конфликт</b>.,⚔️,m
une prime,премия,Une <b>prime</b> de fin d'année.,Годовая <b>премия</b>.,💵,f
contraindre,принуждать,On l'a <b>contraint</b> à partir.,Его <b>принудили</b> уйти.,✋,v
disperser,рассеивать,Le vent <b>disperse</b> les nuages.,Ветер <b>рассеивает</b> облака.,💨,v
"parisien, parisienne",парижский,La vie <b>parisienne</b>.,<b>Парижская</b> жизнь.,🗼,adj
un chrétien,христианин,C'est un <b>chrétien</b>.,Он <b>христианин</b>.,✝️,m
associer,связывать; ассоциировать,J'<b>associe</b> cette odeur à l'été.,Я <b>связываю</b> этот запах с летом.,🔗,v
une cachette,тайник,Une <b>cachette</b> secrète.,Секретный <b>тайник</b>.,🙈,f
défoncer,ломать; выбивать,<b>Défonce</b> la porte !,<b>Выбей</b> дверь!,🚪,v
probable,вероятный,C'est très <b>probable</b>.,Это весьма <b>вероятно</b>.,🤔,adj
un abandon,отказ; заброшенность,L'<b>abandon</b> de poste.,<b>Оставление</b> поста.,🏚️,m
un frisson,дрожь,Un <b>frisson</b> de peur.,<b>Дрожь</b> от страха.,🥶,m
un tambour,барабан,Jouer du <b>tambour</b>.,Играть на <b>барабане</b>.,🥁,m
une publicité,реклама,La <b>publicité</b> télévisée.,Телевизионная <b>реклама</b>.,📺,f
un candidat,кандидат,Le <b>candidat</b> aux élections.,<b>Кандидат</b> на выборах.,🗳️,m
"mûr, mûre",зрелый,Un fruit <b>mûr</b>.,<b>Зрелый</b> плод.,🍎,adj
un marteau,молоток,Prends le <b>marteau</b>.,Возьми <b>молоток</b>.,🔨,m
un office,служба; ведомство,L'<b>office</b> du tourisme.,Туристическое <b>бюро</b>.,🏢,m
une précision,точность,Avec <b>précision</b>.,С <b>точностью</b>.,🎯,f
cardiaque,сердечный,Une crise <b>cardiaque</b>.,<b>Сердечный</b> приступ.,❤️,adj
février,февраль,"En <b>février</b>, il fait froid.",В <b>феврале</b> холодно.,❄️,m
"ardent, ardente",пылкий,Un amour <b>ardent</b>.,<b>Пылкая</b> любовь.,🔥,adj
un pavillon,павильон; дом,Un <b>pavillon</b> de banlieue.,<b>Дом</b> в пригороде.,🏠,m
une tempe,висок,J'ai mal aux <b>tempes</b>.,У меня болят <b>виски</b>.,😣,f
une affiche,афиша,L'<b>affiche</b> du film.,<b>Афиша</b> фильма.,🎬,f
une sirène,сирена,La <b>sirène</b> d'alarme.,<b>Сирена</b> тревоги.,🚨,f
hisser,поднимать,<b>Hisse</b> le drapeau.,<b>Подними</b> флаг.,🚩,v
une température,температура,La <b>température</b> monte.,<b>Температура</b> растёт.,🌡️,f
corriger,исправлять,<b>Corrige</b> tes erreurs.,<b>Исправь</b> свои ошибки.,✏️,v
une quantité,количество,J'ai une grande <b>quantité</b> de travail.,У меня большое <b>количество</b> работы.,📊,f
une selle,седло,La <b>selle</b> du cheval.,<b>Седло</b> лошади.,🐴,f
une défaite,поражение,Accepter la <b>défaite</b>.,Принять <b>поражение</b>.,😞,f
une serrure,замок,La <b>serrure</b> est cassée.,<b>Замок</b> сломан.,🔒,f
une fée,фея,Une <b>fée</b> magique.,Волшебная <b>фея</b>.,🧚,f
un caporal,капрал,Le <b>caporal</b> commande les soldats.,<b>Капрал</b> командует солдатами.,🎖️,m
un spectateur,зритель,Les <b>spectateurs</b> applaudissent.,<b>Зрители</b> аплодируют.,👏,m
"inattendu, inattendue",неожиданный,Une visite <b>inattendue</b>.,<b>Неожиданный</b> визит.,😮,adj
une manivelle,рукоятка,Tourne la <b>manivelle</b>.,Поверни <b>рукоятку</b>.,🔧,f
confesser,исповедовать,Se <b>confesser</b> au prêtre.,<b>Исповедоваться</b> священнику.,⛪,v
"monstrueux, monstrueuse",чудовищный,Un crime <b>monstrueux</b>.,<b>Чудовищное</b> преступление.,😱,adj
un moi,эго; я (субст.),Le <b>moi</b> est haïssable.,<b>Эго</b> отвратительно.,🧠,m
innombrable,бесчисленный,D'<b>innombrables</b> étoiles.,<b>Бесчисленные</b> звёзды.,⭐,adj
une lance,копьё,La <b>lance</b> du chevalier.,<b>Копьё</b> рыцаря.,🗡️,f
une coïncidence,совпадение,Quelle <b>coïncidence</b> !,Какое <b>совпадение</b>!,🤯,f
"subtil, subtile",тонкий,Une différence <b>subtile</b>.,<b>Тонкая</b> разница.,🧐,adj
investir,инвестировать,<b>Investir</b> dans l'immobilier.,<b>Инвестировать</b> в недвижимость.,💰,v
un pin,сосна,Un <b>pin</b> sylvestre.,Лесная <b>сосна</b>.,🌲,m
parti,ушедший; отправившийся,Il est <b>parti</b> ce matin.,Он <b>уехал</b> утром.,🚶,adj
une camionnette,фургон,Une <b>camionnette</b> de livraison.,Грузовой <b>фургон</b>.,🚐,f
une rupture,разрыв,Une <b>rupture</b> amoureuse.,<b>Разрыв</b> отношений.,💔,f
un balai,метла,Le <b>balai</b> de sorcière.,<b>Метла</b> ведьмы.,🧹,m
coudre,шить,<b>Coudre</b> un bouton.,<b>Пришить</b> пуговицу.,🧵,v
assumer,брать на себя,<b>Assume</b> tes actes.,<b>Отвечай</b> за свои действия.,💪,v
une chiotte,сортир (груб.),Je vais aux <b>chiottes</b>.,Я иду в <b>сортир</b>.,🚽,f
griller,жарить на гриле,<b>Grille</b> la viande.,<b>Поджарь</b> мясо.,🥩,v
"creux, creuse",пустой,Un arbre <b>creux</b>.,<b>Полое</b> дерево.,🌳,adj
hostile,враждебный,Un environnement <b>hostile</b>.,<b>Враждебная</b> среда.,😠,adj
négliger,пренебрегать,Ne <b>néglige</b> pas ta santé.,Не <b>пренебрегай</b> здоровьем.,⚠️,v
tricher,жульничать,Ne <b>triche</b> pas !,Не <b>жульничай</b>!,🃏,v
un néant,небытие,Le <b>néant</b> absolu.,Абсолютное <b>небытие</b>.,🕳️,m
une vodka,водка,Un verre de <b>vodka</b>.,Стакан <b>водки</b>.,🍸,f
graver,гравировать,<b>Grave</b> ton nom.,<b>Выгравируй</b> своё имя.,✍️,v
un étonnement,удивление,Avec <b>étonnement</b>.,С <b>удивлением</b>.,😮,m
engueuler,ругать (разг.),Papa m'a <b>engueulé</b>.,Папа меня <b>отругал</b>.,😤,v
une foudre,молния,Frappé par la <b>foudre</b>.,Поражённый <b>молнией</b>.,⚡,f
une baignoire,ванна,La <b>baignoire</b> est pleine.,<b>Ванна</b> полна.,🛁,f
un cristal,кристалл,Un vase en <b>cristal</b>.,Ваза из <b>хрусталя</b>.,💎,m
atroce,ужасный,Une douleur <b>atroce</b>.,<b>Ужасная</b> боль.,😱,adj
aboutir,приводить к,<b>Aboutir</b> à un résultat.,<b>Прийти</b> к результату.,🎯,v
un maillot,майка; купальник,Un <b>maillot</b> de bain.,<b>Купальник</b>.,👙,m
un major,майор,Le <b>major</b> dirige le bataillon.,<b>Майор</b> командует батальоном.,🎖️,m
"reçu, reçue",полученный,Bien <b>reçu</b>.,<b>Получено</b>.,✅,adj
un violon,скрипка,Jouer du <b>violon</b>.,Играть на <b>скрипке</b>.,🎻,m
une formation,обучение; формирование,Une <b>formation</b> professionnelle.,Профессиональное <b>обучение</b>.,📚,f
encombrer,загромождать,N'<b>encombre</b> pas le couloir.,Не <b>загромождай</b> коридор.,📦,v
un excès,излишество,Un <b>excès</b> de vitesse.,<b>Превышение</b> скорости.,🚗,m
déterminer,определять,<b>Déterminer</b> la cause.,<b>Определить</b> причину.,🔍,v
"impressionnant, impressionnante",впечатляющий,Un spectacle <b>impressionnant</b>.,<b>Впечатляющее</b> зрелище.,✨,adj
une fidélité,верность,La <b>fidélité</b> conjugale.,Супружеская <b>верность</b>.,❤️,f
une foire,ярмарка,La <b>foire</b> de Montréal.,Монреальская <b>ярмарка</b>.,🎡,f
ricaner,хихикать,Il <b>ricane</b> bêtement.,Он глупо <b>хихикает</b>.,😏,v
amateur,любитель,Un <b>amateur</b> de vin.,<b>Любитель</b> вина.,🍷,m
logique,логичный,C'est <b>logique</b>.,Это <b>логично</b>.,🧠,adj
un établissement,учреждение,Un <b>établissement</b> scolaire.,Учебное <b>заведение</b>.,🏫,m
"positif, positive",положительный,Un résultat <b>positif</b>.,<b>Положительный</b> результат.,➕,adj
souple,гибкий,Elle est très <b>souple</b>.,Она очень <b>гибкая</b>.,🤸,adj
sonore,звуковой,Une bande <b>sonore</b>.,<b>Звуковая</b> дорожка.,🔊,adj
un mâle,самец,Le <b>mâle</b> dominant.,Доминирующий <b>самец</b>.,🦁,m
un trône,трон,Assis sur le <b>trône</b>.,Сидя на <b>троне</b>.,👑,m
crisper,сводить; напрягать,Ça me <b>crispe</b>.,Это меня <b>напрягает</b>.,😬,v
"naïf, naïve",наивный,Elle est <b>naïve</b>.,Она <b>наивная</b>.,😊,adj
un fossé,ров; пропасть,Un <b>fossé</b> entre nous.,<b>Пропасть</b> между нами.,🕳️,m
piper,пищать; мошенничать,Ne pas <b>piper</b> mot.,Не <b>проронить</b> ни слова.,🤐,v
un jury,жюри,Le <b>jury</b> délibère.,<b>Жюри</b> совещается.,⚖️,m
un tonton,дядюшка (разг.),Mon <b>tonton</b> préféré.,Мой любимый <b>дядюшка</b>.,👨,m
un sieur,господин (устар.),Le <b>sieur</b> Dupont.,<b>Господин</b> Дюпон.,🎩,m
un avant,перед; нападающий,L'<b>avant</b> a marqué un but.,<b>Нападающий</b> забил гол.,⚽,m
tester,тестировать,<b>Teste</b> le produit.,<b>Протестируй</b> продукт.,🧪,v
une confusion,путаница,Il y a <b>confusion</b>.,Тут <b>путаница</b>.,🤔,f
renforcer,усиливать,<b>Renforce</b> la sécurité.,<b>Усиль</b> безопасность.,💪,v
nuire,вредить,Ça peut <b>nuire</b> à ta santé.,Это может <b>навредить</b> здоровью.,⚠️,v
un privilège,привилегия,C'est un <b>privilège</b>.,Это <b>привилегия</b>.,⭐,m
brouiller,путать; ссорить,Ne <b>brouille</b> pas les cartes.,Не <b>путай</b> карты.,🃏,v
un autobus,автобус,Prends l'<b>autobus</b>.,Садись на <b>автобус</b>.,🚌,m
une alerte,тревога,Une <b>alerte</b> rouge.,Красная <b>тревога</b>.,🚨,f
un diplôme,диплом,J'ai mon <b>diplôme</b>.,У меня есть <b>диплом</b>.,🎓,m
une ironie,ирония,Quelle <b>ironie</b> !,Какая <b>ирония</b>!,😏,f
"mal, male",плохой; дурной,Il a eu une <b>male</b> heure.,У него был <b>несчастливый</b> час.,😞,adj
attribuer,приписывать; присуждать,<b>Attribuer</b> un prix.,<b>Присудить</b> приз.,🏆,v
économique,экономический,La crise <b>économique</b>.,<b>Экономический</b> кризис.,📉,adj
enfouir,закапывать,<b>Enfouis</b> le trésor.,<b>Закопай</b> сокровище.,💎,v
un dragon,дракон,Le <b>dragon</b> crache du feu.,<b>Дракон</b> извергает огонь.,🐉,m
exclure,исключать,<b>Exclure</b> quelqu'un.,<b>Исключить</b> кого-то.,🚫,v
entrevoir,предвидеть; мельком видеть,Je l'ai <b>entrevu</b>.,Я его <b>мельком увидел</b>.,👁️,v
une borne,граница; терминал,Une <b>borne</b> électrique.,Электрическая <b>зарядка</b>.,🔌,f
une brute,грубиян,C'est une <b>brute</b>.,Это <b>грубиян</b>.,😠,f
enchaîner,приковывать; продолжать,<b>Enchaîne</b> les exercices.,<b>Продолжай</b> упражнения.,🔗,v
un pipi,пописать (разг.),Faire <b>pipi</b>.,<b>Пописать</b>.,🚽,m
redoutable,грозный,Un adversaire <b>redoutable</b>.,<b>Грозный</b> противник.,😨,adj
une jungle,джунгли,La <b>jungle</b> amazonienne.,Амазонские <b>джунгли</b>.,🌴,f
remarquable,замечательный,Un travail <b>remarquable</b>.,<b>Замечательная</b> работа.,✨,adj
un thomas,ночной горшок (арго),Passer le <b>thomas</b>.,Воспользоваться <b>горшком</b>.,🚽,m
une fermeture,закрытие,La <b>fermeture</b> du magasin.,<b>Закрытие</b> магазина.,🔒,f
"massif, massive",массивный,Une porte <b>massive</b>.,<b>Массивная</b> дверь.,🚪,adj
tolérer,терпеть,Je ne peux pas <b>tolérer</b> ça.,Я не могу это <b>терпеть</b>.,😤,v
décorer,украшать,<b>Décore</b> le salon.,<b>Укрась</b> гостиную.,🎨,v
"bourgeois, bourgeoise",буржуазный,Un quartier <b>bourgeois</b>.,<b>Буржуазный</b> район.,🏘️,adj
"mou, molle",мягкий,Un oreiller <b>mou</b>.,<b>Мягкая</b> подушка.,🛏️,adj
un agneau,ягнёнок,Un <b>agneau</b> pascal.,Пасхальный <b>ягнёнок</b>.,🐑,m
un sénateur,сенатор,Le <b>sénateur</b> vote.,<b>Сенатор</b> голосует.,🏛️,m
un ordinaire,обыденное,L'<b>ordinaire</b> de la vie.,<b>Обыденность</b> жизни.,📆,m
un fort,крепость,Le vieux <b>fort</b>.,Старая <b>крепость</b>.,🏰,m
"habillé, habillée",одетый,Bien <b>habillé</b>.,Хорошо <b>одетый</b>.,👔,adj
une étoffe,ткань,Une belle <b>étoffe</b>.,Красивая <b>ткань</b>.,🧵,f
un engin,аппарат; устройство,Un <b>engin</b> spatial.,Космический <b>аппарат</b>.,🚀,m
une complicité,соучастие,Une <b>complicité</b> amoureuse.,Любовная <b>сопричастность</b>.,❤️,f
un domicile,место жительства,À <b>domicile</b>.,На <b>дому</b>.,🏠,m
un convoi,конвой,Un <b>convoi</b> militaire.,Военный <b>конвой</b>.,🚛,m
"violet, violette",фиолетовый,Une fleur <b>violette</b>.,<b>Фиолетовый</b> цветок.,💜,adj
transférer,переводить,<b>Transférer</b> de l'argent.,<b>Перевести</b> деньги.,💸,v
un bond,прыжок,D'un <b>bond</b>.,Одним <b>прыжком</b>.,🦘,m
un tremblement,дрожь,Un <b>tremblement</b> de terre.,<b>Землетрясение</b>.,🌍,m
une obligation,обязательство,Une <b>obligation</b> légale.,Юридическое <b>обязательство</b>.,📜,f
un bassin,бассейн; таз,Le <b>bassin</b> du jardin.,<b>Бассейн</b> в саду.,🏊,m
mentionner,упоминать,<b>Mentionne</b> son nom.,<b>Упомяни</b> его имя.,📝,v
un pognon,бабки (разг.),Il a du <b>pognon</b>.,У него есть <b>бабки</b>.,💰,m
une gêne,смущение; неудобство,Sans <b>gêne</b>.,Без <b>стеснения</b>.,😳,f
adapter,адаптировать,<b>Adapte</b>-toi à la situation.,<b>Адаптируйся</b> к ситуации.,🔄,v
renifler,нюхать,Le chien <b>renifle</b>.,Собака <b>принюхивается</b>.,🐕,v
une fourrure,мех,Un manteau de <b>fourrure</b>.,Шуба из <b>меха</b>.,🧥,f
un facteur,почтальон; фактор,Le <b>facteur</b> passe.,<b>Почтальон</b> проходит.,📮,m
"spirituel, spirituelle",духовный; остроумный,Un guide <b>spirituel</b>.,<b>Духовный</b> наставник.,🙏,adj
un dessert,десерт,Comme <b>dessert</b>...,На <b>десерт</b>...,🍰,m
cerner,окружать; понимать,Je <b>cerne</b> le problème.,Я <b>понимаю</b> проблему.,🎯,v
une saucisse,сосиска,Une <b>saucisse</b> grillée.,Жареная <b>сосиска</b>.,🌭,f
un timbre,марка; тембр,Un <b>timbre</b>-poste.,Почтовая <b>марка</b>.,📮,m
évader,убегать,Il s'est <b>évadé</b> de prison.,Он <b>сбежал</b> из тюрьмы.,🏃,v
une crête,гребень,La <b>crête</b> de la montagne.,<b>Гребень</b> горы.,⛰️,f
un moins,минус; недостаток,C'est un <b>moins</b>.,Это <b>минус</b>.,➖,m
un argument,аргумент,Un bon <b>argument</b>.,Хороший <b>аргумент</b>.,💬,m
une gonzesse,девчонка (разг.),Cette <b>gonzesse</b> est sympa.,Эта <b>тёлка</b> классная.,👩,f
défier,бросать вызов,Je te <b>défie</b>.,Я тебе <b>бросаю вызов</b>.,💪,v
une exposition,выставка,Une <b>exposition</b> d'art.,Художественная <b>выставка</b>.,🎨,f
maquiller,гримировать,<b>Maquille</b>-toi.,<b>Накрасься</b>.,💄,v
un bistrot,бистро,Un petit <b>bistrot</b> parisien.,Маленькое парижское <b>бистро</b>.,🍷,m
"japonais, japonaise",японский,La cuisine <b>japonaise</b>.,<b>Японская</b> кухня.,🍣,adj
hâter,торопить,<b>Hâte</b>-toi !,<b>Поторопись</b>!,⏱️,v
salaud,подонок (груб.),<b>Salaud</b> ! Tu m'as menti !,<b>Сволочь</b>! Ты мне соврал!,🤬,adj
un japonais,японец,Mon voisin est <b>japonais</b>.,Мой сосед — <b>японец</b>.,🇯🇵,m
anéantir,уничтожать,<b>Anéantir</b> l'ennemi.,<b>Уничтожить</b> врага.,💥,v
une patate,картошка (разг.),Une <b>patate</b> chaude.,Горячая <b>картошка</b>.,🥔,f
un congrès,конгресс,Le <b>congrès</b> annuel.,Ежегодный <b>конгресс</b>.,🏛️,m
une vidéo,видео,Regarde cette <b>vidéo</b>.,Посмотри это <b>видео</b>.,📹,f
enquêter,расследовать,La police <b>enquête</b>.,Полиция <b>расследует</b>.,🔍,v
un bâtard,ублюдок; внебрачный,<b>Bâtard</b> ! (insulte),<b>Ублюдок</b>! (оскорбление),🤬,m
retarder,откладывать; опаздывать,Ne <b>retarde</b> pas.,Не <b>опаздывай</b>.,⏰,v
"négatif, négative",отрицательный,Un résultat <b>négatif</b>.,<b>Отрицательный</b> результат.,➖,adj
un frangin,братишка (разг.),C'est mon <b>frangin</b>.,Это мой <b>братишка</b>.,👦,m
capturer,захватывать,<b>Capturer</b> l'ennemi.,<b>Захватить</b> врага.,🎯,v
un accusé,обвиняемый,L'<b>accusé</b> est innocent.,<b>Обвиняемый</b> невиновен.,⚖️,m
vulgaire,вульгарный,Un mot <b>vulgaire</b>.,<b>Вульгарное</b> слово.,😬,adj
anonyme,анонимный,Un appel <b>anonyme</b>.,<b>Анонимный</b> звонок.,🎭,adj
un échantillon,образец,Un <b>échantillon</b> gratuit.,Бесплатный <b>образец</b>.,🧪,m
un loyer,арендная плата,Le <b>loyer</b> est cher.,<b>Аренда</b> дорогая.,🏠,m
hanter,преследовать; обитать,Les fantômes <b>hantent</b> le château.,Призраки <b>обитают</b> в замке.,👻,v
une tranche,ломтик,Une <b>tranche</b> de pain.,<b>Ломтик</b> хлеба.,🍞,f
une brosse,щётка,Une <b>brosse</b> à dents.,Зубная <b>щётка</b>.,🪥,f
une recette,рецепт,La <b>recette</b> du gâteau.,<b>Рецепт</b> торта.,📝,f
"original, originale",оригинальный,Une idée <b>originale</b>.,<b>Оригинальная</b> идея.,💡,adj
navrer,огорчать,Je suis <b>navré</b>.,Мне <b>очень жаль</b>.,😔,v
une horloge,часы (настенные),L'<b>horloge</b> sonne.,<b>Часы</b> бьют.,🕰️,f
une nappe,скатерть,Mets la <b>nappe</b>.,Постели <b>скатерть</b>.,🍽️,f
une colonie,колония,Une <b>colonie</b> de vacances.,Летний <b>лагерь</b>.,🏕️,f
accoucher,рожать,Elle va bientôt <b>accoucher</b>.,Она скоро <b>родит</b>.,👶,v
scientifique,научный,Une découverte <b>scientifique</b>.,<b>Научное</b> открытие.,🔬,adj
une patrouille,патруль,La <b>patrouille</b> de police.,Полицейский <b>патруль</b>.,🚔,f
une détresse,бедствие,Un signal de <b>détresse</b>.,Сигнал <b>бедствия</b>.,🆘,f
une roche,скала,Une <b>roche</b> volcanique.,Вулканическая <b>порода</b>.,🪨,f
frôler,задевать,La balle l'a <b>frôlé</b>.,Пуля его <b>задела</b>.,💨,v
un sabot,копыто; башмак,Le <b>sabot</b> du cheval.,<b>Копыто</b> лошади.,🐴,m
compromettre,компрометировать,<b>Compromettre</b> sa réputation.,<b>Компрометировать</b> репутацию.,😬,v
un petit-fils,внук,C'est mon <b>petit-fils</b>.,Это мой <b>внук</b>.,👦,m
tourmenter,мучить,Ne te <b>tourmente</b> pas.,Не <b>мучайся</b>.,😟,v
une querelle,ссора,Une <b>querelle</b> de famille.,Семейная <b>ссора</b>.,👨‍👩‍👧,f
une poursuite,погоня,Une <b>poursuite</b> en voiture.,Автомобильная <b>погоня</b>.,🚗,f
multiplier,умножать,<b>Multiplie</b> par deux.,<b>Умножь</b> на два.,✖️,v
une représentation,представление,Une <b>représentation</b> théâtrale.,Театральное <b>представление</b>.,🎭,f
une tentation,искушение,Résister à la <b>tentation</b>.,Противостоять <b>искушению</b>.,😈,f
une graisse,жир,La <b>graisse</b> animale.,Животный <b>жир</b>.,🥓,f
"désespéré, désespérée",отчаянный,Un geste <b>désespéré</b>.,<b>Отчаянный</b> поступок.,😰,adj
diviser,делить,<b>Divise</b> en deux.,<b>Раздели</b> надвое.,➗,v
un débat,дебаты,Un <b>débat</b> politique.,Политические <b>дебаты</b>.,🗣️,m
un crochet,крюк,Accroché au <b>crochet</b>.,Висит на <b>крюке</b>.,🪝,m
un divan,диван,Allongé sur le <b>divan</b>.,Лёжа на <b>диване</b>.,🛋️,m
un chirurgien,хирург,Le <b>chirurgien</b> opère.,<b>Хирург</b> оперирует.,👨‍⚕️,m
afficher,вывешивать; показывать,<b>Affiche</b> le poster.,<b>Повесь</b> постер.,🖼️,v
"surprenant, surprenante",удивительный,Une nouvelle <b>surprenante</b>.,<b>Удивительная</b> новость.,😮,adj
un dépôt,склад; депозит,Un <b>dépôt</b> de garantie.,<b>Залог</b>.,💵,m
disponible,доступный,Je suis <b>disponible</b>.,Я <b>свободен</b>.,✅,adj
un buffet,буфет,Le <b>buffet</b> du petit-déjeuner.,<b>Буфет</b> для завтрака.,🍳,m
une cicatrice,шрам,Une vieille <b>cicatrice</b>.,Старый <b>шрам</b>.,🩹,f
un mérite,заслуга,C'est à son <b>mérite</b>.,Это его <b>заслуга</b>.,🏅,m
un caprice,каприз,C'est un <b>caprice</b>.,Это <b>каприз</b>.,😤,m
"levé, levée",поднятый,Les mains <b>levées</b>.,<b>Поднятые</b> руки.,✋,adj
"légal, légale",законный,C'est <b>légal</b>.,Это <b>законно</b>.,⚖️,adj
un câble,кабель,Le <b>câble</b> électrique.,Электрический <b>кабель</b>.,🔌,m
vibrer,вибрировать,Le téléphone <b>vibre</b>.,Телефон <b>вибрирует</b>.,📳,v
une insulte,оскорбление,C'est une <b>insulte</b>.,Это <b>оскорбление</b>.,😤,f
un pan,часть; полa,Un <b>pan</b> de mur.,<b>Часть</b> стены.,🧱,m
une révélation,откровение,Quelle <b>révélation</b> !,Какое <b>откровение</b>!,💡,f
un achat,покупка,Faire des <b>achats</b>.,Делать <b>покупки</b>.,🛍️,m
"illégal, illégale",незаконный,C'est <b>illégal</b>.,Это <b>незаконно</b>.,🚫,adj
une gaieté,веселье,Avec <b>gaieté</b>.,С <b>весельем</b>.,😄,f
"excitant, excitante",захватывающий,Une nouvelle <b>excitante</b>.,<b>Захватывающая</b> новость.,🎉,adj
un teint,цвет лица,Un beau <b>teint</b>.,Красивый <b>цвет лица</b>.,😊,m
"brisé, brisée",разбитый,Le cœur <b>brisé</b>.,<b>Разбитое</b> сердце.,💔,adj
un conducteur,водитель,Le <b>conducteur</b> du bus.,<b>Водитель</b> автобуса.,🚌,m
"maternel, maternelle",материнский,L'amour <b>maternel</b>.,<b>Материнская</b> любовь.,❤️,adj
une extrémité,конец; крайность,À l'<b>extrémité</b> de la rue.,В <b>конце</b> улицы.,📍,f
un viol,изнасилование,Le <b>viol</b> est un crime.,<b>Изнасилование</b> — преступление.,⚖️,m
une coiffure,причёска,Une belle <b>coiffure</b>.,Красивая <b>причёска</b>.,💇,f
une fringue,одежда (разг.),J'achète des <b>fringues</b>.,Я покупаю <b>шмотки</b>.,👗,f
mis,поставленный; одетый,Bien <b>mis</b>.,Хорошо <b>одетый</b>.,👔,adj
un change,обмен; подгузник,Le <b>change</b> du bébé.,<b>Подгузник</b> малыша.,👶,m
une noix,орех,Une <b>noix</b> de coco.,<b>Кокосовый</b> орех.,🥥,f
Virginie,Вирджиния,La <b>Virginie</b> est un état américain.,<b>Вирджиния</b> — американский штат.,🇺🇸,m
un tigre,тигр,Le <b>tigre</b> rugit.,<b>Тигр</b> рычит.,🐅,m
une charrette,телега,La <b>charrette</b> à foin.,<b>Телега</b> с сеном.,🛒,f
émettre,издавать; выпускать,<b>Émettre</b> un son.,<b>Издавать</b> звук.,🔊,v
un ski,лыжа,Faire du <b>ski</b>.,Кататься на <b>лыжах</b>.,⛷️,m
une institution,институт,Une <b>institution</b> financière.,Финансовое <b>учреждение</b>.,🏦,f
ménager,беречь; щадить,<b>Ménage</b> tes forces.,<b>Береги</b> силы.,💪,v
un trafic,трафик; торговля,Le <b>trafic</b> de drogue.,<b>Торговля</b> наркотиками.,🚫,m
une chevelure,шевелюра,Une belle <b>chevelure</b>.,Красивая <b>шевелюра</b>.,💇,f
un chêne,дуб,Un vieux <b>chêne</b>.,Старый <b>дуб</b>.,🌳,m
une outre,бурдюк,Une <b>outre</b> de vin.,<b>Бурдюк</b> вина.,🍷,f
un menu,меню,Le <b>menu</b> du jour.,<b>Меню</b> дня.,📋,m
une expédition,экспедиция,Une <b>expédition</b> polaire.,Полярная <b>экспедиция</b>.,🏔️,f
une invention,изобретение,Une grande <b>invention</b>.,Великое <b>изобретение</b>.,💡,f
marine,морской; тёмно-синий,Bleu <b>marine</b>.,<b>Тёмно-синий</b>.,🌊,adj
accumuler,накапливать,<b>Accumule</b> des points.,<b>Накапливай</b> очки.,📊,v
un refuge,убежище,Un <b>refuge</b> pour animaux.,<b>Приют</b> для животных.,🏠,m
"menu, menue",мелкий,Des <b>menus</b> détails.,<b>Мелкие</b> детали.,🔍,adj
un pro,профи (разг.),C'est un vrai <b>pro</b>.,Он настоящий <b>профи</b>.,💼,m
baptiser,крестить; называть,<b>Baptiser</b> un enfant.,<b>Крестить</b> ребёнка.,⛪,v
un fouet,кнут,Le <b>fouet</b> claque.,<b>Кнут</b> щёлкает.,🪢,m
une corne,рог,Les <b>cornes</b> du taureau.,<b>Рога</b> быка.,🐂,f
"saoul, saoule",пьяный,Il est <b>saoul</b>.,Он <b>пьян</b>.,🍺,adj
une technique,техника,C'est une bonne <b>technique</b>.,Это хорошая <b>техника</b>.,🔧,f
un bonnet,шапка,Mets ton <b>bonnet</b>.,Надень <b>шапку</b>.,🧢,m
"commandant, commandante",командующий,L'officier <b>commandant</b>.,<b>Командующий</b> офицер.,🎖️,adj
un pavé,булыжник,Les <b>pavés</b> de la rue.,<b>Булыжники</b> на улице.,🧱,m
une haie,изгородь,La <b>haie</b> du jardin.,<b>Изгородь</b> сада.,🌿,f
un top,топ; лучшее,C'est le <b>top</b> !,Это <b>супер</b>!,🔝,m
agenouiller,становиться на колени,<b>Agenouille</b>-toi.,<b>Встань на колени</b>.,🧎,v
un bac,паром; бак,Le <b>bac</b> traverse la rivière.,<b>Паром</b> переправляется.,⛴️,m
un dégât,ущерб,Les <b>dégâts</b> sont importants.,<b>Ущерб</b> значительный.,💥,m
une édition,издание,La nouvelle <b>édition</b>.,Новое <b>издание</b>.,📚,f
effectuer,выполнять,<b>Effectuer</b> une tâche.,<b>Выполнить</b> задачу.,✅,v
une routine,рутина,Ma <b>routine</b> matinale.,Моя утренняя <b>рутина</b>.,📅,f
"caché, cachée",скрытый,Un trésor <b>caché</b>.,<b>Скрытое</b> сокровище.,🗺️,adj
un ressort,пружина,Le <b>ressort</b> est cassé.,<b>Пружина</b> сломана.,🔧,m
un barreau,прут; адвокатура,Les <b>barreaux</b> de la prison.,<b>Прутья</b> тюрьмы.,🔒,m
une narine,ноздря,L'air entre par les <b>narines</b>.,Воздух входит через <b>ноздри</b>.,👃,f
boiter,хромать,Il <b>boite</b> depuis l'accident.,Он <b>хромает</b> после аварии.,🦵,v
classer,классифицировать,<b>Classe</b> les documents.,<b>Рассортируй</b> документы.,📁,v
un micro,микрофон,Parle dans le <b>micro</b>.,Говори в <b>микрофон</b>.,🎤,m
gay,гей,Le mariage <b>gay</b>.,<b>Однополый</b> брак.,🏳️‍🌈,adj
"brûlé, brûlée",сгоревший,Le pain est <b>brûlé</b>.,Хлеб <b>подгорел</b>.,🔥,adj
"interdit, interdite",запрещённый,C'est <b>interdit</b>.,Это <b>запрещено</b>.,🚫,adj
un sous-sol,подвал,Descends au <b>sous-sol</b>.,Спустись в <b>подвал</b>.,🏚️,m
piétiner,топтаться,Ne <b>piétine</b> pas les fleurs.,Не <b>топчи</b> цветы.,🌸,v
un prostitué,проститут (м.р.),Le <b>prostitué</b> travaille la nuit.,<b>Проститут</b> работает ночью.,🚫,m
une pelle,лопата,Prends la <b>pelle</b>.,Возьми <b>лопату</b>.,🪣,f
une dentelle,кружево,Une robe en <b>dentelle</b>.,Платье из <b>кружева</b>.,👗,f
hériter,наследовать,<b>Hériter</b> d'une fortune.,<b>Унаследовать</b> состояние.,💰,v
gâter,баловать,Ne <b>gâte</b> pas l'enfant.,Не <b>балуй</b> ребёнка.,🍬,v
une malédiction,проклятие,Une <b>malédiction</b> ancienne.,Древнее <b>проклятие</b>.,🧙,f
une vigne,виноградник,La <b>vigne</b> pousse.,<b>Виноград</b> растёт.,🍇,f
une profession,профессия,Quelle est ta <b>profession</b> ?,Какая у тебя <b>профессия</b>?,💼,f
triompher,торжествовать,<b>Triompher</b> de l'ennemi.,<b>Победить</b> врага.,🏆,v
progresser,прогрессировать,Tu <b>progresses</b> bien.,Ты хорошо <b>продвигаешься</b>.,📈,v
une bouffée,порыв; затяжка,Une <b>bouffée</b> d'air frais.,<b>Глоток</b> свежего воздуха.,🌬️,f
une ficelle,верёвка,Attache avec une <b>ficelle</b>.,Привяжи <b>верёвкой</b>.,🪢,f
un moulin,мельница,Un <b>moulin</b> à vent.,Ветряная <b>мельница</b>.,🌬️,m
un traité,договор,Signer un <b>traité</b>.,Подписать <b>договор</b>.,📝,m
clouer,прибивать,<b>Cloue</b> la planche.,<b>Прибей</b> доску.,🔨,v
grossir,толстеть,Je ne veux pas <b>grossir</b>.,Я не хочу <b>толстеть</b>.,⚖️,v
"dégoûtant, dégoûtante",отвратительный,C'est <b>dégoûtant</b> !,Это <b>отвратительно</b>!,🤢,adj
un biscuit,печенье,Un <b>biscuit</b> au chocolat.,Шоколадное <b>печенье</b>.,🍪,m
une circulation,движение,La <b>circulation</b> est dense.,<b>Движение</b> плотное.,🚗,f
"agressif, agressive",агрессивный,Un chien <b>agressif</b>.,<b>Агрессивная</b> собака.,🐕,adj
une graine,семя,Plante des <b>graines</b>.,Посади <b>семена</b>.,🌱,f
une ampoule,лампочка; мозоль,L'<b>ampoule</b> a grillé.,<b>Лампочка</b> перегорела.,💡,f
sursauter,вздрагивать,J'ai <b>sursauté</b>.,Я <b>вздрогнул</b>.,😲,v
un attentat,теракт,Un <b>attentat</b> terroriste.,Террористический <b>теракт</b>.,💥,m
choper,поймать (разг.),J'ai <b>chopé</b> un rhume.,Я <b>подхватил</b> простуду.,🤧,v
refléter,отражать,Le miroir <b>reflète</b> ton image.,Зеркало <b>отражает</b> твой образ.,🪞,v
une industrie,промышленность,L'<b>industrie</b> automobile.,Автомобильная <b>промышленность</b>.,🏭,f
un héritage,наследство,Recevoir un <b>héritage</b>.,Получить <b>наследство</b>.,💎,m
un u,буква U,Le mot s'écrit avec un <b>u</b>.,Слово пишется с <b>u</b>.,🔤,m
une ride,морщина,Les <b>rides</b> du visage.,<b>Морщины</b> на лице.,👴,f
une audience,аудиенция; слушание,Une <b>audience</b> au tribunal.,<b>Слушание</b> в суде.,⚖️,f
analyser,анализировать,<b>Analyse</b> les données.,<b>Проанализируй</b> данные.,📊,v
effleurer,слегка касаться,Ses doigts <b>effleurent</b> ma joue.,Его пальцы <b>касаются</b> моей щеки.,🤚,v
sublime,возвышенный,Un paysage <b>sublime</b>.,<b>Возвышенный</b> пейзаж.,✨,adj
une manifestation,демонстрация,Une <b>manifestation</b> pacifique.,Мирная <b>демонстрация</b>.,📢,f
une grenade,граната,Lancer une <b>grenade</b>.,Бросить <b>гранату</b>.,💣,f
une sonnette,звонок,Appuie sur la <b>sonnette</b>.,Нажми на <b>звонок</b>.,🔔,f
une munition,боеприпас,Les <b>munitions</b> sont épuisées.,<b>Боеприпасы</b> закончились.,🔫,f
une baie,бухта; ягода,Une <b>baie</b> vitrée.,<b>Панорамное</b> окно.,🪟,f
une fiche,карточка; штекер,Remplis cette <b>fiche</b>.,Заполни эту <b>карточку</b>.,📋,f
une voûte,свод,La <b>voûte</b> de la cathédrale.,<b>Свод</b> собора.,⛪,f
un revers,оборотная сторона,Le <b>revers</b> de la médaille.,<b>Оборотная сторона</b> медали.,🏅,m
une étendue,пространство,Une vaste <b>étendue</b>.,Обширное <b>пространство</b>.,🌍,f
un derrière,зад,Il est tombé sur le <b>derrière</b>.,Он упал на <b>зад</b>.,😅,m
une faculté,способность; факультет,La <b>faculté</b> de médecine.,Медицинский <b>факультет</b>.,🏥,f
fier,доверять; полагаться,Se <b>fier</b> à quelqu'un.,<b>Полагаться</b> на кого-то.,🤝,v
élire,избирать,<b>Élire</b> un président.,<b>Избрать</b> президента.,🗳️,v
un logement,жильё,Je cherche un <b>logement</b>.,Я ищу <b>жильё</b>.,🏠,m
"postal, postale",почтовый,Un code <b>postal</b>.,<b>Почтовый</b> индекс.,📮,adj
une artillerie,артиллерия,L'<b>artillerie</b> lourde.,Тяжёлая <b>артиллерия</b>.,💥,f
un tsar,царь,Le <b>tsar</b> de Russie.,Русский <b>царь</b>.,👑,m
un tennis,теннис,Jouer au <b>tennis</b>.,Играть в <b>теннис</b>.,🎾,m
un état-major,штаб,L'<b>état-major</b> de l'armée.,<b>Штаб</b> армии.,🎖️,m
une mamie,бабушка (разг.),C'est ma <b>mamie</b>.,Это моя <b>бабушка</b>.,👵,f
nord,северный,Le pôle <b>nord</b>.,<b>Северный</b> полюс.,🧭,adj
une hypothèse,гипотеза,Une <b>hypothèse</b> intéressante.,Интересная <b>гипотеза</b>.,🤔,f
une casserole,кастрюля,Mets la <b>casserole</b> sur le feu.,Поставь <b>кастрюлю</b> на огонь.,🍲,f
une réplique,реплика,Une <b>réplique</b> cinglante.,Язвительная <b>реплика</b>.,💬,f
un site,сайт; место,Le <b>site</b> internet.,Интернет-<b>сайт</b>.,🌐,m
un rasoir,бритва,Un <b>rasoir</b> électrique.,Электрическая <b>бритва</b>.,🪒,m
"sentimental, sentimentale",сентиментальный,Un film <b>sentimental</b>.,<b>Сентиментальный</b> фильм.,❤️,adj
brandir,размахивать,<b>Brandir</b> une épée.,<b>Размахивать</b> мечом.,⚔️,v
un rail,рельс,Le train roule sur les <b>rails</b>.,Поезд едет по <b>рельсам</b>.,🚂,m
une miette,крошка,Pas une <b>miette</b>.,Ни <b>крошки</b>.,🍞,f
un propre,чистота; собственное,Le <b>propre</b> de l'homme.,<b>Особенность</b> человека.,✨,m
une ambiance,атмосфера,L'<b>ambiance</b> est bonne.,<b>Атмосфера</b> хорошая.,🎉,f
revêtir,надевать; облекать,<b>Revêtir</b> un uniforme.,<b>Надеть</b> форму.,👔,v
feindre,притворяться,<b>Feindre</b> la surprise.,<b>Притвориться</b> удивлённым.,🎭,v
une pénombre,полумрак,Dans la <b>pénombre</b>.,В <b>полумраке</b>.,🌑,f
un pape,папа римский,Le <b>Pape</b> François.,<b>Папа</b> Франциск.,⛪,m
une inscription,надпись; регистрация,L'<b>inscription</b> sur le mur.,<b>Надпись</b> на стене.,✍️,f
un gang,банда,Un <b>gang</b> de criminels.,<b>Банда</b> преступников.,👥,m
"européen, européenne",европейский,L'Union <b>européenne</b>.,<b>Европейский</b> союз.,🇪🇺,adj
frémir,дрожать,<b>Frémir</b> de peur.,<b>Дрожать</b> от страха.,😨,v
offenser,оскорблять,Je ne voulais pas t'<b>offenser</b>.,Я не хотел тебя <b>оскорбить</b>.,😔,v
"sanglant, sanglante",кровавый,Une bataille <b>sanglante</b>.,<b>Кровавая</b> битва.,⚔️,adj
une baleine,кит,La <b>baleine</b> bleue.,Синий <b>кит</b>.,🐋,f
une guise,образ; манера,À sa <b>guise</b>.,На свой <b>лад</b>.,🤷,f
un gris,серый (субст.),Le <b>gris</b> est neutre.,<b>Серый</b> нейтрален.,🩶,m
une caserne,казарма,La <b>caserne</b> des pompiers.,Пожарная <b>часть</b>.,🚒,f
une initiative,инициатива,Prendre l'<b>initiative</b>.,Взять <b>инициативу</b>.,💡,f
flanquer,швырять; давать,<b>Flanque</b>-le dehors !,<b>Вышвырни</b> его!,🚪,v
un veau,телёнок; телятина,Un steak de <b>veau</b>.,Стейк из <b>телятины</b>.,🥩,m
un casino,казино,Jouer au <b>casino</b>.,Играть в <b>казино</b>.,🎰,m
un écrit,текст; письменная работа,Un examen <b>écrit</b>.,<b>Письменный</b> экзамен.,📝,m
cirer,натирать воском,<b>Cire</b> tes chaussures.,<b>Начисти</b> ботинки.,👞,v
une tarte,пирог,Une <b>tarte</b> aux pommes.,Яблочный <b>пирог</b>.,🥧,f
plaider,защищать в суде,<b>Plaider</b> non coupable.,<b>Заявить</b> о невиновности.,⚖️,v
une quête,поиск; сбор,Une <b>quête</b> spirituelle.,Духовный <b>поиск</b>.,🔍,f
une came,наркотик (арго),Il est accro à la <b>came</b>.,Он подсел на <b>наркоту</b>.,💊,f
un phénomène,феномен; явление,C'est un <b>phénomène</b> naturel.,Это природное <b>явление</b>.,🌪️,m
"maladroit, maladroite",неуклюжий,Il est <b>maladroit</b>.,Он <b>неуклюжий</b>.,🤕,adj
contrarier,раздражать,Ça me <b>contrarie</b>.,Это меня <b>раздражает</b>.,😤,v
un mitrailleur,пулемётчик,Le <b>mitrailleur</b> tire.,<b>Пулемётчик</b> стреляет.,🔫,m
une promotion,повышение,Obtenir une <b>promotion</b>.,Получить <b>повышение</b>.,📈,f
un nain,карлик,Blanche-Neige et les sept <b>nains</b>.,Белоснежка и семь <b>гномов</b>.,🧙,m
un syndicat,профсоюз,Le <b>syndicat</b> des travailleurs.,<b>Профсоюз</b> рабочих.,👷,m
un ivrogne,пьяница,C'est un <b>ivrogne</b>.,Он <b>пьяница</b>.,🍺,m
un climat,климат,Le <b>climat</b> tropical.,Тропический <b>климат</b>.,🌴,m
stopper,останавливать,<b>Stoppe</b> la machine.,<b>Останови</b> машину.,🛑,v
un slip,трусы,Mets ton <b>slip</b>.,Надень <b>трусы</b>.,🩲,m
une élégance,элегантность,Avec <b>élégance</b>.,С <b>элегантностью</b>.,✨,f
un servant,прислужник,Le <b>servant</b> de messe.,<b>Служка</b> на мессе.,⛪,m
un pyjama,пижама,Mets ton <b>pyjama</b>.,Надень <b>пижаму</b>.,🛏️,m
"luisant, luisante",блестящий,Des yeux <b>luisants</b>.,<b>Блестящие</b> глаза.,✨,adj
un gage,залог,En <b>gage</b> d'amour.,В <b>залог</b> любви.,💍,m
une majorité,большинство,La <b>majorité</b> des gens.,<b>Большинство</b> людей.,👥,f
détenir,удерживать; владеть,<b>Détenir</b> un record.,<b>Держать</b> рекорд.,🏆,v
un bracelet,браслет,Un <b>bracelet</b> en or.,Золотой <b>браслет</b>.,📿,m
"un héritier, une héritière",наследник,C'est l'<b>héritier</b> du trône.,Это <b>наследник</b> престола.,👑,m/f
un psy,психолог (разг.),Je vois un <b>psy</b>.,Я хожу к <b>психологу</b>.,🧠,m
une durée,длительность,La <b>durée</b> du film.,<b>Продолжительность</b> фильма.,⏱️,f
"allié, alliée",союзный,Un pays <b>allié</b>.,<b>Союзная</b> страна.,🤝,adj
un clan,клан,Le <b>clan</b> familial.,Семейный <b>клан</b>.,👨‍👩‍👧‍👦,m
souligner,подчёркивать,<b>Souligne</b> le mot.,<b>Подчеркни</b> слово.,📝,v
un locataire,арендатор,Le <b>locataire</b> de l'appartement.,<b>Арендатор</b> квартиры.,🏠,m
illuminer,освещать,Le soleil <b>illumine</b> la pièce.,Солнце <b>освещает</b> комнату.,☀️,v
un nazi,нацист,Un régime <b>nazi</b>.,<b>Нацистский</b> режим.,⚠️,m
retentir,греметь; звучать,Un cri <b>retentit</b>.,<b>Раздался</b> крик.,📢,v
un abîme,бездна,Au bord de l'<b>abîme</b>.,На краю <b>бездны</b>.,🕳️,m
une séparation,разлука,Une <b>séparation</b> douloureuse.,Болезненная <b>разлука</b>.,💔,f
contourner,обходить,<b>Contourne</b> l'obstacle.,<b>Обойди</b> препятствие.,🔄,v
un briquet,зажигалка,Allume avec le <b>briquet</b>.,Зажги <b>зажигалкой</b>.,🔥,m
un taureau,бык,Le <b>taureau</b> charge.,<b>Бык</b> атакует.,🐂,m
accabler,подавлять,La chaleur m'<b>accable</b>.,Жара меня <b>изнуряет</b>.,😓,v
un moral,моральное состояние,Garder le <b>moral</b>.,Сохранять <b>бодрость духа</b>.,😊,m
rouiller,ржаветь,Le fer <b>rouille</b>.,Железо <b>ржавеет</b>.,🔩,v
"un pompier, une pompière",пожарный,Les <b>pompiers</b> arrivent.,<b>Пожарные</b> приезжают.,🚒,m/f
une ambassade,посольство,L'<b>ambassade</b> de France.,<b>Посольство</b> Франции.,🏛️,f
"disparu, disparue",исчезнувший,La personne <b>disparue</b>.,<b>Пропавший</b> человек.,❓,adj
un champignon,гриб,Cueillir des <b>champignons</b>.,Собирать <b>грибы</b>.,🍄,m
un direct,прямой (удар),Un <b>direct</b> du gauche.,<b>Прямой</b> левой.,🥊,m
une hésitation,колебание,Sans <b>hésitation</b>.,Без <b>колебаний</b>.,🤔,f
"souriant, souriante",улыбающийся,Un visage <b>souriant</b>.,<b>Улыбающееся</b> лицо.,😊,adj
"inquiétant, inquiétante",тревожный,Une nouvelle <b>inquiétante</b>.,<b>Тревожная</b> новость.,😟,adj
une falaise,утёс,La <b>falaise</b> est haute.,<b>Утёс</b> высокий.,🏔️,f
une confidence,признание,Faire une <b>confidence</b>.,Сделать <b>признание</b>.,🤫,f
une rampe,перила; рампа,Tiens-toi à la <b>rampe</b>.,Держись за <b>перила</b>.,🪜,f
"commercial, commerciale",коммерческий,Un centre <b>commercial</b>.,Торговый <b>центр</b>.,🏬,adj
"glorieux, glorieuse",славный,Une victoire <b>glorieuse</b>.,<b>Славная</b> победа.,🏆,adj
une capote,шинель; презерватив,Mets une <b>capote</b>.,Надень <b>презерватив</b>.,🔒,f
affoler,пугать,Ne t'<b>affole</b> pas.,Не <b>паникуй</b>.,😱,v
"municipal, municipale",муниципальный,Le conseil <b>municipal</b>.,<b>Муниципальный</b> совет.,🏛️,adj
un monument,памятник,Un <b>monument</b> historique.,Исторический <b>памятник</b>.,🗿,m
un coussin,подушка,Un <b>coussin</b> de canapé.,Диванная <b>подушка</b>.,🛋️,m
une aura,аура,Elle a une <b>aura</b> mystérieuse.,У неё загадочная <b>аура</b>.,✨,f
une flaque,лужа,Une <b>flaque</b> d'eau.,<b>Лужа</b> воды.,💧,f
"impérial, impériale",имперский,Le palais <b>impérial</b>.,<b>Императорский</b> дворец.,👑,adj
un impôt,налог,Payer ses <b>impôts</b>.,Платить <b>налоги</b>.,💰,m
une confession,исповедь,Une <b>confession</b> sincère.,Искренняя <b>исповедь</b>.,⛪,f
un vivre,пропитание; жизнь,Le <b>vivre</b> et le couvert.,<b>Пропитание</b> и кров.,🏠,m
vouer,посвящать,<b>Vouer</b> sa vie à l'art.,<b>Посвятить</b> жизнь искусству.,🎨,v
une objection,возражение,Aucune <b>objection</b>.,Никаких <b>возражений</b>.,✋,f
une provision,запас,Faire des <b>provisions</b>.,Делать <b>запасы</b>.,🛒,f
une sieste,сиеста,Faire une <b>sieste</b>.,<b>Вздремнуть</b>.,😴,f
susciter,вызывать,<b>Susciter</b> l'intérêt.,<b>Вызывать</b> интерес.,💡,v
"aimé, aimée",любимый,Mon fils <b>aimé</b>.,Мой <b>любимый</b> сын.,❤️,adj
une punition,наказание,Une <b>punition</b> sévère.,Суровое <b>наказание</b>.,😔,f
photographier,фотографировать,J'aime <b>photographier</b>.,Я люблю <b>фотографировать</b>.,📷,v
un mannequin,манекен; модель,Un <b>mannequin</b> de vitrine.,Витринный <b>манекен</b>.,👤,m
engloutir,поглощать,Le tsunami a <b>englouti</b> la ville.,Цунами <b>поглотило</b> город.,🌊,v
un prophète,пророк,Les paroles du <b>prophète</b>.,Слова <b>пророка</b>.,📜,m
une phase,фаза,La première <b>phase</b>.,Первая <b>фаза</b>.,📊,f
supplémentaire,дополнительный,Un effort <b>supplémentaire</b>.,<b>Дополнительное</b> усилие.,➕,adj
un appart,квартира (разг.),Un petit <b>appart</b>.,Маленькая <b>квартирка</b>.,🏠,m
une bouffe,еда (разг.),On se fait une <b>bouffe</b> ?,Поедим?,🍔,f
"un méchant, une méchante",злодей,Le <b>méchant</b> du film.,<b>Злодей</b> фильма.,😈,m/f
"inférieur, inférieure",нижний,L'étage <b>inférieur</b>.,<b>Нижний</b> этаж.,⬇️,adj
un cognac,коньяк,Un verre de <b>cognac</b>.,Бокал <b>коньяка</b>.,🥃,m
une inspiration,вдохновение,Une source d'<b>inspiration</b>.,Источник <b>вдохновения</b>.,✨,f
une livraison,доставка,La <b>livraison</b> est gratuite.,<b>Доставка</b> бесплатная.,📦,f
un parquet,паркет,Un <b>parquet</b> en chêne.,Дубовый <b>паркет</b>.,🪵,m
un cran,зарубка; смелость,Il a du <b>cran</b>.,У него есть <b>смелость</b>.,💪,m
un idéal,идеал,Mon <b>idéal</b> de vie.,Мой <b>идеал</b> жизни.,✨,m
branler,дрочить (груб.); шатать,Qu'est-ce que tu <b>branles</b> ? (vulgaire),Чем ты <b>занимаешься</b>? (груб.),🤬,v
un pouls,пульс,Prendre le <b>pouls</b>.,Измерить <b>пульс</b>.,❤️,m
une hache,топор,Coupe avec la <b>hache</b>.,Руби <b>топором</b>.,🪓,f
une déesse,богиня,Une <b>déesse</b> grecque.,Греческая <b>богиня</b>.,👑,f
un délice,наслаждение,Quel <b>délice</b> !,Какое <b>наслаждение</b>!,😋,m
un bouclier,щит,Lève ton <b>bouclier</b>.,Подними <b>щит</b>.,🛡️,m
cultiver,выращивать,<b>Cultiver</b> des légumes.,<b>Выращивать</b> овощи.,🥕,v
rajouter,добавлять,<b>Rajoute</b> du sel.,<b>Добавь</b> соли.,🧂,v
botter,бить ногой,<b>Botter</b> le ballon.,<b>Пнуть</b> мяч.,⚽,v
"oublié, oubliée",забытый,Un ami <b>oublié</b>.,<b>Забытый</b> друг.,🤔,adj
"uni, unie",объединённый,Les Nations <b>Unies</b>.,<b>Объединённые</b> Нации.,🌍,adj
"actif, active",активный,Un mode de vie <b>actif</b>.,<b>Активный</b> образ жизни.,🏃,adj
un toast,тост,Porter un <b>toast</b>.,Произнести <b>тост</b>.,🥂,m
une gentillesse,доброта,Merci pour ta <b>gentillesse</b>.,Спасибо за твою <b>доброту</b>.,😊,f
une gorgée,глоток,Une <b>gorgée</b> d'eau.,<b>Глоток</b> воды.,💧,f
larguer,сбрасывать; бросать,<b>Largue</b> les amarres.,<b>Отдай</b> швартовы.,⚓,v
"insensé, insensée",безумный,Un projet <b>insensé</b>.,<b>Безумный</b> проект.,🤪,adj
un pull,свитер,Mets ton <b>pull</b>.,Надень <b>свитер</b>.,🧥,m
métallique,металлический,Un son <b>métallique</b>.,<b>Металлический</b> звук.,🔩,adj
fouetter,хлестать,Le vent <b>fouette</b> le visage.,Ветер <b>хлещет</b> по лицу.,💨,v
empoigner,хватать,<b>Empoigne</b> la corde.,<b>Хватай</b> верёвку.,✊,v
un do,нота до,Un <b>do</b> majeur.,<b>До</b> мажор.,🎵,m
un parcours,маршрут,Le <b>parcours</b> du marathon.,<b>Маршрут</b> марафона.,🏃,m
"maître, maîtresse",главный; ведущий,La pièce <b>maîtresse</b>.,<b>Главная</b> деталь.,🏆,adj
une considération,уважение,Avec toute ma <b>considération</b>.,С моим <b>уважением</b>.,🙏,f
quatrième,четвёртый,Le <b>quatrième</b> étage.,<b>Четвёртый</b> этаж.,4️⃣,adj
une bulle,пузырь,Une <b>bulle</b> de savon.,Мыльный <b>пузырь</b>.,🫧,f
rôder,бродить,Un chien qui <b>rôde</b>.,"Собака, которая <b>бродит</b>.",🐕,v
un dentiste,стоматолог,J'ai rendez-vous chez le <b>dentiste</b>.,У меня приём у <b>стоматолога</b>.,🦷,m
un travailleur,работник,Un <b>travailleur</b> acharné.,Усердный <b>работник</b>.,👷,m
un maquillage,макияж,Le <b>maquillage</b> est parfait.,<b>Макияж</b> идеален.,💄,m
un bisou,поцелуй (разг.),Un petit <b>bisou</b>.,Маленький <b>поцелуйчик</b>.,😘,m
"indien, indienne",индийский,La cuisine <b>indienne</b>.,<b>Индийская</b> кухня.,🇮🇳,adj
une association,ассоциация,Une <b>association</b> caritative.,Благотворительная <b>организация</b>.,🤝,f
un soulagement,облегчение,Quel <b>soulagement</b> !,Какое <b>облегчение</b>!,😌,m
rouvrir,снова открывать,Le magasin va <b>rouvrir</b>.,Магазин снова <b>откроется</b>.,🏪,v
une épaisseur,толщина,L'<b>épaisseur</b> du mur.,<b>Толщина</b> стены.,📏,f
gigantesque,гигантский,Un projet <b>gigantesque</b>.,<b>Гигантский</b> проект.,🗿,adj
un frein,тормоз,Appuie sur le <b>frein</b>.,Нажми на <b>тормоз</b>.,🚗,m
un supérieur,начальник,Mon <b>supérieur</b> hiérarchique.,Мой <b>начальник</b>.,👔,m
une gravité,серьёзность; гравитация,La <b>gravité</b> de la situation.,<b>Серьёзность</b> ситуации.,⚠️,f
un golf,гольф,Jouer au <b>golf</b>.,Играть в <b>гольф</b>.,⛳,m
ébranler,потрясать,Cette nouvelle m'a <b>ébranlé</b>.,Эта новость меня <b>потрясла</b>.,😮,v
démissionner,увольняться,Il a <b>démissionné</b>.,Он <b>уволился</b>.,📝,v
une perfection,совершенство,La <b>perfection</b> n'existe pas.,<b>Совершенства</b> не существует.,✨,f
funèbre,траурный,Une marche <b>funèbre</b>.,<b>Траурный</b> марш.,⚰️,adj
un loisir,досуг,Les <b>loisirs</b> du week-end.,<b>Досуг</b> на выходных.,🎮,m
une agitation,волнение,Une grande <b>agitation</b>.,Сильное <b>волнение</b>.,😰,f
un philosophe,философ,Un grand <b>philosophe</b>.,Великий <b>философ</b>.,🤔,m
"flou, floue",размытый,Une image <b>floue</b>.,<b>Размытое</b> изображение.,📷,adj
enculer,трахать в зад (груб.),<b>Enculé</b> ! (insulte vulgaire),<b>Пошёл ты</b>! (груб.),🤬,v
un psychiatre,психиатр,Consulter un <b>psychiatre</b>.,Обратиться к <b>психиатру</b>.,🧠,m
un certificat,сертификат,Un <b>certificat</b> médical.,Медицинская <b>справка</b>.,📜,m
"étonné, étonnée",удивлённый,Je suis <b>étonné</b>.,Я <b>удивлён</b>.,😮,adj
planer,парить,L'oiseau <b>plane</b>.,Птица <b>парит</b>.,🦅,v
une manie,мания,C'est une <b>manie</b>.,Это <b>мания</b>.,🔄,f
un bidon,канистра,Un <b>bidon</b> d'essence.,<b>Канистра</b> бензина.,⛽,m
un trajet,маршрут,Le <b>trajet</b> est court.,<b>Маршрут</b> короткий.,🚶,m
une cathédrale,собор,La <b>cathédrale</b> Notre-Dame.,<b>Собор</b> Нотр-Дам.,⛪,f
une sonnerie,звонок,La <b>sonnerie</b> du téléphone.,<b>Звонок</b> телефона.,📱,f
merder,облажаться (груб.),J'ai <b>merdé</b> l'examen.,Я <b>завалил</b> экзамен.,💩,v
une forteresse,крепость,Une ancienne <b>forteresse</b>.,Древняя <b>крепость</b>.,🏰,f
un délit,правонарушение,Commettre un <b>délit</b>.,Совершить <b>правонарушение</b>.,⚖️,m
une pince,щипцы; клешня,Une <b>pince</b> à linge.,<b>Прищепка</b>.,🦀,f
"pointu, pointue",острый,Un nez <b>pointu</b>.,<b>Острый</b> нос.,📍,adj
diminuer,уменьшать,<b>Diminue</b> le volume.,<b>Убавь</b> громкость.,🔉,v
fusiller,расстреливать,<b>Fusiller</b> quelqu'un.,<b>Расстрелять</b> кого-то.,🔫,v
un basket,баскетбол; кроссовок,Jouer au <b>basket</b>.,Играть в <b>баскетбол</b>.,🏀,m
ronfler,храпеть,Il <b>ronfle</b> fort.,Он громко <b>храпит</b>.,😴,v
"vital, vitale",жизненно важный,C'est <b>vital</b>.,Это <b>жизненно важно</b>.,❤️,adj
"ras, rase",коротко подстриженный,Les cheveux <b>ras</b>.,Коротко <b>стриженные</b> волосы.,💇,adj
un chiffon,тряпка,Prends un <b>chiffon</b>.,Возьми <b>тряпку</b>.,🧹,m
"directeur, directrice",руководящий,Le comité <b>directeur</b>.,<b>Руководящий</b> комитет.,💼,adj
un buste,бюст,Le <b>buste</b> d'une statue.,<b>Бюст</b> статуи.,🗿,m
une semelle,подошва,La <b>semelle</b> de la chaussure.,<b>Подошва</b> обуви.,👟,f
une discrétion,скромность,Avec <b>discrétion</b>.,Со <b>скромностью</b>.,🤫,f
intriguer,интриговать,Ça m'<b>intrigue</b>.,Это меня <b>интригует</b>.,🤔,v
"permanent, permanente",постоянный,Un emploi <b>permanent</b>.,<b>Постоянная</b> работа.,📌,adj
un rouleau,рулон,Un <b>rouleau</b> de papier.,<b>Рулон</b> бумаги.,📜,m
multiple,многочисленный,Des choix <b>multiples</b>.,<b>Многочисленные</b> варианты.,🔢,adj
un songe,мечта; сон,Un doux <b>songe</b>.,Сладкий <b>сон</b>.,💭,m
une fraise,клубника,Une tarte aux <b>fraises</b>.,Пирог с <b>клубникой</b>.,🍓,f
une piqûre,укол,Une <b>piqûre</b> d'abeille.,Пчелиный <b>укус</b>.,🐝,f
un réflexe,рефлекс,Un <b>réflexe</b> rapide.,Быстрый <b>рефлекс</b>.,⚡,m
une politesse,вежливость,Par <b>politesse</b>.,Из <b>вежливости</b>.,🙂,f
un par,номинал; пар,Au-dessus du <b>par</b>.,Выше <b>номинала</b>.,📊,m
une rancune,злоба,Sans <b>rancune</b>.,Без <b>обиды</b>.,😌,f
encadrer,обрамлять,<b>Encadre</b> la photo.,<b>Вставь в рамку</b> фото.,🖼️,v
un foin,сено,Une meule de <b>foin</b>.,Стог <b>сена</b>.,🌾,m
"cuit, cuite",варёный,Un œuf <b>cuit</b> dur.,Яйцо <b>сваренное</b> вкрутую.,🥚,adj
honorable,почётный,Une mention <b>honorable</b>.,<b>Почётное</b> упоминание.,🏅,adj
accroupir,приседать,<b>Accroupis</b>-toi.,<b>Присядь</b>.,🧎,v
"un barbier, une barbière",цирюльник,Le <b>barbier</b> coupe les cheveux.,<b>Цирюльник</b> стрижёт волосы.,💈,m/f
un malentendu,недоразумение,C'est un <b>malentendu</b>.,Это <b>недоразумение</b>.,🤷,m
un plein,полный бак; разгар,Faire le <b>plein</b> d'essence.,<b>Заправить</b> полный бак.,⛽,m
un évêque,епископ,L'<b>évêque</b> bénit.,<b>Епископ</b> благословляет.,⛪,m
dévisager,разглядывать,Il me <b>dévisage</b>.,Он меня <b>разглядывает</b>.,👀,v
un hurlement,вопль,Un <b>hurlement</b> de douleur.,<b>Вопль</b> боли.,😱,m
délirer,бредить,Tu <b>délires</b> !,Ты <b>бредишь</b>!,🤪,v
une procédure,процедура,Suivre la <b>procédure</b>.,Следовать <b>процедуре</b>.,📋,f
"clandestin, clandestine",подпольный,Un immigrant <b>clandestin</b>.,<b>Нелегальный</b> иммигрант.,🙈,adj
une tige,стебель,La <b>tige</b> de la fleur.,<b>Стебель</b> цветка.,🌷,f
un autel,алтарь,L'<b>autel</b> de l'église.,<b>Алтарь</b> церкви.,⛪,m
un boy,бой; слуга,Le <b>boy</b> apporte le thé.,<b>Слуга</b> приносит чай.,🧑‍🍳,m
un équipement,оборудование,L'<b>équipement</b> sportif.,Спортивное <b>оборудование</b>.,🏋️,m
un combattant,боец,Un <b>combattant</b> courageux.,Храбрый <b>боец</b>.,⚔️,m
une substance,вещество,Une <b>substance</b> toxique.,Токсичное <b>вещество</b>.,🧪,f
une pudeur,стыдливость,Avec <b>pudeur</b>.,Со <b>скромностью</b>.,😊,f
une ère,эра,Une nouvelle <b>ère</b>.,Новая <b>эра</b>.,📅,f
un bourreau,палач,Le <b>bourreau</b> exécute.,<b>Палач</b> казнит.,⚔️,m
inévitable,неизбежный,C'est <b>inévitable</b>.,Это <b>неизбежно</b>.,😔,adj
un interrogatoire,допрос,Un <b>interrogatoire</b> de police.,Полицейский <b>допрос</b>.,🚔,m
une prudence,осторожность,Avec <b>prudence</b>.,С <b>осторожностью</b>.,⚠️,f
intimider,запугивать,Ne te laisse pas <b>intimider</b>.,Не позволяй себя <b>запугать</b>.,😤,v
un exploit,подвиг,Un <b>exploit</b> héroïque.,Героический <b>подвиг</b>.,🏆,m
un poêle,печь; сковорода,Le <b>poêle</b> à bois.,Дровяная <b>печь</b>.,🔥,m
une poêle,сковородка,La <b>poêle</b> est chaude.,<b>Сковородка</b> горячая.,🍳,f
évoluer,развиваться,La situation <b>évolue</b>.,Ситуация <b>развивается</b>.,📈,v
sombrer,тонуть; погружаться,<b>Sombrer</b> dans la dépression.,<b>Погрузиться</b> в депрессию.,😔,v
un tournage,съёмки,Le <b>tournage</b> du film.,<b>Съёмки</b> фильма.,🎬,m
une nièce,племянница,C'est ma <b>nièce</b>.,Это моя <b>племянница</b>.,👧,f
louper,упускать (разг.),J'ai <b>loupé</b> le train.,Я <b>опоздал</b> на поезд.,🚂,v
trinquer,чокаться,<b>Trinquons</b> à ta santé !,<b>Выпьем</b> за твоё здоровье!,🥂,v
une république,республика,La <b>République</b> française.,Французская <b>Республика</b>.,🇫🇷,f
tâter,ощупывать,<b>Tâte</b> le terrain.,<b>Прощупай</b> почву.,🤚,v
un ciment,цемент,Un mur en <b>ciment</b>.,Стена из <b>цемента</b>.,🧱,m
un sabre,сабля,Un <b>sabre</b> laser.,Световой <b>меч</b>.,⚔️,m
un terroriste,террорист,Arrêter un <b>terroriste</b>.,Арестовать <b>террориста</b>.,🚔,m
un jambon,ветчина,Un sandwich au <b>jambon</b>.,Сэндвич с <b>ветчиной</b>.,🥪,m
une observation,наблюдение,Une <b>observation</b> pertinente.,Уместное <b>наблюдение</b>.,👀,f
une fantaisie,фантазия,Une <b>fantaisie</b> musicale.,Музыкальная <b>фантазия</b>.,🎵,f
un parapluie,зонт,Prends ton <b>parapluie</b>.,Возьми <b>зонт</b>.,☂️,m
dépouiller,обирать; лишать,<b>Dépouiller</b> les victimes.,<b>Обобрать</b> жертв.,💰,v
"polonais, polonaise",польский,La cuisine <b>polonaise</b>.,<b>Польская</b> кухня.,🇵🇱,adj
une bille,шарик,Jouer aux <b>billes</b>.,Играть в <b>шарики</b>.,🔮,f
imaginaire,воображаемый,Un ami <b>imaginaire</b>.,<b>Воображаемый</b> друг.,💭,adj
un brin,стебелёк; немного,Un <b>brin</b> d'herbe.,<b>Травинка</b>.,🌿,m
un hangar,ангар,Un <b>hangar</b> à avions.,Авиационный <b>ангар</b>.,✈️,m
un pâté,паштет,Un <b>pâté</b> de campagne.,Деревенский <b>паштет</b>.,🥖,m
soi-disant,так называемый,Un <b>soi-disant</b> expert.,<b>Так называемый</b> эксперт.,🤔,adj
"incertain, incertaine",неопределённый,L'avenir est <b>incertain</b>.,Будущее <b>неопределённо</b>.,❓,adj
un tombeau,гробница,Le <b>tombeau</b> du pharaon.,<b>Гробница</b> фараона.,⚰️,m
identique,идентичный,Deux jumeaux <b>identiques</b>.,Два <b>идентичных</b> близнеца.,👬,adj
"majeur, majeure",главный; совершеннолетний,Un problème <b>majeur</b>.,<b>Главная</b> проблема.,❗,adj
"odieux, odieuse",отвратительный,Un crime <b>odieux</b>.,<b>Отвратительное</b> преступление.,😠,adj
un citron,лимон,Un jus de <b>citron</b>.,Лимонный <b>сок</b>.,🍋,m
une fourmi,муравей,Une colonie de <b>fourmis</b>.,Колония <b>муравьёв</b>.,🐜,f
un battement,биение,Le <b>battement</b> du cœur.,<b>Биение</b> сердца.,❤️,m
"favori, favorite",любимый,Mon plat <b>favori</b>.,Моё <b>любимое</b> блюдо.,⭐,adj
un football,футбол,Jouer au <b>football</b>.,Играть в <b>футбол</b>.,⚽,m
un chaos,хаос,C'est le <b>chaos</b>.,Это <b>хаос</b>.,🌀,m
une audace,смелость,Quelle <b>audace</b> !,Какая <b>дерзость</b>!,💪,f
périr,погибать,<b>Périr</b> en mer.,<b>Погибнуть</b> в море.,🌊,v
acharner,ожесточённо нападать,Il s'<b>acharne</b> sur moi.,Он <b>ожесточённо</b> на меня нападает.,😤,v
une chaussée,мостовая,La <b>chaussée</b> est glissante.,<b>Дорога</b> скользкая.,🛣️,f
"volé, volée",украденный,Une voiture <b>volée</b>.,<b>Угнанная</b> машина.,🚗,adj
une malle,чемодан,Une vieille <b>malle</b>.,Старый <b>чемодан</b>.,🧳,f
un robinet,кран,Ferme le <b>robinet</b>.,Закрой <b>кран</b>.,🚰,m
décharger,разгружать,<b>Décharge</b> le camion.,<b>Разгрузи</b> грузовик.,🚚,v
"isolé, isolée",изолированный,Un village <b>isolé</b>.,<b>Изолированная</b> деревня.,🏔️,adj
baver,пускать слюни,Le bébé <b>bave</b>.,Малыш <b>пускает слюни</b>.,👶,v
agrandir,увеличивать,<b>Agrandis</b> la photo.,<b>Увеличь</b> фото.,🔍,v
complice,сообщник,Il est son <b>complice</b>.,Он его <b>сообщник</b>.,🤝,adj
explorer,исследовать,<b>Explorer</b> la jungle.,<b>Исследовать</b> джунгли.,🌴,v
un chameau,верблюд,Le <b>chameau</b> traverse le désert.,<b>Верблюд</b> пересекает пустыню.,🐫,m
interne,внутренний,Un conflit <b>interne</b>.,<b>Внутренний</b> конфликт.,🔄,adj
mécanique,механический,Une panne <b>mécanique</b>.,<b>Механическая</b> поломка.,🔧,adj
un vote,голосование,Le <b>vote</b> est terminé.,<b>Голосование</b> завершено.,🗳️,m
un survivant,выживший,Les <b>survivants</b> du crash.,<b>Выжившие</b> после крушения.,🙏,m
un peignoir,халат,Mets ton <b>peignoir</b>.,Надень <b>халат</b>.,🛁,m
"exquis, exquise",изысканный,Un goût <b>exquis</b>.,<b>Изысканный</b> вкус.,😋,adj
un ciseau,ножницы,Une paire de <b>ciseaux</b>.,<b>Ножницы</b>.,✂️,m
une technologie,технология,La nouvelle <b>technologie</b>.,Новая <b>технология</b>.,💻,f
interpréter,интерпретировать,<b>Interpréter</b> un rôle.,<b>Исполнять</b> роль.,🎭,v
un flacon,флакон,Un <b>flacon</b> de parfum.,<b>Флакон</b> духов.,🧴,m
un bombardement,бомбардировка,Un <b>bombardement</b> aérien.,Воздушная <b>бомбардировка</b>.,💣,m
habile,ловкий,Il est <b>habile</b> de ses mains.,Он <b>ловок</b> руками.,🤹,adj
un torse,торс,Un <b>torse</b> nu.,Голый <b>торс</b>.,💪,m
une étiquette,этикетка,L'<b>étiquette</b> du prix.,Ценовая <b>этикетка</b>.,🏷️,f
accourir,прибегать,Il <b>accourt</b> à mon aide.,Он <b>прибежал</b> мне на помощь.,🏃,v
un défilé,парад; дефиле,Un <b>défilé</b> militaire.,Военный <b>парад</b>.,🪖,m
une coupure,порез; отключение,Une <b>coupure</b> de courant.,<b>Отключение</b> электричества.,⚡,f
une déception,разочарование,Quelle <b>déception</b> !,Какое <b>разочарование</b>!,😞,f
un pleur,плач,Des <b>pleurs</b> de bébé.,<b>Плач</b> ребёнка.,😢,m
un professionnel,профессионал,C'est un vrai <b>professionnel</b>.,Он настоящий <b>профессионал</b>.,💼,m
une nostalgie,ностальгия,Une douce <b>nostalgie</b>.,Сладкая <b>ностальгия</b>.,😌,f
une remise,скидка; сарай,Une <b>remise</b> de 20%.,<b>Скидка</b> 20%.,💰,f
dissiper,рассеивать,<b>Dissiper</b> les doutes.,<b>Рассеять</b> сомнения.,💨,v
un haricot,фасоль,Des <b>haricots</b> verts.,Зелёная <b>фасоль</b>.,🫘,m
une décharge,свалка; разряд,Une <b>décharge</b> électrique.,Электрический <b>разряд</b>.,⚡,f
une femelle,самка,La <b>femelle</b> du lion.,<b>Самка</b> льва.,🦁,f
une tripe,потроха; кишка,Les <b>tripes</b> à la mode de Caen.,<b>Рубец</b> по-канскиt.,🥩,f
un réalisateur,режиссёр,Le <b>réalisateur</b> du film.,<b>Режиссёр</b> фильма.,🎬,m
repenser,переосмысливать,<b>Repenser</b> le projet.,<b>Переосмыслить</b> проект.,🤔,v
"doué, douée",одарённый,Il est <b>doué</b> pour la musique.,Он <b>одарён</b> в музыке.,🎵,adj
un indien,индеец; индиец,C'est un plat <b>indien</b>.,Это <b>индийское</b> блюдо.,🍛,m
refiler,передавать (разг.),<b>Refile</b>-moi ça.,<b>Передай</b> мне это.,🤝,v
une ignorance,невежество,L'<b>ignorance</b> est dangereuse.,<b>Невежество</b> опасно.,📚,f
une vanité,тщеславие,La <b>vanité</b> humaine.,Человеческое <b>тщеславие</b>.,🪞,f
une épingle,булавка,Une <b>épingle</b> à cheveux.,<b>Шпилька</b> для волос.,📌,f
élargir,расширять,<b>Élargir</b> la route.,<b>Расширить</b> дорогу.,🛣️,v
une pelouse,газон,Tondre la <b>pelouse</b>.,Стричь <b>газон</b>.,🌱,f
adulte,взрослый,Un <b>adulte</b> responsable.,Ответственный <b>взрослый</b>.,👨,adj
contribuer,способствовать,<b>Contribuer</b> au projet.,<b>Способствовать</b> проекту.,🤝,v
peupler,населять,<b>Peupler</b> une région.,<b>Населить</b> регион.,👥,v
"solennel, solennelle",торжественный,Une cérémonie <b>solennelle</b>.,<b>Торжественная</b> церемония.,🎖️,adj
une confiture,варенье,La <b>confiture</b> de fraises.,Клубничное <b>варенье</b>.,🍓,f
une farce,фарс; розыгрыш,Quelle <b>farce</b> !,Какой <b>фарс</b>!,😂,f
un député,депутат,Le <b>député</b> vote la loi.,<b>Депутат</b> голосует за закон.,🏛️,m
une destination,место назначения,Quelle est ta <b>destination</b> ?,Какой пункт <b>назначения</b>?,✈️,f
renouveler,возобновлять,<b>Renouveler</b> son passeport.,<b>Обновить</b> паспорт.,📔,v
"tordu, tordue",скрученный,Un fil <b>tordu</b>.,<b>Скрученная</b> проволока.,🔄,adj
une poire,груша,Une tarte aux <b>poires</b>.,Пирог с <b>грушами</b>.,🍐,f
une saute,скачок; перепад,Une <b>saute</b> d'humeur.,<b>Перепад</b> настроения.,😤,f
un parler,говор; речь,Le <b>parler</b> québécois.,Квебекский <b>говор</b>.,🗣️,m
une harmonie,гармония,Vivre en <b>harmonie</b>.,Жить в <b>гармонии</b>.,☯️,f
"inconscient, inconsciente",бессознательный,Il est <b>inconscient</b>.,Он <b>без сознания</b>.,😵,adj
obséder,одержимо преследовать,Cette idée m'<b>obsède</b>.,Эта мысль меня <b>преследует</b>.,🧠,v
un scrupule,угрызение совести,Sans <b>scrupule</b>.,Без <b>угрызений совести</b>.,😬,m
liquide,жидкий,Un savon <b>liquide</b>.,<b>Жидкое</b> мыло.,💧,adj
une stupeur,оцепенение,Frappé de <b>stupeur</b>.,Поражённый <b>оцепенением</b>.,😮,f
"clos, close",закрытый,À huis <b>clos</b>.,За закрытыми <b>дверями</b>.,🚪,adj
antique,античный,Une civilisation <b>antique</b>.,<b>Античная</b> цивилизация.,🏛️,adj
une amertume,горечь,Avec <b>amertume</b>.,С <b>горечью</b>.,😔,f
une légion,легион,La Légion <b>étrangère</b>.,Иностранный <b>легион</b>.,🪖,f
un contenu,содержимое,Le <b>contenu</b> du paquet.,<b>Содержимое</b> пакета.,📦,m
un continent,континент,Le <b>continent</b> africain.,Африканский <b>континент</b>.,🌍,m
une évolution,эволюция,L'<b>évolution</b> des espèces.,<b>Эволюция</b> видов.,🦎,f
tacher,пачкать,Ne <b>tache</b> pas ta chemise.,Не <b>испачкай</b> рубашку.,👕,v
un ras,уровень; вровень,Au <b>ras</b> du sol.,<b>Вровень</b> с землёй.,📏,m
une corvée,повинность; нудная работа,Quelle <b>corvée</b> !,Какая <b>морока</b>!,😩,f
un feuillage,листва,Le <b>feuillage</b> des arbres.,<b>Листва</b> деревьев.,🌿,m
une casse,слом; разбитое,Il y a de la <b>casse</b>.,Есть <b>поломки</b>.,💔,f
un écolier,школьник,Un jeune <b>écolier</b>.,Юный <b>школьник</b>.,📚,m
proclamer,провозглашать,<b>Proclamer</b> la victoire.,<b>Провозгласить</b> победу.,📢,v
un commencement,начало,Le <b>commencement</b> du monde.,<b>Начало</b> мира.,🌅,m
un couvercle,крышка,Mets le <b>couvercle</b>.,Надень <b>крышку</b>.,🍲,m
dévoiler,раскрывать,<b>Dévoiler</b> un secret.,<b>Раскрыть</b> секрет.,🤫,v
un crapaud,жаба,Un <b>crapaud</b> dans le jardin.,<b>Жаба</b> в саду.,🐸,m
indépendant,независимый,Un travailleur <b>indépendant</b>.,<b>Независимый</b> работник.,💼,adj
passionner,увлекать,Ce sujet me <b>passionne</b>.,Эта тема меня <b>увлекает</b>.,❤️,v
un étang,пруд,Un <b>étang</b> de poissons.,<b>Пруд</b> с рыбами.,🐟,m
baser,основывать,<b>Basé</b> sur une histoire vraie.,<b>Основано</b> на реальных событиях.,📖,v
résigner,смиряться,Il s'est <b>résigné</b>.,Он <b>смирился</b>.,😔,v
une griffe,коготь,Les <b>griffes</b> du chat.,<b>Когти</b> кота.,🐱,f
extraire,извлекать,<b>Extraire</b> une dent.,<b>Удалить</b> зуб.,🦷,v
un confort,комфорт,Le <b>confort</b> de la maison.,<b>Комфорт</b> дома.,🏠,m
une salive,слюна,La <b>salive</b> aide à digérer.,<b>Слюна</b> помогает пищеварению.,💧,f
gifler,давать пощёчину,Elle l'a <b>giflé</b>.,Она дала ему <b>пощёчину</b>.,✋,v
une croûte,корка,La <b>croûte</b> du pain.,<b>Корка</b> хлеба.,🍞,f
anniversaire,юбилейный,Une édition <b>anniversaire</b>.,<b>Юбилейное</b> издание.,🎂,adj
un rite,обряд,Un <b>rite</b> religieux.,Религиозный <b>обряд</b>.,🙏,m
éclaircir,прояснять,<b>Éclaircis</b> la situation.,<b>Проясни</b> ситуацию.,💡,v
"répugnant, répugnante",отвратительный,Un comportement <b>répugnant</b>.,<b>Отвратительное</b> поведение.,🤢,adj
un record,рекорд,Battre un <b>record</b>.,Побить <b>рекорд</b>.,🏆,m
implorer,умолять,<b>Implorer</b> le pardon.,<b>Умолять</b> о прощении.,🙏,v
une fosse,яма,Une <b>fosse</b> commune.,Общая <b>могила</b>.,🕳️,f
une pharmacie,аптека,Acheter à la <b>pharmacie</b>.,Купить в <b>аптеке</b>.,💊,f
"strict, stricte",строгий,Des règles <b>strictes</b>.,<b>Строгие</b> правила.,📋,adj
un pois,горох,Des petits <b>pois</b>.,Зелёный <b>горошек</b>.,🫛,m
un foulard,платок,Un <b>foulard</b> de soie.,Шёлковый <b>платок</b>.,🧣,m
"financier, financière",финансовый,Une crise <b>financière</b>.,<b>Финансовый</b> кризис.,💰,adj
accéder,получать доступ,<b>Accéder</b> au site.,<b>Получить доступ</b> к сайту.,🔓,v
une antenne,антенна,L'<b>antenne</b> de télévision.,Телевизионная <b>антенна</b>.,📡,f
"aîné, aînée",старший,Mon frère <b>aîné</b>.,Мой <b>старший</b> брат.,👨,adj
une simplicité,простота,La <b>simplicité</b> est la clé.,<b>Простота</b> — это ключ.,✨,f
une flûte,флейта,Jouer de la <b>flûte</b>.,Играть на <b>флейте</b>.,🎵,f
encaisser,выдерживать; инкассировать,Il sait <b>encaisser</b> les coups.,Он умеет <b>выдерживать</b> удары.,🥊,v
un dessein,замысел,Avec le <b>dessein</b> de réussir.,С <b>намерением</b> преуспеть.,🎯,m
un missile,ракета,Un <b>missile</b> nucléaire.,Ядерная <b>ракета</b>.,🚀,m
un registre,реестр,Le <b>registre</b> des naissances.,<b>Реестр</b> рождений.,📋,m
"gênant, gênante",неловкий,Une situation <b>gênante</b>.,<b>Неловкая</b> ситуация.,😳,adj
épouvantable,ужасающий,Un temps <b>épouvantable</b>.,<b>Ужасная</b> погода.,🌧️,adj
paralyser,парализовать,La peur le <b>paralyse</b>.,Страх его <b>парализует</b>.,😨,v
résumer,резюмировать,<b>Résume</b> l'histoire.,<b>Резюмируй</b> историю.,📝,v
féroce,свирепый,Un animal <b>féroce</b>.,<b>Свирепое</b> животное.,🦁,adj
ruer,брыкаться,Le cheval se <b>rue</b>.,Лошадь <b>брыкается</b>.,🐴,v
faciliter,облегчать,<b>Faciliter</b> le travail.,<b>Облегчить</b> работу.,👍,v
incompréhensible,непонятный,C'est <b>incompréhensible</b>.,Это <b>непонятно</b>.,🤷,adj
diffuser,распространять,<b>Diffuser</b> une émission.,<b>Транслировать</b> передачу.,📺,v
go,старт; поехали,C'est <b>go</b> !,<b>Поехали</b>!,🚦,m
un jeton,жетон,Un <b>jeton</b> de casino.,Казино <b>жетон</b>.,🎰,m
un business,бизнес,Faire du <b>business</b>.,Делать <b>бизнес</b>.,💼,m
une farine,мука,De la <b>farine</b> de blé.,Пшеничная <b>мука</b>.,🌾,f
"bruyant, bruyante",шумный,Une rue <b>bruyante</b>.,<b>Шумная</b> улица.,📢,adj
redonner,возвращать,<b>Redonne</b>-moi mon livre.,<b>Верни</b> мне мою книгу.,📚,v
un fermier,фермер,Le <b>fermier</b> cultive ses terres.,<b>Фермер</b> обрабатывает землю.,🧑‍🌾,m
embaucher,нанимать,<b>Embaucher</b> un employé.,<b>Нанять</b> сотрудника.,💼,v
souiller,осквернять,<b>Souiller</b> une réputation.,<b>Запятнать</b> репутацию.,😔,v
un manuscrit,рукопись,Un vieux <b>manuscrit</b>.,Старая <b>рукопись</b>.,📜,m
"éclatant, éclatante",яркий,Une couleur <b>éclatante</b>.,<b>Яркий</b> цвет.,✨,adj
éblouir,ослеплять,Le soleil m'<b>éblouit</b>.,Солнце меня <b>ослепляет</b>.,☀️,v
un square,сквер,Un <b>square</b> avec des bancs.,<b>Сквер</b> со скамейками.,🌳,m
une agression,агрессия,Victime d'une <b>agression</b>.,Жертва <b>нападения</b>.,😨,f
un tournant,поворот,Un <b>tournant</b> décisif.,<b>Решающий</b> поворот.,🔄,m
activer,активировать,<b>Active</b> le système.,<b>Активируй</b> систему.,⚡,v
"traditionnel, traditionnelle",традиционный,Une fête <b>traditionnelle</b>.,<b>Традиционный</b> праздник.,🎉,adj
"sauf, sauve",невредимый,Il est sain et <b>sauf</b>.,Он цел и <b>невредим</b>.,✅,adj
"constant, constante",постоянный,Un effort <b>constant</b>.,<b>Постоянное</b> усилие.,💪,adj
"tremblant, tremblante",дрожащий,Une voix <b>tremblante</b>.,<b>Дрожащий</b> голос.,😨,adj
abaisser,опускать,<b>Abaisse</b> le levier.,<b>Опусти</b> рычаг.,⬇️,v
un oxygène,кислород,Manquer d'<b>oxygène</b>.,Нехватка <b>кислорода</b>.,💨,m
considérable,значительный,Une somme <b>considérable</b>.,<b>Значительная</b> сумма.,💰,adj
un péril,опасность,En <b>péril</b> de mort.,В смертельной <b>опасности</b>.,⚠️,m
un rivage,берег,Le <b>rivage</b> de la mer.,Морской <b>берег</b>.,🏖️,m
un clin,мигание,En un <b>clin</b> d'œil.,В <b>мгновение</b> ока.,👁️,m
une signification,значение,La <b>signification</b> du mot.,<b>Значение</b> слова.,📖,f
"satisfait, satisfaite",удовлетворённый,Je suis <b>satisfait</b>.,Я <b>удовлетворён</b>.,😊,adj
une rangée,ряд,Une <b>rangée</b> de chaises.,<b>Ряд</b> стульев.,🪑,f
attendrir,умилять,Ça m'<b>attendrit</b>.,Это меня <b>умиляет</b>.,🥹,v
liquider,ликвидировать,<b>Liquider</b> l'entreprise.,<b>Ликвидировать</b> компанию.,💼,v
économiser,экономить,<b>Économise</b> ton argent.,<b>Экономь</b> деньги.,💰,v
définir,определять,<b>Définis</b> ce mot.,<b>Определи</b> это слово.,📖,v
exploiter,эксплуатировать,<b>Exploiter</b> les ressources.,<b>Эксплуатировать</b> ресурсы.,⛏️,v
forger,ковать,<b>Forger</b> une épée.,<b>Выковать</b> меч.,🔨,v
prescrire,прописывать,<b>Prescrire</b> un médicament.,<b>Выписать</b> лекарство.,💊,v
une conquête,завоевание,La <b>conquête</b> de l'espace.,<b>Завоевание</b> космоса.,🚀,f
un bouchon,пробка,Le <b>bouchon</b> de liège.,Пробка из <b>пробки</b>.,🍾,m
une thèse,диссертация,Soutenir une <b>thèse</b>.,Защитить <b>диссертацию</b>.,🎓,f
questionner,допрашивать,<b>Questionner</b> le suspect.,<b>Допрашивать</b> подозреваемого.,🔍,v
une menotte,наручник,Mettre les <b>menottes</b>.,Надеть <b>наручники</b>.,⛓️,f
inspecter,инспектировать,<b>Inspecter</b> les lieux.,<b>Осмотреть</b> место.,🔍,v
un béton,бетон,Un mur en <b>béton</b>.,Стена из <b>бетона</b>.,🧱,m
un enregistrement,запись,L'<b>enregistrement</b> audio.,Аудио<b>запись</b>.,🎙️,m
aveugler,ослеплять,La lumière m'<b>aveugle</b>.,Свет меня <b>ослепляет</b>.,☀️,v
un pars,отъезд (устар.),Au moment du <b>pars</b>.,В момент <b>отъезда</b>.,🚶,m
"matériel, matérielle",материальный,Un bien <b>matériel</b>.,<b>Материальное</b> благо.,💎,adj
une éponge,губка,Nettoie avec une <b>éponge</b>.,Вытри <b>губкой</b>.,🧽,f
polir,полировать,<b>Polir</b> le métal.,<b>Отполировать</b> металл.,✨,v
authentique,подлинный,Un document <b>authentique</b>.,<b>Подлинный</b> документ.,📜,adj
inonder,затоплять,La rivière a <b>inondé</b> la ville.,Река <b>затопила</b> город.,🌊,v
un arc,дуга; лук,Un <b>arc</b>-en-ciel.,<b>Радуга</b>.,🌈,m
convenable,подходящий,Une solution <b>convenable</b>.,<b>Подходящее</b> решение.,👍,adj
un mineur,несовершеннолетний; шахтёр,C'est un <b>mineur</b>.,Он <b>несовершеннолетний</b>.,👦,m
une intuition,интуиция,Suivre son <b>intuition</b>.,Следовать <b>интуиции</b>.,🧠,f
une estime,уважение,J'ai de l'<b>estime</b> pour lui.,Я его <b>уважаю</b>.,🙏,f
une exigence,требование,Les <b>exigences</b> du poste.,<b>Требования</b> должности.,📋,f
flipper,паниковать (разг.),Ne <b>flippe</b> pas !,Не <b>паникуй</b>!,😱,v
un détenu,заключённый,Les <b>détenus</b> de la prison.,<b>Заключённые</b> тюрьмы.,🔒,m
rabattre,опускать; загонять,<b>Rabats</b> le capot.,<b>Опусти</b> капот.,🚗,v
une baguette,палочка; багет,Une <b>baguette</b> de pain.,<b>Багет</b>.,🥖,f
nucléaire,ядерный,L'énergie <b>nucléaire</b>.,<b>Ядерная</b> энергия.,☢️,adj
un éditeur,издатель,L'<b>éditeur</b> du livre.,<b>Издатель</b> книги.,📚,m
une humiliation,унижение,Subir une <b>humiliation</b>.,Испытать <b>унижение</b>.,😔,f
une automobile,автомобиль,Une <b>automobile</b> ancienne.,Старинный <b>автомобиль</b>.,🚗,f
bouillir,кипеть,L'eau <b>bout</b>.,Вода <b>кипит</b>.,♨️,v
un recours,прибежище; апелляция,Sans <b>recours</b>.,Без <b>апелляции</b>.,⚖️,m
artistique,художественный,Une œuvre <b>artistique</b>.,<b>Художественное</b> произведение.,🎨,adj
un latin,латынь,Apprendre le <b>latin</b>.,Изучать <b>латынь</b>.,📜,m
"un vainqueur, une vainqueure",победитель,Le <b>vainqueur</b> du match.,<b>Победитель</b> матча.,🏆,m/f
un cocktail,коктейль,Un <b>cocktail</b> tropical.,Тропический <b>коктейль</b>.,🍹,m
"ouvrier, ouvrière",рабочий,La classe <b>ouvrière</b>.,<b>Рабочий</b> класс.,👷,adj
un producteur,продюсер,Le <b>producteur</b> du film.,<b>Продюсер</b> фильма.,🎬,m
provisoire,временный,Une solution <b>provisoire</b>.,<b>Временное</b> решение.,⏳,adj
un are,ар (100 м²),Un terrain de cent <b>ares</b>.,Участок в сто <b>аров</b>.,📐,m
"intellectuel, intellectuelle",интеллектуальный,Un travail <b>intellectuel</b>.,<b>Интеллектуальная</b> работа.,🧠,adj
un poignard,кинжал,Un coup de <b>poignard</b>.,Удар <b>кинжалом</b>.,🗡️,m
bombarder,бомбить,<b>Bombarder</b> la ville.,<b>Бомбить</b> город.,💣,v
un caoutchouc,резина,Des gants en <b>caoutchouc</b>.,<b>Резиновые</b> перчатки.,🧤,m
un circuit,цепь; круг,Un <b>circuit</b> électrique.,Электрическая <b>цепь</b>.,⚡,m
dicter,диктовать,<b>Dicte</b> la lettre.,<b>Продиктуй</b> письмо.,📝,v
harceler,преследовать,<b>Harceler</b> quelqu'un.,<b>Преследовать</b> кого-то.,😠,v
un intéressant,интересное,L'<b>intéressant</b> de l'affaire.,<b>Интересное</b> в этом деле.,🤔,m
une mélancolie,меланхолия,Une douce <b>mélancolie</b>.,Сладкая <b>меланхолия</b>.,😔,f
une bénédiction,благословение,Donner sa <b>bénédiction</b>.,Дать <b>благословение</b>.,🙏,f
"singulier, singulière",необычный,Un cas <b>singulier</b>.,<b>Необычный</b> случай.,🤔,adj
contraire,противоположный,L'effet <b>contraire</b>.,<b>Противоположный</b> эффект.,↔️,adj
un bénéfice,выгода; прибыль,Un <b>bénéfice</b> important.,Важная <b>выгода</b>.,💰,m
une destinée,судьба,Maître de sa <b>destinée</b>.,Хозяин своей <b>судьбы</b>.,⭐,f
pathétique,жалкий,C'est <b>pathétique</b>.,Это <b>жалко</b>.,😞,adj
un sifflet,свисток,Un coup de <b>sifflet</b>.,<b>Свисток</b>.,📣,m
une prairie,луг,Une vaste <b>prairie</b>.,Обширный <b>луг</b>.,🌾,f
une spécialité,специальность,Ma <b>spécialité</b> culinaire.,Моя кулинарная <b>специальность</b>.,👨‍🍳,f
un coucou,кукушка; привет,<b>Coucou</b> !,<b>Привет</b>!,👋,m
feuilleter,листать,<b>Feuilleter</b> un magazine.,<b>Листать</b> журнал.,📖,v
un pinceau,кисть,Un <b>pinceau</b> de peintre.,<b>Кисть</b> художника.,🖌️,m
une muraille,стена,La Grande <b>Muraille</b> de Chine.,Великая Китайская <b>стена</b>.,🧱,f
poignarder,закалывать кинжалом,<b>Poignarder</b> quelqu'un.,<b>Заколоть</b> кого-то.,🗡️,v
"choisi, choisie",избранный,Un public <b>choisi</b>.,<b>Избранная</b> публика.,⭐,adj
poster,отправлять; ставить,<b>Poste</b> la lettre.,<b>Отправь</b> письмо.,📮,v
manier,обращаться,<b>Manier</b> avec précaution.,<b>Обращаться</b> осторожно.,🤲,v
fiancer,обручать,Ils se sont <b>fiancés</b>.,Они <b>обручились</b>.,💍,v
un zoo,зоопарк,Aller au <b>zoo</b>.,Идти в <b>зоопарк</b>.,🦁,m
un arrangement,договорённость,Un <b>arrangement</b> à l'amiable.,<b>Мирная</b> договорённость.,🤝,m
masquer,маскировать,<b>Masquer</b> son visage.,<b>Скрыть</b> лицо.,🎭,v
un assassinat,убийство,Un <b>assassinat</b> politique.,Политическое <b>убийство</b>.,🔪,m
bercer,укачивать,<b>Bercer</b> le bébé.,<b>Укачивать</b> малыша.,👶,v
téléphonique,телефонный,Un appel <b>téléphonique</b>.,<b>Телефонный</b> звонок.,📞,adj
un cortège,кортеж,Le <b>cortège</b> nuptial.,Свадебный <b>кортеж</b>.,🚗,m
favorable,благоприятный,Une situation <b>favorable</b>.,<b>Благоприятная</b> ситуация.,👍,adj
un magicien,фокусник,Le <b>magicien</b> fait des tours.,<b>Фокусник</b> показывает трюки.,🎩,m
un hélicoptère,вертолёт,L'<b>hélicoptère</b> décolle.,<b>Вертолёт</b> взлетает.,🚁,m
chialer,реветь (разг.),Arrête de <b>chialer</b>.,Хватит <b>реветь</b>.,😭,v
un faubourg,пригород,Les <b>faubourgs</b> de Paris.,<b>Пригороды</b> Парижа.,🏘️,m
scolaire,школьный,L'année <b>scolaire</b>.,<b>Учебный</b> год.,🏫,adj
un cil,ресница,Battre des <b>cils</b>.,Хлопать <b>ресницами</b>.,👁️,m
un cafard,таракан; хандра,Avoir le <b>cafard</b>.,Быть в <b>хандре</b>.,🪳,m
une évasion,побег,Une <b>évasion</b> de prison.,<b>Побег</b> из тюрьмы.,🏃,f
commode,удобный,C'est très <b>commode</b>.,Это очень <b>удобно</b>.,👌,adj
une clientèle,клиентура,Fidéliser la <b>clientèle</b>.,Удержать <b>клиентуру</b>.,👥,f
un testament,завещание,Rédiger un <b>testament</b>.,Составить <b>завещание</b>.,📜,m
insinuer,намекать,Qu'<b>insinues</b>-tu ?,На что ты <b>намекаешь</b>?,🤔,v
une claque,пощёчина,Recevoir une <b>claque</b>.,Получить <b>пощёчину</b>.,👋,f
une cruauté,жестокость,Une <b>cruauté</b> inouïe.,Неслыханная <b>жестокость</b>.,😠,f
un crabe,краб,Pêcher des <b>crabes</b>.,Ловить <b>крабов</b>.,🦀,m
un règne,царствование,Le <b>règne</b> du roi.,<b>Царствование</b> короля.,👑,m
manipuler,манипулировать,<b>Manipuler</b> quelqu'un.,<b>Манипулировать</b> кем-то.,🎭,v
un bijou,украшение,Elle porte de beaux <b>bijoux</b>.,На ней красивые <b>украшения</b>.,💎,m
remporter,выигрывать,<b>Remporter</b> la victoire.,<b>Одержать</b> победу.,🏆,v
une académie,академия,L'<b>Académie</b> française.,Французская <b>академия</b>.,🎓,f
un gémissement,стон,Un <b>gémissement</b> de douleur.,<b>Стон</b> боли.,😩,m
un croissant,круассан,Un <b>croissant</b> au beurre.,<b>Круассан</b> с маслом.,🥐,m
naviguer,плавать; навигировать,<b>Naviguer</b> sur Internet.,<b>Сёрфить</b> в Интернете.,🧭,v
critique,критик,Le <b>critique</b> de cinéma.,Кино<b>критик</b>.,🎬,adj
ignoble,подлый,Un acte <b>ignoble</b>.,<b>Подлый</b> поступок.,😤,adj
refroidir,охлаждать,<b>Refroidis</b> le moteur.,<b>Охлади</b> мотор.,❄️,v
un coca,кока-кола,Je voudrais un <b>coca</b>.,Я хочу <b>колу</b>.,🥤,m
un fracas,грохот,Un <b>fracas</b> de tonnerre.,<b>Грохот</b> грома.,💥,m
capter,улавливать,<b>Capter</b> le signal.,<b>Поймать</b> сигнал.,📡,v
un rempart,крепостная стена,Les <b>remparts</b> de la ville.,<b>Крепостные стены</b> города.,🏰,m
un ralenti,замедление,Au <b>ralenti</b>.,В <b>замедленном</b> темпе.,🎬,m
une fusée,ракета,Lancer une <b>fusée</b>.,Запустить <b>ракету</b>.,🚀,f
un pépé,дедуля (разг.),Mon <b>pépé</b> adoré.,Мой любимый <b>дедуля</b>.,👴,m
un cinglé,псих (разг.),C'est un <b>cinglé</b>.,Он <b>псих</b>.,🤪,m
"peint, peinte",нарисованный,Un tableau <b>peint</b> à l'huile.,"Картина, <b>написанная</b> маслом.",🎨,adj
convertir,обращать; конвертировать,<b>Convertir</b> les devises.,<b>Конвертировать</b> валюту.,💱,v
une obsession,одержимость,C'est une <b>obsession</b>.,Это <b>одержимость</b>.,🧠,f
un bronze,бронза,Une médaille de <b>bronze</b>.,<b>Бронзовая</b> медаль.,🥉,m
un tiers,треть,Un <b>tiers</b> du gâteau.,<b>Треть</b> торта.,🍰,m
une blanche,белая (нота/шар),Une <b>blanche</b> au billard.,<b>Белый шар</b> в бильярде.,🎱,f
une banane,банан,Une <b>banane</b> mûre.,Спелый <b>банан</b>.,🍌,f
une étagère,полка,Une <b>étagère</b> de livres.,Книжная <b>полка</b>.,📚,f
célibataire,холостой; незамужняя,Il est <b>célibataire</b>.,Он <b>холостяк</b>.,💁,adj
un notaire,нотариус,Signer chez le <b>notaire</b>.,Подписать у <b>нотариуса</b>.,📝,m
un souhait,пожелание,Mes meilleurs <b>souhaits</b>.,Мои лучшие <b>пожелания</b>.,🌟,m
une cire,воск,La <b>cire</b> d'abeille.,Пчелиный <b>воск</b>.,🐝,f
une traînée,шлейф; шлюха (груб.),Une <b>traînée</b> de lumière.,<b>Шлейф</b> света.,✨,f
une lenteur,медлительность,Avec <b>lenteur</b>.,С <b>медлительностью</b>.,🐢,f
dramatique,драматический,Une situation <b>dramatique</b>.,<b>Драматическая</b> ситуация.,🎭,adj
foirer,провалиться (разг.),Le plan a <b>foiré</b>.,План <b>провалился</b>.,😬,v
un gilet,жилет,Un <b>gilet</b> de sauvetage.,Спасательный <b>жилет</b>.,🦺,m
une caravane,караван; прицеп,Une <b>caravane</b> de chameaux.,<b>Караван</b> верблюдов.,🐫,f
renaître,возрождаться,<b>Renaître</b> de ses cendres.,<b>Возродиться</b> из пепла.,🔥,v
un lard,сало,Du <b>lard</b> fumé.,Копчёное <b>сало</b>.,🥓,m
freiner,тормозить,<b>Freine</b> doucement.,<b>Тормози</b> плавно.,🚗,v
renier,отрекаться,<b>Renier</b> sa foi.,<b>Отречься</b> от веры.,🙅,v
réconcilier,примирять,<b>Réconcilier</b> les ennemis.,<b>Примирить</b> врагов.,🤝,v
"croisé, croisée",скрещённый,Les bras <b>croisés</b>.,<b>Скрещённые</b> руки.,🙅,adj
un chômage,безработица,Être au <b>chômage</b>.,Быть на <b>безработице</b>.,📉,m
un manège,карусель,Le <b>manège</b> tourne.,<b>Карусель</b> крутится.,🎠,m
une pureté,чистота,La <b>pureté</b> de l'eau.,<b>Чистота</b> воды.,💧,f
un pou,вошь,Avoir des <b>poux</b>.,Иметь <b>вшей</b>.,🐛,m
une perruque,парик,Porter une <b>perruque</b>.,Носить <b>парик</b>.,💇,f
"instant, instante",настоятельный,Une demande <b>instante</b>.,<b>Настоятельная</b> просьба.,⚡,adj
une grenouille,лягушка,Une <b>grenouille</b> verte.,Зелёная <b>лягушка</b>.,🐸,f
une torche,факел,Allumer une <b>torche</b>.,Зажечь <b>факел</b>.,🔦,f
un pacte,пакт,Signer un <b>pacte</b>.,Подписать <b>пакт</b>.,📜,m
valable,действительный,Un billet <b>valable</b>.,<b>Действительный</b> билет.,✅,adj
caler,заглохнуть; подпереть,Le moteur a <b>calé</b>.,Мотор <b>заглох</b>.,🚗,v
une dépression,депрессия,Souffrir de <b>dépression</b>.,Страдать от <b>депрессии</b>.,😔,f
un billard,бильярд,Jouer au <b>billard</b>.,Играть в <b>бильярд</b>.,🎱,m
une décoration,украшение,La <b>décoration</b> de Noël.,Новогодние <b>украшения</b>.,🎄,f
commenter,комментировать,<b>Commenter</b> les résultats.,<b>Комментировать</b> результаты.,💬,v
un supermarché,супермаркет,Faire ses courses au <b>supermarché</b>.,Покупать в <b>супермаркете</b>.,🛒,m
un boucher,мясник,Le <b>boucher</b> du quartier.,<b>Мясник</b> района.,🥩,m
un plâtre,гипс,Avoir un <b>plâtre</b>.,Ходить в <b>гипсе</b>.,🏥,m
un avertissement,предупреждение,Un <b>avertissement</b> sérieux.,Серьёзное <b>предупреждение</b>.,⚠️,m
un ridicule,смехотворность,Le <b>ridicule</b> ne tue pas.,<b>Смешное</b> не убивает.,😂,m
courber,сгибать,<b>Courber</b> le dos.,<b>Согнуть</b> спину.,🙇,v
un coma,кома,Tomber dans le <b>coma</b>.,Впасть в <b>кому</b>.,🏥,m
faufiler,пробираться,Se <b>faufiler</b> dans la foule.,<b>Пробираться</b> сквозь толпу.,🚶,v
un reportage,репортаж,Un <b>reportage</b> télévisé.,Телевизионный <b>репортаж</b>.,📺,m
kidnapper,похищать,<b>Kidnapper</b> un enfant.,<b>Похитить</b> ребёнка.,👤,v
un condamné,осуждённый,Un <b>condamné</b> à mort.,<b>Приговорённый</b> к смерти.,⛓️,m
un décès,кончина,Annoncer un <b>décès</b>.,Объявить о <b>кончине</b>.,🕯️,m
piloter,пилотировать,<b>Piloter</b> un avion.,<b>Пилотировать</b> самолёт.,✈️,v
embarrasser,смущать,Ça m'<b>embarrasse</b>.,Это меня <b>смущает</b>.,😳,v
un berceau,колыбель,Le <b>berceau</b> du bébé.,<b>Колыбель</b> малыша.,🛏️,m
infliger,наносить,<b>Infliger</b> une défaite.,<b>Нанести</b> поражение.,💢,v
"têtu, têtue",упрямый,Il est <b>têtu</b>.,Он <b>упрямый</b>.,🐴,adj
"donné, donnée",данный; заданный,À un moment <b>donné</b>.,В <b>данный</b> момент.,📌,adj
une fusillade,перестрелка,Une <b>fusillade</b> éclate.,Началась <b>перестрелка</b>.,🔫,f
peiner,огорчать; трудиться,Ça me <b>peine</b>.,Это меня <b>огорчает</b>.,😢,v
"gêné, gênée",смущённый,Je suis <b>gêné</b>.,Мне <b>неловко</b>.,😊,adj
un chevet,изголовье,Un livre de <b>chevet</b>.,Настольная книга.,📖,m
rafraîchir,освежать,<b>Rafraîchis</b>-toi.,<b>Освежись</b>.,❄️,v
un gentleman,джентльмен,Un vrai <b>gentleman</b>.,Настоящий <b>джентльмен</b>.,🎩,m
"loyal, loyale",верный,Un ami <b>loyal</b>.,<b>Верный</b> друг.,🤝,adj
une convention,конвенция,Une <b>convention</b> internationale.,Международная <b>конвенция</b>.,📋,f
un calendrier,календарь,Regarder le <b>calendrier</b>.,Смотреть <b>календарь</b>.,📅,m
grincer,скрипеть,La porte <b>grince</b>.,Дверь <b>скрипит</b>.,🚪,v
une nuance,оттенок,Une <b>nuance</b> de bleu.,<b>Оттенок</b> синего.,🎨,f
"couché, couchée",лежащий,Le soleil <b>couché</b>.,<b>Закат</b> солнца.,🌅,adj
un exemplaire,экземпляр,Un <b>exemplaire</b> rare.,Редкий <b>экземпляр</b>.,📕,m
indigne,недостойный,Un comportement <b>indigne</b>.,<b>Недостойное</b> поведение.,😤,adj
une récolte,урожай,La <b>récolte</b> du blé.,<b>Урожай</b> пшеницы.,🌾,f
"payé, payée",оплаченный,C'est <b>payé</b>.,<b>Оплачено</b>.,💵,adj
"poli, polie",вежливый,Sois <b>poli</b>.,Будь <b>вежливым</b>.,🙂,adj
"animal, animale",животный,L'instinct <b>animal</b>.,<b>Животный</b> инстинкт.,🐾,adj
un orteil,палец ноги,Se cogner l'<b>orteil</b>.,Ушибить <b>палец</b> ноги.,🦶,m
"capital, capitale",главный,Une erreur <b>capitale</b>.,<b>Главная</b> ошибка.,❗,adj
un compartiment,купе,Le <b>compartiment</b> du train.,<b>Купе</b> поезда.,🚂,m
une consigne,инструкция,Suivre les <b>consignes</b>.,Следовать <b>инструкциям</b>.,📋,f
frissonner,дрожать,<b>Frissonner</b> de froid.,<b>Дрожать</b> от холода.,🥶,v
un toubib,врач (разг.),Appelle le <b>toubib</b>.,Позвони <b>врачу</b>.,👨‍⚕️,m
une démonstration,демонстрация,Une <b>démonstration</b> de force.,<b>Демонстрация</b> силы.,💪,f
élancer,устремляться,S'<b>élancer</b> en avant.,<b>Устремиться</b> вперёд.,🏃,v
"apparent, apparente",видимый,Sans raison <b>apparente</b>.,Без <b>видимой</b> причины.,👀,adj
un raisin,виноград,Une grappe de <b>raisins</b>.,Гроздь <b>винограда</b>.,🍇,m
patienter,терпеливо ждать,Veuillez <b>patienter</b>.,"Пожалуйста, <b>подождите</b>.",⏳,v
droguer,накачивать наркотиками,On l'a <b>drogué</b>.,Его <b>накачали</b> наркотиками.,💊,v
indigner,возмущать,Ça m'<b>indigne</b>.,Это меня <b>возмущает</b>.,😠,v
une culpabilité,вина,Un sentiment de <b>culpabilité</b>.,Чувство <b>вины</b>.,😔,f
une injure,оскорбление,Lancer des <b>injures</b>.,Бросать <b>оскорбления</b>.,🗣️,f
une survie,выживание,Un instinct de <b>survie</b>.,Инстинкт <b>выживания</b>.,💪,f
une abeille,пчела,Une <b>abeille</b> butine.,<b>Пчела</b> собирает нектар.,🐝,f
une trompette,труба,Jouer de la <b>trompette</b>.,Играть на <b>трубе</b>.,🎺,f
"cru, crue",сырой,Un légume <b>cru</b>.,<b>Сырой</b> овощ.,🥕,adj
un alibi,алиби,Avoir un <b>alibi</b>.,Иметь <b>алиби</b>.,🔍,m
dérisoire,ничтожный,Une somme <b>dérisoire</b>.,<b>Ничтожная</b> сумма.,💸,adj
une épave,обломки,L'<b>épave</b> du navire.,<b>Обломки</b> корабля.,🚢,f
"obligé, obligée",обязанный,Je suis <b>obligé</b>.,Я <b>обязан</b>.,✋,adj
une lady,леди,Une vraie <b>lady</b>.,Настоящая <b>леди</b>.,👸,f
une ivresse,опьянение,L'<b>ivresse</b> du pouvoir.,<b>Опьянение</b> властью.,🍷,f
une altesse,высочество,Son <b>Altesse</b> royale.,Его королевское <b>высочество</b>.,👑,f
un budget,бюджет,Respecter le <b>budget</b>.,Соблюдать <b>бюджет</b>.,💰,m
une bosse,шишка; горб,J'ai une <b>bosse</b> sur la tête.,У меня <b>шишка</b> на голове.,🤕,f
une mule,мул,Têtu comme une <b>mule</b>.,Упрямый как <b>осёл</b>.,🫏,f
une composition,сочинение,Une <b>composition</b> musicale.,Музыкальное <b>сочинение</b>.,🎵,f
"écrit, écrite",письменный,Un examen <b>écrit</b>.,<b>Письменный</b> экзамен.,📝,adj
un infini,бесконечность,À l'<b>infini</b>.,До <b>бесконечности</b>.,♾️,m
une injustice,несправедливость,Une <b>injustice</b> flagrante.,Вопиющая <b>несправедливость</b>.,⚖️,f
une logique,логика,C'est <b>logique</b>.,Это <b>логично</b>.,🧠,f
"infernal, infernale",адский,Un bruit <b>infernal</b>.,<b>Адский</b> шум.,🔥,adj
enrichir,обогащать,<b>Enrichir</b> son vocabulaire.,<b>Обогатить</b> словарный запас.,📚,v
"fâché, fâchée",рассерженный,Je suis <b>fâché</b>.,Я <b>рассержен</b>.,😠,adj
raisonner,рассуждать,<b>Raisonne</b> un peu.,<b>Подумай</b> немного.,🤔,v
un intervalle,интервал,Un <b>intervalle</b> de temps.,<b>Промежуток</b> времени.,⏱️,m
un cliché,клише,Un <b>cliché</b> banal.,Банальное <b>клише</b>.,📸,m
insolite,необычный,Une situation <b>insolite</b>.,<b>Необычная</b> ситуация.,🤨,adj
récolter,собирать урожай,<b>Récolter</b> les fruits.,<b>Собирать</b> урожай.,🧺,v
gaspiller,транжирить,<b>Gaspiller</b> l'argent.,<b>Транжирить</b> деньги.,💸,v
récompenser,вознаграждать,<b>Récompenser</b> un effort.,<b>Вознаградить</b> за усилие.,🏅,v
un merveilleux,чудесное,Le <b>merveilleux</b> dans les contes.,<b>Чудесное</b> в сказках.,✨,m
"savant, savante",учёный (прил.),Un homme <b>savant</b>.,<b>Учёный</b> человек.,🎓,adj
épier,подглядывать,<b>Épier</b> par la fenêtre.,<b>Подглядывать</b> в окно.,👀,v
marin,морской,Un paysage <b>marin</b>.,<b>Морской</b> пейзаж.,🌊,adj
un bienvenu,желанный гость,Soyez le <b>bienvenu</b> !,<b>Добро пожаловать</b>!,🙏,m
un tourment,мучение,Un <b>tourment</b> sans fin.,Бесконечное <b>мучение</b>.,😫,m
mélancolique,меланхоличный,Un air <b>mélancolique</b>.,<b>Меланхоличный</b> вид.,😔,adj
"allumé, allumée",включённый,La lumière est <b>allumée</b>.,Свет <b>включён</b>.,💡,adj
un pansement,повязка,Mettre un <b>pansement</b>.,Наложить <b>повязку</b>.,🩹,m
une concentration,концентрация,Une grande <b>concentration</b>.,Высокая <b>концентрация</b>.,🎯,f
égorger,резать горло,<b>Égorger</b> un mouton.,<b>Зарезать</b> барана.,🐑,v
"occidental, occidentale",западный,La culture <b>occidentale</b>.,<b>Западная</b> культура.,🌍,adj
un entrepôt,склад,Un <b>entrepôt</b> de marchandises.,<b>Склад</b> товаров.,🏭,m
couronner,короновать,<b>Couronner</b> le roi.,<b>Короновать</b> короля.,👑,v
un parrain,крёстный отец,C'est mon <b>parrain</b>.,Это мой <b>крёстный</b>.,🙏,m
une description,описание,Donne-moi une <b>description</b>.,Дай мне <b>описание</b>.,📝,f
une corbeille,корзина,Une <b>corbeille</b> de fruits.,<b>Корзина</b> фруктов.,🧺,f
un tabouret,табурет,Assieds-toi sur le <b>tabouret</b>.,Сядь на <b>табурет</b>.,🪑,m
un requin,акула,Un <b>requin</b> blanc.,Белая <b>акула</b>.,🦈,m
une écurie,конюшня,Nettoyer l'<b>écurie</b>.,Чистить <b>конюшню</b>.,🐴,f
invoquer,взывать,<b>Invoquer</b> les dieux.,<b>Взывать</b> к богам.,🙏,v
déchiffrer,расшифровывать,<b>Déchiffrer</b> un code.,<b>Расшифровать</b> код.,🔐,v
un sous-marin,подводная лодка,Un <b>sous-marin</b> nucléaire.,Ядерная <b>подводная лодка</b>.,🚢,m
exaspérer,выводить из себя,Tu m'<b>exaspères</b>.,Ты меня <b>выводишь из себя</b>.,😤,v
redire,повторять,Je n'ai rien à <b>redire</b>.,Мне <b>нечего возразить</b>.,💬,v
méditer,медитировать,<b>Méditer</b> en silence.,<b>Медитировать</b> в тишине.,🧘,v
camper,ставить лагерь,<b>Camper</b> dans la forêt.,<b>Разбить лагерь</b> в лесу.,⛺,v
une jumelle,близняшка,C'est ma sœur <b>jumelle</b>.,Это моя сестра-<b>близняшка</b>.,👭,f
"enfoiré, enfoirée",мудацкий (груб.),Quel geste <b>enfoiré</b> !,Какой <b>мудацкий</b> поступок!,🤬,adj
régaler,угощать,Je vous <b>régale</b>.,Я вас <b>угощаю</b>.,🍽️,v
"chargé, chargée",заряженный,Une arme <b>chargée</b>.,<b>Заряженное</b> оружие.,🔫,adj
agresser,нападать,<b>Agresser</b> quelqu'un.,<b>Напасть</b> на кого-то.,👊,v
cligner,моргать,<b>Cligner</b> des yeux.,<b>Моргать</b> глазами.,👁️,v
un emplacement,местоположение,L'<b>emplacement</b> du parking.,<b>Расположение</b> парковки.,📍,m
un exil,ссылка,Partir en <b>exil</b>.,Уйти в <b>ссылку</b>.,🏃,m
une oie,гусь,Une <b>oie</b> blanche.,Белый <b>гусь</b>.,🦢,f
révolutionnaire,революционный,Une idée <b>révolutionnaire</b>.,<b>Революционная</b> идея.,✊,adj
un virage,поворот,Un <b>virage</b> dangereux.,Опасный <b>поворот</b>.,🛣️,m
une orbite,орбита,L'<b>orbite</b> de la Terre.,<b>Орбита</b> Земли.,🌍,f
une priorité,приоритет,La <b>priorité</b> absolue.,Абсолютный <b>приоритет</b>.,🥇,f
terrestre,земной,La vie <b>terrestre</b>.,<b>Земная</b> жизнь.,🌍,adj
"crétin, crétine",кретин,Quel <b>crétin</b> !,Какой <b>кретин</b>!,😤,adj
une résidence,резиденция,Une <b>résidence</b> secondaire.,Загородная <b>резиденция</b>.,🏠,f
critiquer,критиковать,<b>Critiquer</b> le gouvernement.,<b>Критиковать</b> правительство.,🗣️,v
"fascinant, fascinante",захватывающий,Une histoire <b>fascinante</b>.,<b>Захватывающая</b> история.,✨,adj
un culte,культ,Le <b>culte</b> de la personnalité.,<b>Культ</b> личности.,🙏,m
aboyer,лаять,Le chien <b>aboie</b>.,Собака <b>лает</b>.,🐕,v
une fourchette,вилка,Manger avec une <b>fourchette</b>.,Есть <b>вилкой</b>.,🍴,f
une immobilité,неподвижность,Une <b>immobilité</b> totale.,Полная <b>неподвижность</b>.,🧘,f
"impuissant, impuissante",бессильный,Je suis <b>impuissant</b>.,Я <b>бессилен</b>.,😔,adj
émerveiller,восхищать,Le spectacle m'<b>émerveille</b>.,Зрелище меня <b>восхищает</b>.,🤩,v
emménager,въезжать,<b>Emménager</b> dans un appartement.,<b>Въехать</b> в квартиру.,🏠,v
un intellectuel,интеллектуал,Un grand <b>intellectuel</b>.,Большой <b>интеллектуал</b>.,🎓,m
une référence,ссылка; эталон,Une <b>référence</b> bibliographique.,Библиографическая <b>ссылка</b>.,📚,f
un disciple,ученик; последователь,Le <b>disciple</b> suit le maître.,<b>Ученик</b> следует за учителем.,📚,m
un pacha,паша,Vivre comme un <b>pacha</b>.,Жить как <b>паша</b>.,👑,m
une longue,долгая (нота/гласная),Une <b>longue</b> en phonétique.,<b>Долгий звук</b> в фонетике.,🔊,f
un barman,бармен,Le <b>barman</b> prépare un cocktail.,<b>Бармен</b> готовит коктейль.,🍸,m
"artificiel, artificielle",искусственный,Un lac <b>artificiel</b>.,<b>Искусственное</b> озеро.,🏞️,adj
une clope,сигарета (разг.),T'as une <b>clope</b> ?,Есть <b>сигаретка</b>?,🚬,f
une cuillère,ложка,Une <b>cuillère</b> à soupe.,Столовая <b>ложка</b>.,🥄,f
gésir,лежать (мёртвым),Il <b>gît</b> sur le sol.,Он <b>лежит</b> на полу.,🪦,v
"terrifiant, terrifiante",ужасающий,Un monstre <b>terrifiant</b>.,<b>Ужасающий</b> монстр.,😱,adj
survenir,случаться,Un accident peut <b>survenir</b>.,Авария может <b>случиться</b>.,⚠️,v
"volant, volante",летающий,Un objet <b>volant</b>.,<b>Летающий</b> объект.,🛸,adj
une steppe,степь,La <b>steppe</b> russe.,Русская <b>степь</b>.,🌾,f
un bouc,козёл,Un <b>bouc</b> émissaire.,<b>Козёл</b> отпущения.,🐐,m
un commerçant,торговец,Le <b>commerçant</b> du quartier.,<b>Торговец</b> из квартала.,🏪,m
une méfiance,недоверие,Avec <b>méfiance</b>.,С <b>недоверием</b>.,🤨,f
"universel, universelle",универсальный,Une vérité <b>universelle</b>.,<b>Универсальная</b> истина.,🌐,adj
démontrer,доказывать,<b>Démontrer</b> un théorème.,<b>Доказать</b> теорему.,📐,v
"rendu, rendue",дошедший; утомлённый,On est <b>rendus</b>.,Мы <b>дошли</b>.,🏁,adj
"perpétuel, perpétuelle",вечный,Un mouvement <b>perpétuel</b>.,<b>Вечное</b> движение.,♾️,adj
déchaîner,разнуздывать,<b>Déchaîner</b> les passions.,<b>Разжечь</b> страсти.,🔥,v
un fragment,фрагмент,Un <b>fragment</b> de texte.,<b>Фрагмент</b> текста.,📄,m
une notion,понятие,Une <b>notion</b> de base.,Базовое <b>понятие</b>.,💡,f
décourager,обескураживать,Ne te <b>décourage</b> pas.,Не <b>отчаивайся</b>.,💪,v
"excessif, excessive",чрезмерный,Une chaleur <b>excessive</b>.,<b>Чрезмерная</b> жара.,🌡️,adj
"veuf, veuve",вдовый,Il est <b>veuf</b>.,Он <b>вдовец</b>.,💔,adj
une gifle,пощёчина,Donner une <b>gifle</b>.,Дать <b>пощёчину</b>.,✋,f
"gardien, gardienne",охранный; сторожевой,Le chien <b>gardien</b>.,<b>Сторожевой</b> пёс.,🐕,adj
une installation,установка,Une <b>installation</b> artistique.,Художественная <b>инсталляция</b>.,🎨,f
un rebord,край,Le <b>rebord</b> de la fenêtre.,<b>Подоконник</b>.,🪟,m
un boss,босс,Le <b>boss</b> arrive.,<b>Босс</b> приходит.,👔,m
un architecte,архитектор,L'<b>architecte</b> dessine les plans.,<b>Архитектор</b> рисует планы.,📐,m
consommer,потреблять,<b>Consommer</b> de l'énergie.,<b>Потреблять</b> энергию.,⚡,v
une catégorie,категория,Une <b>catégorie</b> professionnelle.,Профессиональная <b>категория</b>.,📊,f
"éclairé, éclairée",освещённый,Une rue bien <b>éclairée</b>.,Хорошо <b>освещённая</b> улица.,💡,adj
escalader,карабкаться,<b>Escalader</b> une montagne.,<b>Взбираться</b> на гору.,🧗,v
"fédéral, fédérale",федеральный,Le gouvernement <b>fédéral</b>.,<b>Федеральное</b> правительство.,🏛️,adj
une archive,архив,Consulter les <b>archives</b>.,Обратиться к <b>архивам</b>.,🗄️,f
un baby,малыш (англ.),C'est mon <b>baby</b>.,Это мой <b>малыш</b>.,👶,m
une balance,весы,Peser sur la <b>balance</b>.,Взвесить на <b>весах</b>.,⚖️,f
"gracieux, gracieuse",грациозный,Une danseuse <b>gracieuse</b>.,<b>Грациозная</b> танцовщица.,🩰,adj
une biche,лань,Une <b>biche</b> dans la forêt.,<b>Лань</b> в лесу.,🦌,f
un porteur,носильщик,Le <b>porteur</b> de bagages.,<b>Носильщик</b> багажа.,🧳,m
une courbe,кривая,Une <b>courbe</b> ascendante.,Восходящая <b>кривая</b>.,📈,f
bousiller,ломать (разг.),<b>Bousiller</b> la voiture.,<b>Угробить</b> машину.,🚗,v
une cavalerie,кавалерия,La <b>cavalerie</b> charge.,<b>Кавалерия</b> атакует.,🐎,f
un reçu,квитанция,Demander un <b>reçu</b>.,Попросить <b>квитанцию</b>.,🧾,m
un messager,посыльный,Le <b>messager</b> arrive.,<b>Посыльный</b> прибыл.,📨,m
"collectif, collective",коллективный,Un travail <b>collectif</b>.,<b>Коллективная</b> работа.,👥,adj
une boxe,бокс,Un match de <b>boxe</b>.,Матч по <b>боксу</b>.,🥊,f
une frappe,удар,Une <b>frappe</b> chirurgicale.,Точечный <b>удар</b>.,💥,f
"déçu, déçue",разочарованный,Je suis <b>déçu</b>.,Я <b>разочарован</b>.,😞,adj
une compassion,сострадание,Avoir de la <b>compassion</b>.,Испытывать <b>сострадание</b>.,❤️,f
enrouler,наматывать,<b>Enrouler</b> le câble.,<b>Намотать</b> кабель.,🔄,v
"parent, parente",родственный,Les langues <b>parentes</b>.,<b>Родственные</b> языки.,👨‍👩‍👧,adj
une paye,зарплата,Jour de <b>paye</b>.,День <b>зарплаты</b>.,💰,f
une préférence,предпочтение,Ma <b>préférence</b> personnelle.,Моё личное <b>предпочтение</b>.,⭐,f
alerter,тревожить,<b>Alerter</b> les secours.,<b>Вызвать</b> спасателей.,🚨,v
une conserve,консервы,Une boîte de <b>conserve</b>.,Банка <b>консервов</b>.,🥫,f
enlacer,обнимать,<b>Enlacer</b> quelqu'un.,<b>Обнять</b> кого-то.,🤗,v
un amiral,адмирал,L'<b>amiral</b> commande la flotte.,<b>Адмирал</b> командует флотом.,⚓,m
"inhabituel, inhabituelle",необычный,Un événement <b>inhabituel</b>.,<b>Необычное</b> событие.,🤔,adj
tasser,утрамбовывать,<b>Tasser</b> la terre.,<b>Утрамбовать</b> землю.,🏗️,v
un minimum,минимум,Le <b>minimum</b> requis.,Требуемый <b>минимум</b>.,📉,m
"natal, natale",родной,Ma ville <b>natale</b>.,Мой <b>родной</b> город.,🏠,adj
une cloison,перегородка,Une <b>cloison</b> fine.,Тонкая <b>перегородка</b>.,🧱,f
une addition,счёт; сложение,Demander l'<b>addition</b>.,Попросить <b>счёт</b>.,🧾,f
trouble,мутный,Une eau <b>trouble</b>.,<b>Мутная</b> вода.,💧,adj
un sursaut,вздрагивание,Un <b>sursaut</b> de surprise.,<b>Вздрогнуть</b> от неожиданности.,😲,m
maudire,проклинать,<b>Maudire</b> son ennemi.,<b>Проклинать</b> врага.,😠,v
une étincelle,искра,Une <b>étincelle</b> de génie.,<b>Искра</b> гениальности.,✨,f
fleurir,цвести,Les roses <b>fleurissent</b>.,Розы <b>цветут</b>.,🌹,v
une excitation,возбуждение,Une grande <b>excitation</b>.,Сильное <b>возбуждение</b>.,🎉,f
pressentir,предчувствовать,Je le <b>pressentais</b>.,Я это <b>предчувствовал</b>.,🔮,v
"affectueux, affectueuse",ласковый,Un chat <b>affectueux</b>.,<b>Ласковый</b> кот.,🐱,adj
un abord,подход,Au premier <b>abord</b>.,На первый <b>взгляд</b>.,👁️,m
