French,Russian,ExampleFrench,ExampleRussian,Emoji,WordType
un tabouret,табурет,Assieds-toi sur le <b>tabouret</b>.,Сядь на <b>табурет</b>.,🪑,m
un requin,акула,Un <b>requin</b> blanc.,Белая <b>акула</b>.,🦈,m
une écurie,конюшня,Nettoyer l'<b>écurie</b>.,Чистить <b>конюшню</b>.,🐴,f
invoquer,взывать,<b>Invoquer</b> les dieux.,<b>Взывать</b> к богам.,🙏,v
déchiffrer,расшифровывать,<b>Déchiffrer</b> un code.,<b>Расшифровать</b> код.,🔐,v
un sous-marin,подводная лодка,Un <b>sous-marin</b> nucléaire.,Ядерная <b>подводная лодка</b>.,🚢,m
exaspérer,выводить из себя,Tu m'<b>exaspères</b>.,Ты меня <b>выводишь из себя</b>.,😤,v
redire,повторять,Je n'ai rien à <b>redire</b>.,Мне <b>нечего возразить</b>.,💬,v
méditer,медитировать,<b>Méditer</b> en silence.,<b>Медитировать</b> в тишине.,🧘,v
camper,ставить лагерь,<b>Camper</b> dans la forêt.,<b>Разбить лагерь</b> в лесу.,⛺,v
une jumelle,близняшка,C'est ma sœur <b>jumelle</b>.,Это моя сестра-<b>близняшка</b>.,👭,f
"enfoiré, enfoirée",мудацкий (груб.),Quel geste <b>enfoiré</b> !,Какой <b>мудацкий</b> поступок!,🤬,adj
régaler,угощать,Je vous <b>régale</b>.,Я вас <b>угощаю</b>.,🍽️,v
"chargé, chargée",заряженный,Une arme <b>chargée</b>.,<b>Заряженное</b> оружие.,🔫,adj
agresser,нападать,<b>Agresser</b> quelqu'un.,<b>Напасть</b> на кого-то.,👊,v
cligner,моргать,<b>Cligner</b> des yeux.,<b>Моргать</b> глазами.,👁️,v
un emplacement,местоположение,L'<b>emplacement</b> du parking.,<b>Расположение</b> парковки.,📍,m
un exil,ссылка,Partir en <b>exil</b>.,Уйти в <b>ссылку</b>.,🏃,m
une oie,гусь,Une <b>oie</b> blanche.,Белый <b>гусь</b>.,🦢,f
révolutionnaire,революционный,Une idée <b>révolutionnaire</b>.,<b>Революционная</b> идея.,✊,adj
un virage,поворот,Un <b>virage</b> dangereux.,Опасный <b>поворот</b>.,🛣️,m
une orbite,орбита,L'<b>orbite</b> de la Terre.,<b>Орбита</b> Земли.,🌍,f
une priorité,приоритет,La <b>priorité</b> absolue.,Абсолютный <b>приоритет</b>.,🥇,f
terrestre,земной,La vie <b>terrestre</b>.,<b>Земная</b> жизнь.,🌍,adj
"crétin, crétine",кретин,Quel <b>crétin</b> !,Какой <b>кретин</b>!,😤,adj
une résidence,резиденция,Une <b>résidence</b> secondaire.,Загородная <b>резиденция</b>.,🏠,f
critiquer,критиковать,<b>Critiquer</b> le gouvernement.,<b>Критиковать</b> правительство.,🗣️,v
"fascinant, fascinante",захватывающий,Une histoire <b>fascinante</b>.,<b>Захватывающая</b> история.,✨,adj
un culte,культ,Le <b>culte</b> de la personnalité.,<b>Культ</b> личности.,🙏,m
aboyer,лаять,Le chien <b>aboie</b>.,Собака <b>лает</b>.,🐕,v
une fourchette,вилка,Manger avec une <b>fourchette</b>.,Есть <b>вилкой</b>.,🍴,f
une immobilité,неподвижность,Une <b>immobilité</b> totale.,Полная <b>неподвижность</b>.,🧘,f
"impuissant, impuissante",бессильный,Je suis <b>impuissant</b>.,Я <b>бессилен</b>.,😔,adj
émerveiller,восхищать,Le spectacle m'<b>émerveille</b>.,Зрелище меня <b>восхищает</b>.,🤩,v
emménager,въезжать,<b>Emménager</b> dans un appartement.,<b>Въехать</b> в квартиру.,🏠,v
un intellectuel,интеллектуал,Un grand <b>intellectuel</b>.,Большой <b>интеллектуал</b>.,🎓,m
une référence,ссылка; эталон,Une <b>référence</b> bibliographique.,Библиографическая <b>ссылка</b>.,📚,f
un disciple,ученик; последователь,Le <b>disciple</b> suit le maître.,<b>Ученик</b> следует за учителем.,📚,m
un pacha,паша,Vivre comme un <b>pacha</b>.,Жить как <b>паша</b>.,👑,m
une longue,долгая (нота/гласная),Une <b>longue</b> en phonétique.,<b>Долгий звук</b> в фонетике.,🔊,f
un barman,бармен,Le <b>barman</b> prépare un cocktail.,<b>Бармен</b> готовит коктейль.,🍸,m
"artificiel, artificielle",искусственный,Un lac <b>artificiel</b>.,<b>Искусственное</b> озеро.,🏞️,adj
une clope,сигарета (разг.),T'as une <b>clope</b> ?,Есть <b>сигаретка</b>?,🚬,f
une cuillère,ложка,Une <b>cuillère</b> à soupe.,Столовая <b>ложка</b>.,🥄,f
gésir,лежать (мёртвым),Il <b>gît</b> sur le sol.,Он <b>лежит</b> на полу.,🪦,v
"terrifiant, terrifiante",ужасающий,Un monstre <b>terrifiant</b>.,<b>Ужасающий</b> монстр.,😱,adj
survenir,случаться,Un accident peut <b>survenir</b>.,Авария может <b>случиться</b>.,⚠️,v
"volant, volante",летающий,Un objet <b>volant</b>.,<b>Летающий</b> объект.,🛸,adj
une steppe,степь,La <b>steppe</b> russe.,Русская <b>степь</b>.,🌾,f
un bouc,козёл,Un <b>bouc</b> émissaire.,<b>Козёл</b> отпущения.,🐐,m
un commerçant,торговец,Le <b>commerçant</b> du quartier.,<b>Торговец</b> из квартала.,🏪,m
une méfiance,недоверие,Avec <b>méfiance</b>.,С <b>недоверием</b>.,🤨,f
"universel, universelle",универсальный,Une vérité <b>universelle</b>.,<b>Универсальная</b> истина.,🌐,adj
démontrer,доказывать,<b>Démontrer</b> un théorème.,<b>Доказать</b> теорему.,📐,v
"rendu, rendue",дошедший; утомлённый,On est <b>rendus</b>.,Мы <b>дошли</b>.,🏁,adj
"perpétuel, perpétuelle",вечный,Un mouvement <b>perpétuel</b>.,<b>Вечное</b> движение.,♾️,adj
déchaîner,разнуздывать,<b>Déchaîner</b> les passions.,<b>Разжечь</b> страсти.,🔥,v
un fragment,фрагмент,Un <b>fragment</b> de texte.,<b>Фрагмент</b> текста.,📄,m
une notion,понятие,Une <b>notion</b> de base.,Базовое <b>понятие</b>.,💡,f
décourager,обескураживать,Ne te <b>décourage</b> pas.,Не <b>отчаивайся</b>.,💪,v
"excessif, excessive",чрезмерный,Une chaleur <b>excessive</b>.,<b>Чрезмерная</b> жара.,🌡️,adj
"veuf, veuve",вдовый,Il est <b>veuf</b>.,Он <b>вдовец</b>.,💔,adj
une gifle,пощёчина,Donner une <b>gifle</b>.,Дать <b>пощёчину</b>.,✋,f
"gardien, gardienne",охранный; сторожевой,Le chien <b>gardien</b>.,<b>Сторожевой</b> пёс.,🐕,adj
une installation,установка,Une <b>installation</b> artistique.,Художественная <b>инсталляция</b>.,🎨,f
un rebord,край,Le <b>rebord</b> de la fenêtre.,<b>Подоконник</b>.,🪟,m
un boss,босс,Le <b>boss</b> arrive.,<b>Босс</b> приходит.,👔,m
un architecte,архитектор,L'<b>architecte</b> dessine les plans.,<b>Архитектор</b> рисует планы.,📐,m
consommer,потреблять,<b>Consommer</b> de l'énergie.,<b>Потреблять</b> энергию.,⚡,v
une catégorie,категория,Une <b>catégorie</b> professionnelle.,Профессиональная <b>категория</b>.,📊,f
"éclairé, éclairée",освещённый,Une rue bien <b>éclairée</b>.,Хорошо <b>освещённая</b> улица.,💡,adj
escalader,карабкаться,<b>Escalader</b> une montagne.,<b>Взбираться</b> на гору.,🧗,v
"fédéral, fédérale",федеральный,Le gouvernement <b>fédéral</b>.,<b>Федеральное</b> правительство.,🏛️,adj
une archive,архив,Consulter les <b>archives</b>.,Обратиться к <b>архивам</b>.,🗄️,f
un baby,малыш (англ.),C'est mon <b>baby</b>.,Это мой <b>малыш</b>.,👶,m
une balance,весы,Peser sur la <b>balance</b>.,Взвесить на <b>весах</b>.,⚖️,f
"gracieux, gracieuse",грациозный,Une danseuse <b>gracieuse</b>.,<b>Грациозная</b> танцовщица.,🩰,adj
une biche,лань,Une <b>biche</b> dans la forêt.,<b>Лань</b> в лесу.,🦌,f
un porteur,носильщик,Le <b>porteur</b> de bagages.,<b>Носильщик</b> багажа.,🧳,m
une courbe,кривая,Une <b>courbe</b> ascendante.,Восходящая <b>кривая</b>.,📈,f
bousiller,ломать (разг.),<b>Bousiller</b> la voiture.,<b>Угробить</b> машину.,🚗,v
une cavalerie,кавалерия,La <b>cavalerie</b> charge.,<b>Кавалерия</b> атакует.,🐎,f
un reçu,квитанция,Demander un <b>reçu</b>.,Попросить <b>квитанцию</b>.,🧾,m
un messager,посыльный,Le <b>messager</b> arrive.,<b>Посыльный</b> прибыл.,📨,m
"collectif, collective",коллективный,Un travail <b>collectif</b>.,<b>Коллективная</b> работа.,👥,adj
une boxe,бокс,Un match de <b>boxe</b>.,Матч по <b>боксу</b>.,🥊,f
une frappe,удар,Une <b>frappe</b> chirurgicale.,Точечный <b>удар</b>.,💥,f
"déçu, déçue",разочарованный,Je suis <b>déçu</b>.,Я <b>разочарован</b>.,😞,adj
une compassion,сострадание,Avoir de la <b>compassion</b>.,Испытывать <b>сострадание</b>.,❤️,f
enrouler,наматывать,<b>Enrouler</b> le câble.,<b>Намотать</b> кабель.,🔄,v
"parent, parente",родственный,Les langues <b>parentes</b>.,<b>Родственные</b> языки.,👨‍👩‍👧,adj
une paye,зарплата,Jour de <b>paye</b>.,День <b>зарплаты</b>.,💰,f
une préférence,предпочтение,Ma <b>préférence</b> personnelle.,Моё личное <b>предпочтение</b>.,⭐,f
alerter,тревожить,<b>Alerter</b> les secours.,<b>Вызвать</b> спасателей.,🚨,v
une conserve,консервы,Une boîte de <b>conserve</b>.,Банка <b>консервов</b>.,🥫,f
enlacer,обнимать,<b>Enlacer</b> quelqu'un.,<b>Обнять</b> кого-то.,🤗,v
un amiral,адмирал,L'<b>amiral</b> commande la flotte.,<b>Адмирал</b> командует флотом.,⚓,m
"inhabituel, inhabituelle",необычный,Un événement <b>inhabituel</b>.,<b>Необычное</b> событие.,🤔,adj
tasser,утрамбовывать,<b>Tasser</b> la terre.,<b>Утрамбовать</b> землю.,🏗️,v
un minimum,минимум,Le <b>minimum</b> requis.,Требуемый <b>минимум</b>.,📉,m
"natal, natale",родной,Ma ville <b>natale</b>.,Мой <b>родной</b> город.,🏠,adj
une cloison,перегородка,Une <b>cloison</b> fine.,Тонкая <b>перегородка</b>.,🧱,f
une addition,счёт; сложение,Demander l'<b>addition</b>.,Попросить <b>счёт</b>.,🧾,f
trouble,мутный,Une eau <b>trouble</b>.,<b>Мутная</b> вода.,💧,adj
un sursaut,вздрагивание,Un <b>sursaut</b> de surprise.,<b>Вздрогнуть</b> от неожиданности.,😲,m
maudire,проклинать,<b>Maudire</b> son ennemi.,<b>Проклинать</b> врага.,😠,v
une étincelle,искра,Une <b>étincelle</b> de génie.,<b>Искра</b> гениальности.,✨,f
fleurir,цвести,Les roses <b>fleurissent</b>.,Розы <b>цветут</b>.,🌹,v
une excitation,возбуждение,Une grande <b>excitation</b>.,Сильное <b>возбуждение</b>.,🎉,f
pressentir,предчувствовать,Je le <b>pressentais</b>.,Я это <b>предчувствовал</b>.,🔮,v
"affectueux, affectueuse",ласковый,Un chat <b>affectueux</b>.,<b>Ласковый</b> кот.,🐱,adj
un abord,подход,Au premier <b>abord</b>.,На первый <b>взгляд</b>.,👁️,m
transpirer,потеть,<b>Transpirer</b> sous la chaleur.,<b>Потеть</b> от жары.,🥵,v
reconstituer,восстанавливать,<b>Reconstituer</b> les faits.,<b>Восстановить</b> факты.,🔍,v
"masculin, masculine",мужской,Le genre <b>masculin</b>.,<b>Мужской</b> род.,👨,adj
rayer,вычёркивать,<b>Rayer</b> de la liste.,<b>Вычеркнуть</b> из списка.,✏️,v
irrésistible,неотразимый,Un charme <b>irrésistible</b>.,<b>Неотразимое</b> обаяние.,😍,adj
"tombé, tombée",упавший; павший,Un soldat <b>tombé</b>.,<b>Павший</b> солдат.,🪖,adj
un religieux,монах,Un <b>religieux</b> bénédictin.,Бенедиктинский <b>монах</b>.,🙏,m
empirer,ухудшаться,La situation <b>empire</b>.,Ситуация <b>ухудшается</b>.,📉,v
une case,клетка,Cocher la <b>case</b>.,Поставить галочку в <b>клетке</b>.,☑️,f
stérile,бесплодный,Un débat <b>stérile</b>.,<b>Бесплодная</b> дискуссия.,❌,adj
débuter,начинать,<b>Débuter</b> une carrière.,<b>Начать</b> карьеру.,🚀,v
une sottise,глупость,Dire des <b>sottises</b>.,Говорить <b>глупости</b>.,🤦,f
un banquier,банкир,Le <b>banquier</b> accorde un prêt.,<b>Банкир</b> даёт кредит.,🏦,m
une fondation,фонд,Une <b>fondation</b> caritative.,Благотворительный <b>фонд</b>.,🏛️,f
"soûl, soûle",пьяный,Il est complètement <b>soûl</b>.,Он совершенно <b>пьян</b>.,🍺,adj
une morgue,морг,Le corps est à la <b>morgue</b>.,Тело в <b>морге</b>.,🏥,f
une brûlure,ожог,Une <b>brûlure</b> au doigt.,<b>Ожог</b> на пальце.,🔥,f
un complot,заговор,Un <b>complot</b> politique.,Политический <b>заговор</b>.,🤫,m
expulser,высылать,<b>Expulser</b> un immigrant.,<b>Выслать</b> иммигранта.,🚪,v
un litre,литр,Un <b>litre</b> d'eau.,<b>Литр</b> воды.,💧,m
obstiner,упрямиться,Il s'<b>obstine</b> à refuser.,Он <b>упорствует</b> в отказе.,🐴,v
localiser,определять местонахождение,<b>Localiser</b> le signal.,<b>Определить</b> местонахождение сигнала.,📍,v
un rhum,ром,Un verre de <b>rhum</b>.,Стакан <b>рома</b>.,🥃,m
une baisse,падение,Une <b>baisse</b> des prix.,<b>Падение</b> цен.,📉,f
une splendeur,великолепие,La <b>splendeur</b> du palais.,<b>Великолепие</b> дворца.,✨,f
"conséquent, conséquente",значительный,Une somme <b>conséquente</b>.,<b>Значительная</b> сумма.,💰,adj
une trousse,пенал,Une <b>trousse</b> d'école.,Школьный <b>пенал</b>.,✏️,f
"douteux, douteuse",сомнительный,Une affaire <b>douteuse</b>.,<b>Сомнительное</b> дело.,🤔,adj
"éteint, éteinte",погасший,Un feu <b>éteint</b>.,<b>Погасший</b> огонь.,🔥,adj
un tourbillon,вихрь,Un <b>tourbillon</b> de vent.,<b>Вихрь</b> ветра.,🌪️,m
une concession,уступка,Faire une <b>concession</b>.,Сделать <b>уступку</b>.,🤝,f
endurer,выносить,<b>Endurer</b> la douleur.,<b>Выносить</b> боль.,💪,v
un satellite,спутник,Un <b>satellite</b> artificiel.,Искусственный <b>спутник</b>.,🛰️,m
une correspondance,корреспонденция,Une <b>correspondance</b> secrète.,Тайная <b>переписка</b>.,✉️,f
un mendiant,нищий,Un <b>mendiant</b> dans la rue.,<b>Нищий</b> на улице.,🧑,m
"menaçant, menaçante",угрожающий,Un ton <b>menaçant</b>.,<b>Угрожающий</b> тон.,😠,adj
"puant, puante",вонючий,Un fromage <b>puant</b>.,<b>Вонючий</b> сыр.,🧀,adj
un gangster,гангстер,Un film de <b>gangsters</b>.,Фильм о <b>гангстерах</b>.,🎬,m
une garantie,гарантия,Une <b>garantie</b> de deux ans.,<b>Гарантия</b> два года.,📜,f
un lavabo,раковина,Se laver au <b>lavabo</b>.,Мыться у <b>раковины</b>.,🚿,m
aggraver,усугублять,<b>Aggraver</b> la situation.,<b>Усугубить</b> ситуацию.,😓,v
un renard,лиса,Le <b>renard</b> est rusé.,<b>Лиса</b> хитрая.,🦊,m
une invasion,вторжение,Une <b>invasion</b> de fourmis.,<b>Нашествие</b> муравьёв.,🐜,f
"promis, promise",обещанный,La terre <b>promise</b>.,<b>Обетованная</b> земля.,🌍,adj
une stratégie,стратегия,Une <b>stratégie</b> marketing.,Маркетинговая <b>стратегия</b>.,📊,f
un pilier,столб,Un <b>pilier</b> de pierre.,Каменный <b>столб</b>.,🏛️,m
ironique,ироничный,Un sourire <b>ironique</b>.,<b>Ироничная</b> улыбка.,😏,adj
"séduisant, séduisante",соблазнительный,Une offre <b>séduisante</b>.,<b>Соблазнительное</b> предложение.,😍,adj
"émouvant, émouvante",трогательный,Un discours <b>émouvant</b>.,<b>Трогательная</b> речь.,🥲,adj
un symptôme,симптом,Les <b>symptômes</b> de la grippe.,<b>Симптомы</b> гриппа.,🤒,m
une vieillesse,старость,Une <b>vieillesse</b> heureuse.,Счастливая <b>старость</b>.,👴,f
une rafale,порыв; очередь,Une <b>rafale</b> de vent.,<b>Порыв</b> ветра.,💨,f
"insignifiant, insignifiante",незначительный,Un détail <b>insignifiant</b>.,<b>Незначительная</b> деталь.,🔍,adj
un culot,наглость,Quel <b>culot</b> !,Какая <b>наглость</b>!,😤,m
un squelette,скелет,Le <b>squelette</b> humain.,Человеческий <b>скелет</b>.,💀,m
une énigme,загадка,Résoudre une <b>énigme</b>.,Разгадать <b>загадку</b>.,🧩,f
judiciaire,судебный,Une enquête <b>judiciaire</b>.,<b>Судебное</b> расследование.,⚖️,adj
"écarté, écartée",отстранённый; раздвинутый,Les bras <b>écartés</b>.,<b>Раздвинутые</b> руки.,🤷,adj
littéraire,литературный,Un prix <b>littéraire</b>.,<b>Литературная</b> премия.,📚,adj
un montant,сумма,Le <b>montant</b> total.,Общая <b>сумма</b>.,💵,m
un colis,посылка,Recevoir un <b>colis</b>.,Получить <b>посылку</b>.,📦,m
agripper,хватать,<b>Agripper</b> la rampe.,<b>Схватиться</b> за перила.,✊,v
"décisif, décisive",решающий,Un moment <b>décisif</b>.,<b>Решающий</b> момент.,⚡,adj
un développement,развитие,Le <b>développement</b> économique.,Экономическое <b>развитие</b>.,📈,m
une noblesse,благородство,La <b>noblesse</b> du geste.,<b>Благородство</b> жеста.,👑,f
"déchiré, déchirée",разорванный,Un jean <b>déchiré</b>.,<b>Рваные</b> джинсы.,👖,adj
engendrer,порождать,<b>Engendrer</b> des problèmes.,<b>Порождать</b> проблемы.,🔄,v
un processus,процесс,Un <b>processus</b> complexe.,Сложный <b>процесс</b>.,⚙️,m
canon,офигенный (разг.),Elle est <b>canon</b> !,Она <b>бомба</b>!,🔥,adj
un nécessaire,необходимое,Le strict <b>nécessaire</b>.,Самое <b>необходимое</b>.,📋,m
compléter,дополнять,<b>Complète</b> le formulaire.,<b>Заполни</b> анкету.,✍️,v
marron,коричневый,Des yeux <b>marron</b>.,<b>Карие</b> глаза.,🟤,adj
un polonais,поляк,Il est <b>polonais</b>.,Он <b>поляк</b>.,🇵🇱,m
une crêpe,блин,Une <b>crêpe</b> au sucre.,<b>Блин</b> с сахаром.,🥞,f
un aigle,орёл,L'<b>aigle</b> vole haut.,<b>Орёл</b> летит высоко.,🦅,m
embrouiller,запутывать,<b>Embrouiller</b> les idées.,<b>Запутать</b> мысли.,🤯,v
un ail,чеснок,Une gousse d'<b>ail</b>.,Зубчик <b>чеснока</b>.,🧄,m
un porche,крыльцо,S'asseoir sur le <b>porche</b>.,Сидеть на <b>крыльце</b>.,🚪,m
une vingtaine,около двадцати,Une <b>vingtaine</b> de personnes.,Около <b>двадцати</b> человек.,👥,f
une écharpe,шарф,Mettre une <b>écharpe</b>.,Надеть <b>шарф</b>.,🧣,f
quitte,квитый,<b>Quitte</b> ou double.,Пан или <b>пропал</b>.,🎲,adj
un mark,марка (валюта),Le <b>mark</b> allemand.,Немецкая <b>марка</b>.,💰,m
brosser,чистить щёткой,<b>Brosse</b> tes dents.,<b>Почисти</b> зубы.,🪥,v
un rabbin,раввин,Le <b>rabbin</b> de la synagogue.,<b>Раввин</b> синагоги.,✡️,m
une agonie,агония,Une longue <b>agonie</b>.,Долгая <b>агония</b>.,😵,f
une marine,флот,La <b>marine</b> nationale.,Военно-морской <b>флот</b>.,⚓,f
une comparaison,сравнение,Une <b>comparaison</b> flatteuse.,Лестное <b>сравнение</b>.,📊,f
un détachement,отряд; отстранённость,Un <b>détachement</b> militaire.,Военный <b>отряд</b>.,🪖,m
"pesant, pesante",тяжёлый,Un silence <b>pesant</b>.,<b>Тяжёлое</b> молчание.,😶,adj
enflammer,воспламенять,<b>Enflammer</b> les passions.,<b>Разжечь</b> страсти.,🔥,v
une lessive,стирка,Faire la <b>lessive</b>.,Сделать <b>стирку</b>.,🧺,f
un loulou,милашка (разг.),Mon petit <b>loulou</b>.,Мой <b>малыш</b>.,🧸,m
étreindre,обнимать крепко,<b>Étreindre</b> quelqu'un.,Крепко <b>обнять</b> кого-то.,🤗,v
un disparu,пропавший,Un <b>disparu</b> sans trace.,<b>Пропавший</b> без следа.,❓,m
une fente,щель,Une <b>fente</b> dans le mur.,<b>Щель</b> в стене.,🧱,f
avide,жадный,<b>Avide</b> de pouvoir.,<b>Жаждущий</b> власти.,😈,adj
une quarantaine,около сорока,Une <b>quarantaine</b> d'années.,Около <b>сорока</b> лет.,4️⃣0️⃣,f
une aviation,авиация,L'<b>aviation</b> civile.,Гражданская <b>авиация</b>.,✈️,f
une migraine,мигрень,Avoir une <b>migraine</b>.,Иметь <b>мигрень</b>.,🤕,f
une colle,клей,Un tube de <b>colle</b>.,Тюбик <b>клея</b>.,🧴,f
miser,ставить (деньги),<b>Miser</b> sur le rouge.,<b>Поставить</b> на красное.,🎰,v
un tatouage,татуировка,Un <b>tatouage</b> sur le bras.,<b>Татуировка</b> на руке.,💉,m
un peloton,взвод,Un <b>peloton</b> d'exécution.,Расстрельный <b>взвод</b>.,🪖,m
une lanterne,фонарь,La lumière de la <b>lanterne</b>.,Свет <b>фонаря</b>.,🏮,f
une trêve,перемирие,Une <b>trêve</b> de Noël.,Рождественское <b>перемирие</b>.,🕊️,f
une permanence,дежурство,Être de <b>permanence</b>.,Быть на <b>дежурстве</b>.,📞,f
complexe,сложный,Un problème <b>complexe</b>.,<b>Сложная</b> проблема.,🧩,adj
un gibier,дичь,Chasser le <b>gibier</b>.,Охотиться на <b>дичь</b>.,🦌,m
un mignon,миляга; любимчик,C'est mon <b>mignon</b>.,Это мой <b>милый</b>.,🥰,m
flairer,чуять,Le chien <b>flaire</b> la piste.,Собака <b>чует</b> след.,🐕,v
tracasser,беспокоить,Ça me <b>tracasse</b>.,Это меня <b>беспокоит</b>.,😟,v
"rassurant, rassurante",успокаивающий,Un ton <b>rassurant</b>.,<b>Успокаивающий</b> тон.,😌,adj
épanouir,расцветать,S'<b>épanouir</b> au travail.,<b>Расцветать</b> на работе.,🌸,v
un apprenti,ученик,Un <b>apprenti</b> boulanger.,<b>Ученик</b> пекаря.,👨‍🍳,m
un pourboire,чаевые,Laisser un <b>pourboire</b>.,Оставить <b>чаевые</b>.,💵,m
une moquette,ковролин,Une <b>moquette</b> épaisse.,Толстый <b>ковролин</b>.,🧶,f
masser,массировать,<b>Masser</b> les épaules.,<b>Массировать</b> плечи.,💆,v
un artifice,фейерверк,Un feu d'<b>artifice</b>.,<b>Фейерверк</b>.,🎆,m
tabasser,избивать (разг.),Se faire <b>tabasser</b>.,Быть <b>избитым</b>.,👊,v
grotesque,гротескный,Une situation <b>grotesque</b>.,<b>Гротескная</b> ситуация.,🎭,adj
une élite,элита,L'<b>élite</b> de la société.,<b>Элита</b> общества.,🏆,f
une négociation,переговоры,Des <b>négociations</b> de paix.,Мирные <b>переговоры</b>.,🤝,f
un horaire,расписание,L'<b>horaire</b> des trains.,<b>Расписание</b> поездов.,🚂,m
bâiller,зевать,<b>Bâiller</b> de fatigue.,<b>Зевать</b> от усталости.,🥱,v
un court,корт,Le <b>court</b> de tennis.,Теннисный <b>корт</b>.,🎾,m
advenir,случаться,Quoi qu'il <b>advienne</b>.,Что бы ни <b>случилось</b>.,🔮,v
un mégot,окурок,Un <b>mégot</b> de cigarette.,<b>Окурок</b> сигареты.,🚬,m
une sensibilité,чувствительность,Une grande <b>sensibilité</b>.,Большая <b>чувствительность</b>.,❤️,f
perturber,нарушать,<b>Perturber</b> l'ordre.,<b>Нарушить</b> порядок.,😵,v
suer,потеть,<b>Suer</b> à grosses gouttes.,<b>Потеть</b> крупными каплями.,💦,v
"couvert, couverte",покрытый,<b>Couvert</b> de neige.,<b>Покрытый</b> снегом.,❄️,adj
un débris,обломок,Des <b>débris</b> de verre.,<b>Осколки</b> стекла.,🔨,m
un cendrier,пепельница,Vider le <b>cendrier</b>.,Опорожнить <b>пепельницу</b>.,🚬,m
un toucher,прикосновение,Un <b>toucher</b> délicat.,Нежное <b>прикосновение</b>.,✋,m
morne,мрачный,Un jour <b>morne</b>.,<b>Мрачный</b> день.,☁️,adj
incarner,воплощать,<b>Incarner</b> un personnage.,<b>Воплотить</b> персонажа.,🎭,v
un écureuil,белка,Un <b>écureuil</b> roux.,Рыжая <b>белка</b>.,🐿️,m
"tu, tue",убитый (только ж.р.),Une personne <b>tuée</b>.,<b>Убитый</b> человек.,💀,adj
un ballet,балет,Un <b>ballet</b> classique.,Классический <b>балет</b>.,🩰,m
un pressentiment,предчувствие,Un mauvais <b>pressentiment</b>.,Плохое <b>предчувствие</b>.,😰,m
"avancé, avancée",продвинутый,Un niveau <b>avancé</b>.,<b>Продвинутый</b> уровень.,📈,adj
un jardinier,садовник,Le <b>jardinier</b> taille les roses.,<b>Садовник</b> подрезает розы.,👨‍🌾,m
un cierge,свеча церковная,Allumer un <b>cierge</b>.,Зажечь <b>свечу</b>.,🕯️,m
une jardinière,садовница,Elle est <b>jardinière</b>.,Она <b>садовница</b>.,👩‍🌾,f
un relief,рельеф,Le <b>relief</b> du terrain.,<b>Рельеф</b> местности.,🏔️,m
flamber,пылать,Le feu <b>flambe</b>.,Огонь <b>пылает</b>.,🔥,v
une rentrée,начало учебного года,La <b>rentrée</b> scolaire.,Начало <b>учебного года</b>.,🎒,f
damer,утрамбовывать; побить,<b>Damer</b> le pion à quelqu'un.,<b>Обставить</b> кого-то.,🏁,v
un fût,бочка; ствол,Un <b>fût</b> de vin.,<b>Бочка</b> вина.,🛢️,m
une résolution,решимость,Prendre une <b>résolution</b>.,Принять <b>решение</b>.,💪,f
flinguer,пристрелить (разг.),<b>Flinguer</b> quelqu'un.,<b>Пристрелить</b> кого-то.,🔫,v
une épine,колючка,Une <b>épine</b> de rose.,<b>Шип</b> розы.,🌹,f
un nichon,сиська (груб.),De gros <b>nichons</b>. (vulgaire),Большие <b>сиськи</b>. (груб.),🤬,m
un palmier,пальма,Un <b>palmier</b> tropical.,Тропическая <b>пальма</b>.,🌴,m
une hostilité,враждебность,Avec <b>hostilité</b>.,С <b>враждебностью</b>.,😠,f
une inspection,инспекция,Une <b>inspection</b> de routine.,Плановая <b>проверка</b>.,🔍,f
"roulant, roulante",катящийся,Un fauteuil <b>roulant</b>.,Инвалидная <b>коляска</b>.,♿,adj
"subit, subite",внезапный,Un changement <b>subit</b>.,<b>Внезапное</b> изменение.,⚡,adj
un organisme,организм,L'<b>organisme</b> humain.,Человеческий <b>организм</b>.,🫀,m
une cape,плащ,Une <b>cape</b> de super-héros.,<b>Плащ</b> супергероя.,🦸,f
gravir,взбираться,<b>Gravir</b> une montagne.,<b>Взбираться</b> на гору.,🧗,v
un marais,болото,Un <b>marais</b> profond.,Глубокое <b>болото</b>.,🐊,m
un g,буква Г,Le <b>g</b> se prononce différemment.,<b>Г</b> произносится по-разному.,🔤,m
un boxeur,боксёр,Un <b>boxeur</b> professionnel.,Профессиональный <b>боксёр</b>.,🥊,m
un team,команда (англ.),Notre <b>team</b> est la meilleure.,Наша <b>команда</b> лучшая.,👥,m
un peigne,расчёска,Passer le <b>peigne</b>.,Провести <b>расчёской</b>.,💇,m
un retrait,отступление; снятие,Un <b>retrait</b> d'argent.,<b>Снятие</b> денег.,💰,m
un sifflement,свист,Un <b>sifflement</b> strident.,Пронзительный <b>свист</b>.,🎵,m
une vigueur,сила,Avec <b>vigueur</b>.,С <b>силой</b>.,💪,f
un lustre,люстра,Un grand <b>lustre</b>.,Большая <b>люстра</b>.,💡,m
entrouvrir,приоткрывать,<b>Entrouvrir</b> la porte.,<b>Приоткрыть</b> дверь.,🚪,v
"passionné, passionnée",страстный,Un débat <b>passionné</b>.,<b>Страстная</b> дискуссия.,🔥,adj
un recul,отступление,Prendre du <b>recul</b>.,<b>Отойти</b> назад.,↩️,m
un vestiaire,раздевалка,Le <b>vestiaire</b> du gymnase.,<b>Раздевалка</b> спортзала.,🚿,m
une humidité,влажность,Une forte <b>humidité</b>.,Высокая <b>влажность</b>.,💧,f
une transmission,передача,La <b>transmission</b> de données.,<b>Передача</b> данных.,📡,f
"sportif, sportive",спортивный,Un événement <b>sportif</b>.,<b>Спортивное</b> мероприятие.,🏅,adj
une planque,укрытие (разг.),Une bonne <b>planque</b>.,Хорошее <b>укрытие</b>.,🙈,f
un ver,червь,Un <b>ver</b> de terre.,Земляной <b>червь</b>.,🪱,m
dessécher,иссушать,Le soleil <b>dessèche</b> la terre.,Солнце <b>иссушает</b> землю.,☀️,v
médiocre,посредственный,Un résultat <b>médiocre</b>.,<b>Посредственный</b> результат.,😐,adj
persister,упорствовать,<b>Persister</b> dans l'erreur.,<b>Упорствовать</b> в ошибке.,🙄,v
une impasse,тупик,Une <b>impasse</b> politique.,Политический <b>тупик</b>.,🛑,f
qualifier,квалифицировать,Se <b>qualifier</b> pour la finale.,<b>Квалифицироваться</b> в финал.,🏆,v
"touchant, touchante",трогательный,Une histoire <b>touchante</b>.,<b>Трогательная</b> история.,🥲,adj
un orphelin,сирота,Il est <b>orphelin</b>.,Он <b>сирота</b>.,😢,m
avérer,оказываться,S'<b>avérer</b> vrai.,<b>Оказаться</b> правдой.,✅,v
"sournois, sournoise",коварный,Un regard <b>sournois</b>.,<b>Коварный</b> взгляд.,😏,adj
une coquille,ракушка,Une <b>coquille</b> d'huître.,<b>Раковина</b> устрицы.,🐚,f
une pauvreté,бедность,Vivre dans la <b>pauvreté</b>.,Жить в <b>бедности</b>.,😔,f
une finance,финансы,Le monde de la <b>finance</b>.,Мир <b>финансов</b>.,💹,f
"usé, usée",изношенный,Des vêtements <b>usés</b>.,<b>Изношенная</b> одежда.,👕,adj
formuler,формулировать,<b>Formuler</b> une demande.,<b>Сформулировать</b> просьбу.,📝,v
une hôtesse,хозяйка; стюардесса,Une <b>hôtesse</b> de l'air.,<b>Стюардесса</b>.,✈️,f
une structure,структура,La <b>structure</b> du bâtiment.,<b>Структура</b> здания.,🏗️,f
dédier,посвящать,<b>Dédier</b> un livre à quelqu'un.,<b>Посвятить</b> книгу кому-то.,📖,v
un vacarme,шум,Quel <b>vacarme</b> !,Какой <b>шум</b>!,📢,m
déplier,разворачивать,<b>Déplier</b> la carte.,<b>Развернуть</b> карту.,🗺️,v
un poteau,столб,Un <b>poteau</b> électrique.,Электрический <b>столб</b>.,⚡,m
une girl,девушка (англ.),Les <b>girls</b> du cabaret.,<b>Девушки</b> из кабаре.,💃,f
une tôle,жесть,Une <b>tôle</b> ondulée.,Гофрированная <b>жесть</b>.,🔩,f
une générosité,щедрость,Une grande <b>générosité</b>.,Большая <b>щедрость</b>.,🎁,f
un leader,лидер,Le <b>leader</b> du groupe.,<b>Лидер</b> группы.,👑,m
un prestige,престиж,Le <b>prestige</b> de la marque.,<b>Престиж</b> бренда.,✨,m
une mécanique,механика,La <b>mécanique</b> auto.,Авто<b>механика</b>.,🔧,f
une pâtisserie,кондитерская,Une <b>pâtisserie</b> française.,Французская <b>кондитерская</b>.,🧁,f
"policier, policière",полицейский (прил.),Un roman <b>policier</b>.,<b>Детективный</b> роман.,🕵️,adj
secondaire,второстепенный,Un rôle <b>secondaire</b>.,<b>Второстепенная</b> роль.,2️⃣,adj
comique,комичный,Une situation <b>comique</b>.,<b>Комичная</b> ситуация.,😂,adj
instruire,обучать,<b>Instruire</b> les enfants.,<b>Обучать</b> детей.,📚,v
un fourgon,фургон,Un <b>fourgon</b> de police.,Полицейский <b>фургон</b>.,🚐,m
un pétard,петарда,Allumer un <b>pétard</b>.,Зажечь <b>петарду</b>.,🧨,m
"primitif, primitive",примитивный,Un art <b>primitif</b>.,<b>Примитивное</b> искусство.,🎨,adj
"cérébral, cérébrale",мозговой,Une activité <b>cérébrale</b>.,<b>Мозговая</b> активность.,🧠,adj
"chiant, chiante",надоедливый (разг.),C'est <b>chiant</b>.,Это <b>достало</b>.,😤,adj
une mouette,чайка,Une <b>mouette</b> blanche.,Белая <b>чайка</b>.,🦅,f
une pyramide,пирамида,La <b>pyramide</b> de Khéops.,<b>Пирамида</b> Хеопса.,🔺,f
un lézard,ящерица,Un <b>lézard</b> au soleil.,<b>Ящерица</b> на солнце.,🦎,m
une berge,берег реки,La <b>berge</b> de la Seine.,<b>Берег</b> Сены.,🏞️,f
un coco,кокос; тип (разг.),C'est un drôle de <b>coco</b>.,Странный <b>тип</b>.,🥥,m
une sûreté,безопасность,La <b>sûreté</b> nationale.,Национальная <b>безопасность</b>.,🔒,f
savourer,смаковать,<b>Savourer</b> un bon repas.,<b>Смаковать</b> хороший обед.,😋,v
un coucher,закат,Le <b>coucher</b> du soleil.,<b>Закат</b> солнца.,🌅,m
un gagnant,победитель,Le <b>gagnant</b> du concours.,<b>Победитель</b> конкурса.,🏆,m
un dealer,дилер,Un <b>dealer</b> de drogue.,Наркодилер.,💊,m
une mallette,портфель,Une <b>mallette</b> de médecin.,<b>Чемоданчик</b> врача.,💼,f
un talus,откос,Un <b>talus</b> herbeux.,Травянистый <b>откос</b>.,🏔️,m
"oriental, orientale",восточный,La cuisine <b>orientale</b>.,<b>Восточная</b> кухня.,🍜,adj
un local,помещение,Un <b>local</b> commercial.,Коммерческое <b>помещение</b>.,🏢,m
"éventuel, éventuelle",возможный,Un problème <b>éventuel</b>.,<b>Возможная</b> проблема.,❓,adj
copier,копировать,<b>Copier</b> un document.,<b>Скопировать</b> документ.,📋,v
une communion,причастие,La première <b>communion</b>.,Первое <b>причастие</b>.,⛪,f
une option,опция,Une <b>option</b> supplémentaire.,Дополнительная <b>опция</b>.,☑️,f
une condoléance,соболезнование,Présenter ses <b>condoléances</b>.,Выразить <b>соболезнования</b>.,🕯️,f
une étreinte,объятие,Une <b>étreinte</b> chaleureuse.,Тёплое <b>объятие</b>.,🤗,f
une clairière,поляна,Une <b>clairière</b> ensoleillée.,Солнечная <b>поляна</b>.,🌳,f
une traversée,переход,La <b>traversée</b> de l'Atlantique.,<b>Переход</b> через Атлантику.,🚢,f
un scotch,скотч; виски,Un verre de <b>scotch</b>.,Стакан <b>виски</b>.,🥃,m
un savant,учёный,Un grand <b>savant</b>.,Великий <b>учёный</b>.,👨‍🔬,m
une thérapie,терапия,Une <b>thérapie</b> de groupe.,Групповая <b>терапия</b>.,🧠,f
repentir,раскаиваться,Se <b>repentir</b> de ses péchés.,<b>Раскаиваться</b> в грехах.,😔,v
impeccable,безупречный,Un travail <b>impeccable</b>.,<b>Безупречная</b> работа.,✨,adj
sordide,грязный,Une affaire <b>sordide</b>.,<b>Грязное</b> дело.,🤢,adj
louche,подозрительный,Un type <b>louche</b>.,<b>Подозрительный</b> тип.,🤨,adj
une réparation,ремонт,Une <b>réparation</b> urgente.,Срочный <b>ремонт</b>.,🔧,f
blâmer,винить,<b>Blâmer</b> quelqu'un.,<b>Винить</b> кого-то.,👆,v
un comédien,комедиант,Un <b>comédien</b> talentueux.,Талантливый <b>актёр</b>.,🎭,m
croquer,хрустеть,<b>Croquer</b> une pomme.,<b>Хрустеть</b> яблоком.,🍎,v
un ya,йогурт (разг.),Je mange un <b>ya</b>.,Я ем <b>йогурт</b>.,🥛,m
un zinc,цинк; барная стойка,Accoudé au <b>zinc</b>.,Облокотившись на <b>стойку</b>.,🍺,m
un rez-de-chaussée,первый этаж,Habiter au <b>rez-de-chaussée</b>.,Жить на <b>первом этаже</b>.,🏠,m
automatique,автоматический,Une porte <b>automatique</b>.,<b>Автоматическая</b> дверь.,🚪,adj
"forcé, forcée",вынужденный,Un sourire <b>forcé</b>.,<b>Вынужденная</b> улыбка.,😅,adj
un transfert,трансфер,Un <b>transfert</b> bancaire.,Банковский <b>перевод</b>.,💸,m
raidir,напрягать,<b>Raidir</b> les muscles.,<b>Напрячь</b> мышцы.,💪,v
une proximité,близость,À <b>proximité</b> de la gare.,<b>Рядом</b> с вокзалом.,📍,f
un projecteur,прожектор,Un <b>projecteur</b> de cinéma.,Кино<b>проектор</b>.,🎬,m
une rêverie,мечтательность,Perdu dans ses <b>rêveries</b>.,Погружённый в <b>мечты</b>.,💭,f
encercler,окружать,<b>Encercler</b> l'ennemi.,<b>Окружить</b> врага.,⭕,v
socialiste,социалистический,Un parti <b>socialiste</b>.,<b>Социалистическая</b> партия.,🚩,adj
un châtiment,наказание,Un <b>châtiment</b> sévère.,Суровое <b>наказание</b>.,⚖️,m
"passionnant, passionnante",увлекательный,Un livre <b>passionnant</b>.,<b>Увлекательная</b> книга.,📚,adj
une caverne,пещера,Une <b>caverne</b> sombre.,Тёмная <b>пещера</b>.,🦇,f
un chantage,шантаж,Faire du <b>chantage</b>.,<b>Шантажировать</b>.,🤫,m
"chanceux, chanceuse",везучий,Tu es <b>chanceux</b>.,Тебе <b>повезло</b>.,🍀,adj
prédire,предсказывать,<b>Prédire</b> l'avenir.,<b>Предсказывать</b> будущее.,🔮,v
un lacet,шнурок,Nouer ses <b>lacets</b>.,Завязать <b>шнурки</b>.,👟,m
un pic,пик,Le <b>pic</b> de la montagne.,<b>Пик</b> горы.,🏔️,m
une intrigue,интрига,Une <b>intrigue</b> complexe.,Сложная <b>интрига</b>.,🎭,f
une impuissance,бессилие,Un sentiment d'<b>impuissance</b>.,Чувство <b>бессилия</b>.,😔,f
cinquième,пятый,Le <b>cinquième</b> étage.,<b>Пятый</b> этаж.,5️⃣,adj
"souterrain, souterraine",подземный,Un passage <b>souterrain</b>.,<b>Подземный</b> переход.,🚇,adj
chimique,химический,Une réaction <b>chimique</b>.,<b>Химическая</b> реакция.,🧪,adj
"résolu, résolue",решительный,Un homme <b>résolu</b>.,<b>Решительный</b> человек.,💪,adj
une potion,зелье,Une <b>potion</b> magique.,Волшебное <b>зелье</b>.,🧪,f
une jument,кобыла,Une belle <b>jument</b>.,Красивая <b>кобыла</b>.,🐴,f
imprégner,пропитывать,<b>Imprégner</b> le tissu.,<b>Пропитать</b> ткань.,💧,v
un autre,другой (субст.),L'<b>autre</b> est parti.,<b>Другой</b> ушёл.,👤,m
argent,серебряный,Une bague en <b>argent</b>.,<b>Серебряное</b> кольцо.,💍,adj
ruisseler,струиться,L'eau <b>ruisselle</b>.,Вода <b>струится</b>.,💦,v
un petit-déjeuner,завтрак,Prendre le <b>petit-déjeuner</b>.,<b>Завтракать</b>.,🍳,m
râler,ворчать,Arrête de <b>râler</b>.,Хватит <b>ворчать</b>.,😤,v
une mafia,мафия,La <b>mafia</b> sicilienne.,Сицилийская <b>мафия</b>.,🤵,f
lover,свёртывать; сворачиваться,Se <b>lover</b> dans le canapé.,<b>Свернуться</b> на диване.,🐍,v
un dortoir,общежитие,Dormir au <b>dortoir</b>.,Спать в <b>общежитии</b>.,🛏️,m
une chandelle,свеча,Une <b>chandelle</b> allumée.,Зажжённая <b>свеча</b>.,🕯️,f
une suggestion,предложение,Une bonne <b>suggestion</b>.,Хорошее <b>предложение</b>.,💡,f
"africain, africaine",африканский,La culture <b>africaine</b>.,<b>Африканская</b> культура.,🌍,adj
une ferraille,металлолом,Un tas de <b>ferraille</b>.,Куча <b>металлолома</b>.,🔩,f
une opportunité,возможность,Une belle <b>opportunité</b>.,Прекрасная <b>возможность</b>.,🎯,f
un ciné,кино (разг.),Aller au <b>ciné</b>.,Идти в <b>кино</b>.,🎬,m
une licence,лицензия,Une <b>licence</b> de conduire.,Водительские <b>права</b>.,📜,f
blanchir,отбеливать,<b>Blanchir</b> le linge.,<b>Отбелить</b> бельё.,🧺,v
une tartine,бутерброд,Une <b>tartine</b> de confiture.,<b>Бутерброд</b> с вареньем.,🍞,f
solaire,солнечный,Un panneau <b>solaire</b>.,<b>Солнечная</b> панель.,☀️,adj
subsister,существовать,<b>Subsister</b> avec peu.,<b>Выживать</b> с малым.,💪,v
répliquer,возражать,<b>Répliquer</b> avec ironie.,<b>Возразить</b> с иронией.,💬,v
une présentation,презентация,Une <b>présentation</b> PowerPoint.,<b>Презентация</b> PowerPoint.,📊,f
gouverner,управлять; править,C'est difficile de <b>gouverner</b> un pays.,<b>Управлять</b> страной сложно.,🏛️,v
une collaboration,сотрудничество,Une <b>collaboration</b> fructueuse.,Плодотворное <b>сотрудничество</b>.,🤝,f
souper,ужинать,<b>Souper</b> en famille.,<b>Ужинать</b> в семье.,🍽️,v
une secousse,толчок,Une <b>secousse</b> sismique.,Сейсмический <b>толчок</b>.,🌋,f
un perron,крыльцо,Sur le <b>perron</b> de la maison.,На <b>крыльце</b> дома.,🏠,m
broder,вышивать,<b>Broder</b> une nappe.,<b>Вышивать</b> скатерть.,🧵,v
une coque,корпус,La <b>coque</b> du navire.,<b>Корпус</b> корабля.,🚢,f
"chaleureux, chaleureuse",тёплый,Un accueil <b>chaleureux</b>.,<b>Тёплый</b> приём.,🤗,adj
un fantasme,фантазия,Un <b>fantasme</b> récurrent.,Повторяющаяся <b>фантазия</b>.,💭,m
égoïste,эгоистичный,Un comportement <b>égoïste</b>.,<b>Эгоистичное</b> поведение.,😤,adj
une audition,прослушивание,Passer une <b>audition</b>.,Пройти <b>прослушивание</b>.,🎤,f
un partisan,сторонник,Un <b>partisan</b> du changement.,<b>Сторонник</b> перемен.,✊,m
une application,приложение,Une <b>application</b> mobile.,Мобильное <b>приложение</b>.,📱,f
"mourant, mourante",умирающий,Un homme <b>mourant</b>.,<b>Умирающий</b> человек.,😢,adj
un embarras,затруднение,Un <b>embarras</b> financier.,Финансовые <b>затруднения</b>.,💸,m
un poker,покер,Jouer au <b>poker</b>.,Играть в <b>покер</b>.,🃏,m
"inouï, inouïe",неслыханный,Un succès <b>inouï</b>.,<b>Неслыханный</b> успех.,🤯,adj
un cordon,шнур,Un <b>cordon</b> de police.,Полицейское <b>оцепление</b>.,👮,m
un torrent,поток,Un <b>torrent</b> de montagne.,Горный <b>поток</b>.,🌊,m
une indulgence,снисходительность,Avec <b>indulgence</b>.,Со <b>снисходительностью</b>.,😊,f
"soucieux, soucieuse",озабоченный,Un air <b>soucieux</b>.,<b>Озабоченный</b> вид.,😟,adj
"convaincu, convaincue",убеждённый,Je suis <b>convaincu</b>.,Я <b>убеждён</b>.,✅,adj
"successif, successive",последовательный,Trois jours <b>successifs</b>.,Три <b>последовательных</b> дня.,📅,adj
un jean,джинсы,Un <b>jean</b> bleu.,Синие <b>джинсы</b>.,👖,m
une distraction,развлечение,Une <b>distraction</b> agréable.,Приятное <b>развлечение</b>.,🎮,f
"meurtrier, meurtrière",смертоносный,Une arme <b>meurtrière</b>.,<b>Смертоносное</b> оружие.,💀,adj
trébucher,спотыкаться,<b>Trébucher</b> sur une pierre.,<b>Споткнуться</b> о камень.,🦵,v
une fiancée,невеста,C'est ma <b>fiancée</b>.,Это моя <b>невеста</b>.,💍,f
une touffe,пучок,Une <b>touffe</b> d'herbe.,<b>Пучок</b> травы.,🌿,f
un original,оригинал; чудак,C'est un <b>original</b>.,Он <b>чудак</b>.,🎭,m
un bétail,скот,Le <b>bétail</b> dans le pré.,<b>Скот</b> на лугу.,🐄,m
une sérénité,безмятежность,Une grande <b>sérénité</b>.,Большая <b>безмятежность</b>.,😌,f
un gitan,цыган,Les <b>gitans</b> voyagent.,<b>Цыгане</b> путешествуют.,🎸,m
un bazar,базар; беспорядок,Quel <b>bazar</b> !,Какой <b>бардак</b>!,🤯,m
emprisonner,заключать,<b>Emprisonner</b> un criminel.,<b>Заключить</b> преступника.,🔒,v
inciter,побуждать,<b>Inciter</b> à la violence.,<b>Побуждать</b> к насилию.,📢,v
un verrou,засов,Fermer le <b>verrou</b>.,Закрыть <b>засов</b>.,🔐,m
une brise,бриз,Une douce <b>brise</b>.,Лёгкий <b>бриз</b>.,🌬️,f
une monture,оправа; верховое животное,Une <b>monture</b> de lunettes.,<b>Оправа</b> очков.,👓,f
un cadet,младший (ребёнок),C'est le <b>cadet</b> de la famille.,Это <b>младший</b> в семье.,👶,m
"pieux, pieuse",набожный,Une femme <b>pieuse</b>.,<b>Набожная</b> женщина.,🙏,adj
un préféré,любимец,C'est mon <b>préféré</b>.,Это мой <b>любимец</b>.,⭐,m
espionner,шпионить,<b>Espionner</b> quelqu'un.,<b>Шпионить</b> за кем-то.,🕵️,v
une bouchée,кусок,Une <b>bouchée</b> de pain.,<b>Кусок</b> хлеба.,🍞,f
une autopsie,вскрытие,Pratiquer une <b>autopsie</b>.,Провести <b>вскрытие</b>.,🏥,f
escorter,сопровождать,<b>Escorter</b> le président.,<b>Сопровождать</b> президента.,🚗,v
piller,грабить,<b>Piller</b> un magasin.,<b>Грабить</b> магазин.,💰,v
insensible,бесчувственный,Un cœur <b>insensible</b>.,<b>Бесчувственное</b> сердце.,❄️,adj
mobile,подвижный,Un téléphone <b>mobile</b>.,<b>Мобильный</b> телефон.,📱,adj
un applaudissement,аплодисменты,Des <b>applaudissements</b> nourris.,Бурные <b>аплодисменты</b>.,👏,m
un comté,графство,Le <b>comté</b> de Yorkshire.,<b>Графство</b> Йоркшир.,🏰,m
imprévisible,непредсказуемый,Un comportement <b>imprévisible</b>.,<b>Непредсказуемое</b> поведение.,🎲,adj
un bail,аренда,Signer un <b>bail</b>.,Подписать <b>договор аренды</b>.,📝,m
un privé,частный детектив,Engager un <b>privé</b>.,Нанять <b>частного детектива</b>.,🕵️,m
mâcher,жевать,<b>Mâcher</b> du chewing-gum.,<b>Жевать</b> жвачку.,🫦,v
un mythe,миф,Un <b>mythe</b> grec.,Греческий <b>миф</b>.,🏛️,m
une gratitude,благодарность,Exprimer sa <b>gratitude</b>.,Выразить <b>благодарность</b>.,🙏,f
une chirurgie,хирургия,Une <b>chirurgie</b> cardiaque.,Сердечная <b>хирургия</b>.,🏥,f
un préfet,префект,Le <b>préfet</b> de police.,<b>Префект</b> полиции.,👮,m
déprimer,угнетать,Ça me <b>déprime</b>.,Это меня <b>угнетает</b>.,😔,v
une nausée,тошнота,Avoir des <b>nausées</b>.,Испытывать <b>тошноту</b>.,🤢,f
obscène,непристойный,Un geste <b>obscène</b>.,<b>Непристойный</b> жест.,🙈,adj
une moue,гримаса,Faire la <b>moue</b>.,Надуть <b>губы</b>.,😤,f
consumer,поглощать,Se <b>consumer</b> de chagrin.,<b>Сгорать</b> от горя.,🔥,v
une préparation,подготовка,La <b>préparation</b> du dîner.,<b>Подготовка</b> ужина.,👨‍🍳,f
modèle,образцовый,Un élève <b>modèle</b>.,<b>Образцовый</b> ученик.,⭐,adj
"opposé, opposée",противоположный,L'avis <b>opposé</b>.,<b>Противоположное</b> мнение.,↔️,adj
"inoffensif, inoffensive",безобидный,Un animal <b>inoffensif</b>.,<b>Безобидное</b> животное.,🐰,adj
"épuisé, épuisée",измождённый,Je suis <b>épuisé</b>.,Я <b>измождён</b>.,😩,adj
un principal,директор; главное,Le <b>principal</b> du collège.,<b>Директор</b> колледжа.,👨‍💼,m
un capital,капитал,Un <b>capital</b> important.,Крупный <b>капитал</b>.,💰,m
chauve,лысый,Un homme <b>chauve</b>.,<b>Лысый</b> мужчина.,👨‍🦲,adj
une clôture,забор,Une <b>clôture</b> en bois.,Деревянный <b>забор</b>.,🏡,f
une besogne,работа,Une dure <b>besogne</b>.,Тяжёлая <b>работа</b>.,💪,f
tripoter,щупать,<b>Tripoter</b> ses clés.,<b>Вертеть</b> ключи.,🔑,v
stable,стабильный,Une situation <b>stable</b>.,<b>Стабильная</b> ситуация.,📊,adj
susceptible,обидчивый,Il est très <b>susceptible</b>.,Он очень <b>обидчивый</b>.,😤,adj
une épicerie,бакалея,Une <b>épicerie</b> fine.,Деликатесный <b>магазин</b>.,🏪,f
un pétrin,переделка,Être dans le <b>pétrin</b>.,Быть в <b>переделке</b>.,😰,m
une toux,кашель,Une <b>toux</b> persistante.,Постоянный <b>кашель</b>.,🤧,f
"glacial, glaciale",ледяной,Un vent <b>glacial</b>.,<b>Ледяной</b> ветер.,🥶,adj
"effrayé, effrayée",испуганный,Un regard <b>effrayé</b>.,<b>Испуганный</b> взгляд.,😨,adj
une montée,подъём,La <b>montée</b> des escaliers.,<b>Подъём</b> по лестнице.,📈,f
une écume,пена,L'<b>écume</b> des vagues.,<b>Пена</b> волн.,🌊,f
vulnérable,уязвимый,Un point <b>vulnérable</b>.,<b>Уязвимая</b> точка.,😟,adj
une musette,волынка; сумка,La <b>musette</b> du soldat.,<b>Сумка</b> солдата.,🎒,f
"poussiéreux, poussiéreuse",пыльный,Une route <b>poussiéreuse</b>.,<b>Пыльная</b> дорога.,🛤️,adj
"bavard, bavarde",болтливый,Elle est <b>bavarde</b>.,Она <b>болтливая</b>.,🗣️,adj
un fichier,файл,Ouvrir un <b>fichier</b>.,Открыть <b>файл</b>.,📁,m
improviser,импровизировать,<b>Improviser</b> un discours.,<b>Импровизировать</b> речь.,🎤,v
rauque,хриплый,Une voix <b>rauque</b>.,<b>Хриплый</b> голос.,🗣️,adj
engouffrer,поглощать,S'<b>engouffrer</b> dans le métro.,<b>Устремиться</b> в метро.,🚇,v
neutre,нейтральный,Un terrain <b>neutre</b>.,<b>Нейтральная</b> территория.,⚖️,adj
réconforter,утешать,<b>Réconforter</b> un ami.,<b>Утешить</b> друга.,🤗,v
une marmite,кастрюля,Une <b>marmite</b> de soupe.,<b>Кастрюля</b> супа.,🍲,f
infâme,бесчестный,Un acte <b>infâme</b>.,<b>Бесчестный</b> поступок.,😤,adj
un galon,галун; нашивка,Gagner ses <b>galons</b>.,Заслужить <b>погоны</b>.,🎖️,m
un taux,ставка,Le <b>taux</b> d'intérêt.,Процентная <b>ставка</b>.,📊,m
une frite,картошка фри,Des <b>frites</b> belges.,Бельгийская <b>картошка фри</b>.,🍟,f
"matinal, matinale",утренний,Une promenade <b>matinale</b>.,<b>Утренняя</b> прогулка.,🌅,adj
un rituel,ритуал,Un <b>rituel</b> quotidien.,Ежедневный <b>ритуал</b>.,📿,m
réapparaître,вновь появляться,<b>Réapparaître</b> soudain.,Внезапно <b>появиться</b> вновь.,👻,v
tutoyer,обращаться на «ты»,On peut se <b>tutoyer</b> ?,Можем на «<b>ты</b>»?,👋,v
une lassitude,усталость,Une grande <b>lassitude</b>.,Большая <b>усталость</b>.,😩,f
une enseigne,вывеска; знамя,L'<b>enseigne</b> du magasin.,<b>Вывеска</b> магазина.,🪧,f
"pascal, pascale",пасхальный,L'agneau <b>pascal</b>.,<b>Пасхальный</b> агнец.,🐑,adj
"ému, émue",растроганный,Je suis <b>ému</b>.,Я <b>растроган</b>.,🥲,adj
"latin, latine",латинский,La culture <b>latine</b>.,<b>Латинская</b> культура.,📜,adj
"monté, montée",поднявшийся; взведённый,Un cheval <b>monté</b>.,<b>Осёдланная</b> лошадь.,🐎,adj
une correction,исправление,Apporter une <b>correction</b>.,Внести <b>исправление</b>.,✍️,f
un by,бай; пока,"<b>By</b>, à plus !",<b>Пока</b>!,👋,m
un contour,контур,Les <b>contours</b> du visage.,<b>Контуры</b> лица.,✏️,m
une opposition,оппозиция,L'<b>opposition</b> politique.,Политическая <b>оппозиция</b>.,⚔️,f
un képi,кепи,Le <b>képi</b> du gendarme.,<b>Кепи</b> жандарма.,👮,m
pécher,грешить,<b>Pécher</b> par orgueil.,<b>Грешить</b> гордыней.,😇,v
une dépense,расход,Réduire les <b>dépenses</b>.,Сократить <b>расходы</b>.,💸,f
une craie,мел,Écrire à la <b>craie</b>.,Писать <b>мелом</b>.,✍️,f
exclamer,восклицать,S'<b>exclamer</b> de joie.,<b>Воскликнуть</b> от радости.,😃,v
une vibration,вибрация,Une légère <b>vibration</b>.,Лёгкая <b>вибрация</b>.,📳,f
"assuré, assurée",уверенный,Un pas <b>assuré</b>.,<b>Уверенный</b> шаг.,💪,adj
un heureux,счастливец,Faire des <b>heureux</b>.,Осчастливить.,😊,m
un escargot,улитка,Un <b>escargot</b> de Bourgogne.,Бургундская <b>улитка</b>.,🐌,m
une sentinelle,часовой,Une <b>sentinelle</b> vigilante.,Бдительный <b>часовой</b>.,💂,f
une déposition,показание,Faire une <b>déposition</b>.,Дать <b>показания</b>.,📝,f
abominable,отвратительный,Un crime <b>abominable</b>.,<b>Отвратительное</b> преступление.,🤢,adj
nature,натуральный; простой,Un yaourt <b>nature</b>.,<b>Натуральный</b> йогурт.,🥛,adj
un éclairage,освещение,Un bon <b>éclairage</b>.,Хорошее <b>освещение</b>.,💡,m
un adjoint,заместитель,L'<b>adjoint</b> au maire.,<b>Заместитель</b> мэра.,👔,m
un dirigeant,руководитель,Un <b>dirigeant</b> d'entreprise.,<b>Руководитель</b> компании.,👨‍💼,m
une lisière,опушка,À la <b>lisière</b> de la forêt.,На <b>опушке</b> леса.,🌲,f
un réfugié,беженец,Un camp de <b>réfugiés</b>.,Лагерь <b>беженцев</b>.,🏕️,m
une constitution,конституция,La <b>Constitution</b> française.,Французская <b>конституция</b>.,📜,f
une volée,стая; залп,Une <b>volée</b> d'oiseaux.,<b>Стая</b> птиц.,🐦,f
"joint, jointe",приложенный,Voir pièce <b>jointe</b>.,Смотри <b>вложение</b>.,📎,adj
un joint,стык; косяк,Un <b>joint</b> de fenêtre.,Оконный <b>уплотнитель</b>.,🪟,m
un solde,остаток; распродажа,Les <b>soldes</b> d'hiver.,Зимняя <b>распродажа</b>.,🏷️,m
un débarquement,высадка,Le <b>débarquement</b> en Normandie.,<b>Высадка</b> в Нормандии.,⚓,m
un jazz,джаз,Un concert de <b>jazz</b>.,<b>Джазовый</b> концерт.,🎷,m
une méchanceté,злоба,Dire des <b>méchancetés</b>.,Говорить <b>злости</b>.,😠,f
prêcher,проповедовать,<b>Prêcher</b> la paix.,<b>Проповедовать</b> мир.,⛪,v
terne,тусклый,Un regard <b>terne</b>.,<b>Тусклый</b> взгляд.,😐,adj
dorer,золотить,<b>Dorer</b> le poulet.,<b>Подрумянить</b> курицу.,🍗,v
un relais,эстафета,Un <b>relais</b> routier.,Придорожный <b>мотель</b>.,🏨,m
un gouffre,пропасть,Un <b>gouffre</b> financier.,Финансовая <b>пропасть</b>.,💸,m
chantonner,напевать,<b>Chantonner</b> une mélodie.,<b>Напевать</b> мелодию.,🎵,v
un biais,уловка; наклон,Par le <b>biais</b> de.,<b>Посредством</b>.,↗️,m
un crocodile,крокодил,Le <b>crocodile</b> nage.,<b>Крокодил</b> плывёт.,🐊,m
"confidentiel, confidentielle",конфиденциальный,Un document <b>confidentiel</b>.,<b>Конфиденциальный</b> документ.,🔒,adj
un veston,пиджак,Un <b>veston</b> élégant.,Элегантный <b>пиджак</b>.,🧥,m
un mi,нота ми,Un <b>mi</b> bémol.,<b>Ми</b> бемоль.,🎵,m
un fardeau,бремя,Un lourd <b>fardeau</b>.,Тяжёлое <b>бремя</b>.,💼,m
un déplacement,перемещение,Un <b>déplacement</b> professionnel.,<b>Командировка</b>.,✈️,m
un puzzle,головоломка,Assembler un <b>puzzle</b>.,Собирать <b>пазл</b>.,🧩,m
un supplice,пытка,C'est un <b>supplice</b>.,Это <b>пытка</b>.,😫,m
une condamnation,приговор,Une <b>condamnation</b> à mort.,Смертный <b>приговор</b>.,⚖️,f
une locomotive,локомотив,La <b>locomotive</b> à vapeur.,Паровой <b>локомотив</b>.,🚂,f
dévaler,скатываться,<b>Dévaler</b> la pente.,<b>Скатиться</b> с горы.,⛷️,v
"anormal, anormale",ненормальный,Une situation <b>anormale</b>.,<b>Ненормальная</b> ситуация.,⚠️,adj
une traduction,перевод,Une <b>traduction</b> fidèle.,Верный <b>перевод</b>.,📖,f
scruter,пристально смотреть,<b>Scruter</b> l'horizon.,<b>Вглядываться</b> в горизонт.,👀,v
un acide,кислота,Un <b>acide</b> corrosif.,Коррозийная <b>кислота</b>.,🧪,m
une carotte,морковь,Une <b>carotte</b> râpée.,Тёртая <b>морковь</b>.,🥕,f
une pendule,настенные часы,La <b>pendule</b> sonne midi.,<b>Часы</b> бьют полдень.,🕰️,f
un triangle,треугольник,Un <b>triangle</b> équilatéral.,Равносторонний <b>треугольник</b>.,📐,m
un égout,канализация,Les <b>égouts</b> de Paris.,Парижская <b>канализация</b>.,🕳️,m
coopérer,сотрудничать,<b>Coopérer</b> avec la police.,<b>Сотрудничать</b> с полицией.,🤝,v
puiser,черпать,<b>Puiser</b> de l'eau.,<b>Черпать</b> воду.,💧,v
un enseignement,обучение,L'<b>enseignement</b> supérieur.,Высшее <b>образование</b>.,🎓,m
"guerrier, guerrière",воинственный,Un peuple <b>guerrier</b>.,<b>Воинственный</b> народ.,⚔️,adj
"tué, tuée",убитый,Un homme <b>tué</b>.,<b>Убитый</b> мужчина.,💀,adj
un gravier,гравий,Une allée de <b>gravier</b>.,Аллея из <b>гравия</b>.,🪨,m
un dauphin,дельфин,Un <b>dauphin</b> joueur.,Игривый <b>дельфин</b>.,🐬,m
une détente,расслабление,Un moment de <b>détente</b>.,Момент <b>расслабления</b>.,😌,f
brailler,орать,Arrête de <b>brailler</b>.,Хватит <b>орать</b>.,📢,v
"revenu, revenue",вернувшийся,Elle est <b>revenue</b>.,Она <b>вернулась</b>.,↩️,adj
une parade,парад,Une <b>parade</b> militaire.,Военный <b>парад</b>.,🎖️,f
un édifice,здание,Un <b>édifice</b> imposant.,Внушительное <b>здание</b>.,🏛️,m
équiper,оснащать,<b>Équiper</b> une cuisine.,<b>Оснастить</b> кухню.,🔧,v
diabolique,дьявольский,Un plan <b>diabolique</b>.,<b>Дьявольский</b> план.,😈,adj
intégrer,интегрировать,<b>Intégrer</b> une équipe.,<b>Влиться</b> в команду.,👥,v
"paternel, paternelle",отцовский,L'amour <b>paternel</b>.,<b>Отцовская</b> любовь.,👨,adj
une amende,штраф,Payer une <b>amende</b>.,Заплатить <b>штраф</b>.,💸,f
un surcroît,добавка,Un <b>surcroît</b> de travail.,Дополнительная <b>нагрузка</b>.,➕,m
une brigadière,бригадир (ж.р.),La <b>brigadière</b> dirige l'équipe.,<b>Бригадир</b> руководит командой.,👩‍🏭,f
un brigadier,бригадир,Le <b>brigadier</b> de police.,Полицейский <b>бригадир</b>.,👮,m
une couture,шов,Une <b>couture</b> à la main.,Ручной <b>шов</b>.,🧵,f
une attraction,аттракцион,Une <b>attraction</b> touristique.,Туристическая <b>достопримечательность</b>.,🎢,f
une poutre,балка,Une <b>poutre</b> en bois.,Деревянная <b>балка</b>.,🪵,f
un fauve,хищник,Un <b>fauve</b> en cage.,<b>Хищник</b> в клетке.,🦁,m
un mauvais,плохой (субст.),Trier le bon du <b>mauvais</b>.,Отделить хорошее от <b>плохого</b>.,👎,m
psychologique,психологический,Un soutien <b>psychologique</b>.,<b>Психологическая</b> поддержка.,🧠,adj
"culturel, culturelle",культурный,Un événement <b>culturel</b>.,<b>Культурное</b> мероприятие.,🎭,adj
farouche,дикий,Un animal <b>farouche</b>.,<b>Дикий</b> зверь.,🐺,adj
une dune,дюна,Une <b>dune</b> de sable.,Песчаная <b>дюна</b>.,🏜️,f
une fouille,раскопки,Des <b>fouilles</b> archéologiques.,Археологические <b>раскопки</b>.,⛏️,f
une compréhension,понимание,Une bonne <b>compréhension</b>.,Хорошее <b>понимание</b>.,🧠,f
contaminer,заражать,<b>Contaminer</b> l'eau.,<b>Заразить</b> воду.,☣️,v
un pèlerin,паломник,Un <b>pèlerin</b> vers Saint-Jacques.,<b>Паломник</b> к Сантьяго.,🚶,m
un ravin,овраг,Un <b>ravin</b> profond.,Глубокий <b>овраг</b>.,🏞️,m
un réservoir,резервуар,Un <b>réservoir</b> d'essence.,<b>Бак</b> с бензином.,⛽,m
une rançon,выкуп,Demander une <b>rançon</b>.,Требовать <b>выкуп</b>.,💰,f
"prodigieux, prodigieuse",поразительный,Un talent <b>prodigieux</b>.,<b>Поразительный</b> талант.,🌟,adj
"relatif, relative",относительный,Une valeur <b>relative</b>.,<b>Относительная</b> ценность.,↔️,adj
un fourneau,печь,Cuisiner au <b>fourneau</b>.,Готовить у <b>плиты</b>.,🔥,m
restaurer,реставрировать,<b>Restaurer</b> un tableau.,<b>Реставрировать</b> картину.,🖼️,v
"paysan, paysanne",крестьянский,La vie <b>paysanne</b>.,<b>Крестьянская</b> жизнь.,🌾,adj
charrier,перевозить; подшучивать,<b>Charrier</b> des marchandises.,<b>Перевозить</b> товары.,🚛,v
un tonneau,бочка,Un <b>tonneau</b> de vin.,<b>Бочка</b> вина.,🛢️,m
un manoir,усадьба,Un vieux <b>manoir</b>.,Старая <b>усадьба</b>.,🏰,m
un steak,стейк,Un <b>steak</b> saignant.,<b>Стейк</b> с кровью.,🥩,m
une mare,пруд,Une <b>mare</b> aux canards.,<b>Пруд</b> с утками.,🦆,f
reconstruire,восстанавливать,<b>Reconstruire</b> une ville.,<b>Восстановить</b> город.,🏗️,v
un naturel,естественность,Garder son <b>naturel</b>.,Сохранять <b>естественность</b>.,😊,m
une aspirine,аспирин,Prendre une <b>aspirine</b>.,Принять <b>аспирин</b>.,💊,f
mauve,лиловый,Une robe <b>mauve</b>.,<b>Лиловое</b> платье.,💜,adj
impitoyable,беспощадный,Un ennemi <b>impitoyable</b>.,<b>Беспощадный</b> враг.,😤,adj
élémentaire,элементарный,C'est <b>élémentaire</b>.,Это <b>элементарно</b>.,🔬,adj
un k,буква К,Le mot s'écrit avec un <b>k</b>.,Слово пишется с <b>к</b>.,🔤,m
une égalité,равенство,L'<b>égalité</b> des droits.,<b>Равенство</b> прав.,⚖️,f
une épidémie,эпидемия,Une <b>épidémie</b> de grippe.,<b>Эпидемия</b> гриппа.,🦠,f
saouler,напаивать,Se faire <b>saouler</b>.,<b>Напиться</b>.,🍺,v
une douane,таможня,Passer la <b>douane</b>.,Пройти <b>таможню</b>.,🛃,f
"mineur, mineure",незначительный,Un problème <b>mineur</b>.,<b>Незначительная</b> проблема.,📉,adj
une délicatesse,деликатность,Avec <b>délicatesse</b>.,С <b>деликатностью</b>.,🌸,f
déserter,дезертировать,<b>Déserter</b> l'armée.,<b>Дезертировать</b> из армии.,🏃,v
un roux,рыжий (сущ.),Un beau <b>roux</b>.,Красивый <b>рыжий</b>.,👨‍🦰,m
un harem,гарем,Le sultan avait un <b>harem</b>.,У султана был <b>гарем</b>.,👸,m
une indignation,негодование,Une <b>indignation</b> légitime.,Справедливое <b>негодование</b>.,😤,f
une mousson,муссон,La <b>mousson</b> apporte la pluie.,<b>Муссон</b> приносит дождь.,🌧️,f
incruster,инкрустировать; внедрять,S'<b>incruster</b> chez quelqu'un.,<b>Засесть</b> у кого-то.,💎,v
une moyenne,средний балл,Une <b>moyenne</b> de 15.,<b>Средний балл</b> 15.,📊,f
une sculpture,скульптура,Une <b>sculpture</b> moderne.,Современная <b>скульптура</b>.,🗿,f
pitoyable,жалкий,Un état <b>pitoyable</b>.,<b>Жалкое</b> состояние.,😔,adj
un homicide,убийство,Un <b>homicide</b> involontaire.,Непреднамеренное <b>убийство</b>.,⚖️,m
"intéressé, intéressée",корыстный,Un comportement <b>intéressé</b>.,<b>Корыстное</b> поведение.,💰,adj
domestique,домашний; слуга,Un animal <b>domestique</b>.,<b>Домашнее</b> животное.,🐶,adj
une enceinte,ограда; беременная,L'<b>enceinte</b> du château.,<b>Ограда</b> замка.,🏰,f
une caution,залог,Verser une <b>caution</b>.,Внести <b>залог</b>.,💵,f
une librairie,книжный магазин,Une <b>librairie</b> d'occasion.,Букинистический <b>магазин</b>.,📚,f
une crevette,креветка,Des <b>crevettes</b> grillées.,Жареные <b>креветки</b>.,🦐,f
un contrôleur,контролёр,Le <b>contrôleur</b> des billets.,<b>Контролёр</b> билетов.,🎫,m
"paresseux, paresseuse",ленивый,Un chat <b>paresseux</b>.,<b>Ленивый</b> кот.,🐱,adj
une compétition,соревнование,Une <b>compétition</b> sportive.,<b>Спортивное</b> соревнование.,🏅,f
une cantine,столовая,La <b>cantine</b> de l'école.,Школьная <b>столовая</b>.,🍽️,f
une combine,уловка,Une bonne <b>combine</b>.,Хорошая <b>уловка</b>.,🤫,f
"battu, battue",побитый,Un chien <b>battu</b>.,<b>Побитая</b> собака.,😔,adj
empiler,складывать,<b>Empiler</b> des livres.,<b>Складывать</b> книги.,📚,v
solliciter,просить,<b>Solliciter</b> de l'aide.,<b>Просить</b> помощи.,🙏,v
"voleur, voleuse",вороватый,Un regard <b>voleur</b>.,<b>Вороватый</b> взгляд.,👀,adj
une croyance,вера,Une <b>croyance</b> populaire.,Народное <b>поверье</b>.,🙏,f
un cygne,лебедь,Un <b>cygne</b> blanc.,Белый <b>лебедь</b>.,🦢,m
une humilité,смирение,Avec <b>humilité</b>.,Со <b>смирением</b>.,🙇,f
"serein, sereine",безмятежный,Un ciel <b>serein</b>.,<b>Безмятежное</b> небо.,☀️,adj
un moule,форма; мидия,Un <b>moule</b> à gâteau.,<b>Форма</b> для торта.,🍰,m
un éventail,веер,Un <b>éventail</b> japonais.,Японский <b>веер</b>.,🪭,m
une halte,привал,Faire une <b>halte</b>.,Сделать <b>привал</b>.,🏕️,f
un verdict,вердикт,Le <b>verdict</b> du jury.,<b>Вердикт</b> присяжных.,⚖️,m
une galaxie,галактика,La <b>galaxie</b> d'Andromède.,<b>Галактика</b> Андромеды.,🌌,f
un maquereau,скумбрия; сутенёр,Le <b>maquereau</b> est un poisson.,<b>Скумбрия</b> — рыба.,🐟,m
un gérant,управляющий,Le <b>gérant</b> du restaurant.,<b>Управляющий</b> ресторана.,👨‍💼,m
"sensé, sensée",разумный,Un homme <b>sensé</b>.,<b>Разумный</b> человек.,🧠,adj
une crasse,грязь,Couvert de <b>crasse</b>.,Покрытый <b>грязью</b>.,🤢,f
une miséricorde,милосердие,Implorer <b>miséricorde</b>.,Молить о <b>милосердии</b>.,🙏,f
héroïque,героический,Un acte <b>héroïque</b>.,<b>Героический</b> поступок.,🦸,adj
"éloigné, éloignée",отдалённый,Un village <b>éloigné</b>.,<b>Отдалённая</b> деревня.,🏔️,adj
"nazi, nazie",нацистский,Le régime <b>nazi</b>.,<b>Нацистский</b> режим.,🚫,adj
un escroc,мошенник,Un <b>escroc</b> professionnel.,Профессиональный <b>мошенник</b>.,🎭,m
évaluer,оценивать,<b>Évaluer</b> les dégâts.,<b>Оценить</b> ущерб.,📊,v
un look,образ,Changer de <b>look</b>.,Сменить <b>образ</b>.,👗,m
un sortir,выход,Au <b>sortir</b> de l'hiver.,На <b>выходе</b> из зимы.,🚪,m
une architecture,архитектура,L'<b>architecture</b> gothique.,Готическая <b>архитектура</b>.,🏛️,f
contredire,противоречить,<b>Contredire</b> quelqu'un.,<b>Противоречить</b> кому-то.,🗣️,v
"placé, placée",расположенный,Bien <b>placé</b> pour voir.,Хорошо <b>расположен</b> для обзора.,📍,adj
un collaborateur,сотрудник,Mon <b>collaborateur</b> est absent.,Мой <b>сотрудник</b> отсутствует.,👔,m
"fréquent, fréquente",частый,Un problème <b>fréquent</b>.,<b>Частая</b> проблема.,🔄,adj
une trentaine,около тридцати,Une <b>trentaine</b> de personnes.,Около <b>тридцати</b> человек.,3️⃣0️⃣,f
tapoter,постукивать,<b>Tapoter</b> sur la table.,<b>Постукивать</b> по столу.,✋,v
un sir,сэр,"Oui, <b>sir</b>.","Да, <b>сэр</b>.",🎩,m
un bourg,городок,Un petit <b>bourg</b>.,Маленький <b>городок</b>.,🏘️,m
alimenter,снабжать,<b>Alimenter</b> un débat.,<b>Подпитывать</b> дискуссию.,🔌,v
une coke,кокаин (разг.),La <b>coke</b> est une drogue.,<b>Кокс</b> — наркотик.,🚫,f
chevaucher,скакать верхом,<b>Chevaucher</b> un cheval.,<b>Скакать</b> на лошади.,🐎,v
submerger,затоплять,<b>Submerger</b> de travail.,<b>Завалить</b> работой.,🌊,v
un roseau,тростник,Un <b>roseau</b> au bord de l'eau.,<b>Тростник</b> у воды.,🌿,m
une cartouche,патрон; картридж,Une <b>cartouche</b> d'encre.,<b>Картридж</b> с чернилами.,🖨️,f
un radar,радар,Un <b>radar</b> de vitesse.,<b>Радар</b> скорости.,📡,m
une cure,лечение,Une <b>cure</b> thermale.,Курс <b>лечения</b>.,🏥,f
"animé, animée",оживлённый,Une rue <b>animée</b>.,<b>Оживлённая</b> улица.,🏙️,adj
digérer,переваривать,<b>Digérer</b> un repas.,<b>Переварить</b> еду.,🍽️,v
une passerelle,пешеходный мостик,Une <b>passerelle</b> en bois.,Деревянный <b>мостик</b>.,🌉,f
une idole,кумир,Une <b>idole</b> de la jeunesse.,<b>Кумир</b> молодёжи.,⭐,f
dissoudre,растворять,<b>Dissoudre</b> le sucre.,<b>Растворить</b> сахар.,🥄,v
accouder,облокачиваться,S'<b>accouder</b> au bar.,<b>Облокотиться</b> на бар.,🍺,v
un globe,глобус,Un <b>globe</b> terrestre.,Земной <b>шар</b>.,🌍,m
une facilité,лёгкость,Avec <b>facilité</b>.,С <b>лёгкостью</b>.,😌,f
une cote,котировка,La <b>cote</b> en bourse.,Биржевая <b>котировка</b>.,📈,f
une faillite,банкротство,Faire <b>faillite</b>.,<b>Обанкротиться</b>.,💸,f
un surnom,прозвище,Donner un <b>surnom</b>.,Дать <b>прозвище</b>.,🏷️,m
trouer,продырявить,<b>Trouer</b> un mur.,<b>Продырявить</b> стену.,🕳️,v
un voisinage,соседство,Le <b>voisinage</b> est calme.,<b>Соседство</b> тихое.,🏘️,m
une cascade,водопад,Une <b>cascade</b> magnifique.,Великолепный <b>водопад</b>.,💦,f
une protestation,протест,Une <b>protestation</b> pacifique.,Мирный <b>протест</b>.,✊,f
"gluant, gluante",липкий,Une surface <b>gluante</b>.,<b>Липкая</b> поверхность.,🤢,adj
une infirmerie,медпункт,Aller à l'<b>infirmerie</b>.,Идти в <b>медпункт</b>.,🏥,f
déshonorer,бесчестить,<b>Déshonorer</b> sa famille.,<b>Опозорить</b> семью.,😔,v
"combattant, combattante",боевой; борющийся,L'esprit <b>combattant</b>.,<b>Боевой</b> дух.,⚔️,adj
un manuel,учебник,Un <b>manuel</b> scolaire.,Школьный <b>учебник</b>.,📖,m
un zingaro,цыган (итал.),Le <b>zingaro</b> joue de la guitare.,<b>Цыган</b> играет на гитаре.,🎸,m
une rame,весло,Prendre les <b>rames</b>.,Взять <b>вёсла</b>.,🚣,f
un enlèvement,похищение,Un <b>enlèvement</b> d'enfant.,<b>Похищение</b> ребёнка.,🚗,m
moite,влажный,Des mains <b>moites</b>.,<b>Влажные</b> ладони.,💧,adj
une scie,пила,Couper avec une <b>scie</b>.,Пилить <b>пилой</b>.,🪚,f
froisser,мять,<b>Froisser</b> du papier.,<b>Мять</b> бумагу.,📄,v
un cycle,цикл,Le <b>cycle</b> de la vie.,<b>Цикл</b> жизни.,🔄,m
"stupéfait, stupéfaite",ошеломлённый,Je suis <b>stupéfait</b>.,Я <b>ошеломлён</b>.,😲,adj
une conception,концепция,Une nouvelle <b>conception</b>.,Новая <b>концепция</b>.,💡,f
sculpter,ваять,<b>Sculpter</b> une statue.,<b>Ваять</b> статую.,🗿,v
un délégué,делегат,Le <b>délégué</b> de classe.,<b>Староста</b> класса.,👨‍🎓,m
une adolescence,подростковый возраст,L'<b>adolescence</b> difficile.,Трудное <b>отрочество</b>.,👦,f
une pellicule,плёнка,Une <b>pellicule</b> photo.,Фото<b>плёнка</b>.,📷,f
un hymne,гимн,L'<b>hymne</b> national.,Национальный <b>гимн</b>.,🎵,m
adosser,прислонять,S'<b>adosser</b> au mur.,<b>Прислониться</b> к стене.,🧱,v
accentuer,подчёркивать,<b>Accentuer</b> un mot.,<b>Сделать акцент</b> на слове.,📢,v
une ressemblance,сходство,Une <b>ressemblance</b> frappante.,Поразительное <b>сходство</b>.,👯,f
une centrale,станция,Une <b>centrale</b> nucléaire.,Атомная <b>электростанция</b>.,⚡,f
sangloter,рыдать,<b>Sangloter</b> de douleur.,<b>Рыдать</b> от боли.,😭,v
un caleçon,трусы; кальсоны,Un <b>caleçon</b> en coton.,Хлопковые <b>трусы</b>.,🩲,m
un zèle,рвение,Travailler avec <b>zèle</b>.,Работать с <b>рвением</b>.,💪,m
un environnement,окружение,L'<b>environnement</b> naturel.,Природная <b>среда</b>.,🌿,m
mijoter,тушить,<b>Mijoter</b> une sauce.,<b>Тушить</b> соус.,🍲,v
décréter,постановлять,<b>Décréter</b> un couvre-feu.,<b>Ввести</b> комендантский час.,📜,v
tranquillité,спокойствие,J'aime la <b>tranquillité</b>.,Я люблю <b>спокойствие</b>.,😌,f
une tranquillité,спокойствие,La <b>tranquillité</b> de la campagne.,<b>Спокойствие</b> деревни.,😌,f
fade,пресный,Un plat <b>fade</b>.,<b>Пресное</b> блюдо.,😐,adj
galoper,скакать,Le cheval <b>galope</b>.,Лошадь <b>скачет</b>.,🐴,v
un froc,штаны (разг.),Mettre son <b>froc</b>.,Надеть <b>штаны</b>.,👖,m
démonter,разбирать,<b>Démonter</b> une machine.,<b>Разобрать</b> машину.,🔧,v
détailler,детализировать,<b>Détailler</b> un plan.,<b>Детализировать</b> план.,📋,v
une délégation,делегация,Une <b>délégation</b> officielle.,Официальная <b>делегация</b>.,👥,f
une consolation,утешение,Une <b>consolation</b> pour lui.,<b>Утешение</b> для него.,🤗,f
"rêveur, rêveuse",мечтательный,Un air <b>rêveur</b>.,<b>Мечтательный</b> вид.,💭,adj
un bravo,браво; наёмник,<b>Bravo</b> !,<b>Браво</b>!,👏,m
garnir,гарнировать,<b>Garnir</b> un plat.,<b>Украсить</b> блюдо.,🍽️,v
"gonflé, gonflée",надутый,Un ballon <b>gonflé</b>.,<b>Надутый</b> шарик.,🎈,adj
un évier,раковина кухонная,L'<b>évier</b> de la cuisine.,Кухонная <b>раковина</b>.,🚰,m
un galop,галоп,Partir au <b>galop</b>.,Пуститься в <b>галоп</b>.,🐎,m
grouper,группировать,<b>Grouper</b> les élèves.,<b>Сгруппировать</b> учеников.,👥,v
un juré,присяжный,Le <b>juré</b> numéro un.,<b>Присяжный</b> номер один.,⚖️,m
une cerise,вишня,Une tarte aux <b>cerises</b>.,Пирог с <b>вишней</b>.,🍒,f
une escorte,эскорт,Une <b>escorte</b> armée.,Вооружённый <b>эскорт</b>.,🚔,f
ouest,западный,La côte <b>ouest</b>.,<b>Западное</b> побережье.,🌅,adj
"insolent, insolente",дерзкий,Un ton <b>insolent</b>.,<b>Дерзкий</b> тон.,😤,adj
une souche,пень,Une vieille <b>souche</b>.,Старый <b>пень</b>.,🪵,f
esquisser,набрасывать,<b>Esquisser</b> un sourire.,<b>Набросать</b> улыбку.,✏️,v
une pousse,росток,Une jeune <b>pousse</b>.,Молодой <b>росток</b>.,🌱,f
chatouiller,щекотать,<b>Chatouiller</b> un bébé.,<b>Щекотать</b> малыша.,😆,v
"portant, portante",несущий,Un mur <b>portant</b>.,<b>Несущая</b> стена.,🏗️,adj
"agité, agitée",взволнованный,Une mer <b>agitée</b>.,<b>Бурное</b> море.,🌊,adj
"radieux, radieuse",сияющий,Un sourire <b>radieux</b>.,<b>Сияющая</b> улыбка.,😊,adj
"viril, virile",мужественный,Une voix <b>virile</b>.,<b>Мужественный</b> голос.,💪,adj
"rituel, rituelle",ритуальный,Une danse <b>rituelle</b>.,<b>Ритуальный</b> танец.,🎭,adj
une intensité,интенсивность,Une grande <b>intensité</b>.,Большая <b>интенсивность</b>.,📈,f
"touché, touchée",тронутый,Je suis <b>touché</b>.,Я <b>тронут</b>.,🥲,adj
un lambeau,лоскут,En <b>lambeaux</b>.,В <b>лохмотьях</b>.,👕,m
un boyau,кишка,Les <b>boyaux</b> d'un animal.,<b>Кишки</b> животного.,🫁,m
une grippe,грипп,Attraper la <b>grippe</b>.,Подхватить <b>грипп</b>.,🤧,f
un rhume,насморк,Avoir un <b>rhume</b>.,Иметь <b>насморк</b>.,🤧,m
un sanglier,кабан,Un <b>sanglier</b> sauvage.,Дикий <b>кабан</b>.,🐗,m
"orphelin, orpheline",сиротский,Un enfant <b>orphelin</b>.,<b>Осиротевший</b> ребёнок.,😢,adj
une balade,прогулка,Une <b>balade</b> en forêt.,<b>Прогулка</b> по лесу.,🚶,f
dériver,дрейфовать,Le bateau <b>dérive</b>.,Лодка <b>дрейфует</b>.,🚤,v
"pendant, pendante",свисающий; висячий,Les oreilles <b>pendantes</b>.,<b>Висячие</b> уши.,👂,adj
un grade,звание,Monter en <b>grade</b>.,Повыситься в <b>звании</b>.,🎖️,m
rincer,ополаскивать,<b>Rincer</b> les verres.,<b>Ополоснуть</b> стаканы.,🥛,v
un sermon,проповедь,Écouter un <b>sermon</b>.,Слушать <b>проповедь</b>.,⛪,m
affaiblir,ослаблять,<b>Affaiblir</b> l'ennemi.,<b>Ослабить</b> врага.,💪,v
détecter,обнаруживать,<b>Détecter</b> un signal.,<b>Обнаружить</b> сигнал.,📡,v
tricoter,вязать,<b>Tricoter</b> un pull.,<b>Вязать</b> свитер.,🧶,v
interpeller,окликать,<b>Interpeller</b> quelqu'un.,<b>Окликнуть</b> кого-то.,🗣️,v
une infection,инфекция,Une <b>infection</b> virale.,Вирусная <b>инфекция</b>.,🦠,f
une indication,указание,Une <b>indication</b> claire.,Чёткое <b>указание</b>.,📋,f
lamentable,жалкий,Un échec <b>lamentable</b>.,<b>Жалкий</b> провал.,😔,adj
un boulanger,пекарь,Le <b>boulanger</b> du coin.,<b>Пекарь</b> за углом.,🥖,m
un taré,псих; дебил (груб.),C'est un <b>taré</b> !,Он <b>псих</b>!,🤪,m
atomique,атомный,Une bombe <b>atomique</b>.,<b>Атомная</b> бомба.,☢️,adj
un préjugé,предрассудок,Un <b>préjugé</b> stupide.,Глупый <b>предрассудок</b>.,🤔,m
une menthe,мята,Un thé à la <b>menthe</b>.,Чай с <b>мятой</b>.,🌿,f
"arrêté, arrêtée",остановленный; задержанный,Il a été <b>arrêté</b>.,Его <b>задержали</b>.,🚔,adj
révolter,возмущать,Ça me <b>révolte</b>.,Это меня <b>возмущает</b>.,😤,v
"suisse, suissesse",швейцарский,Le chocolat <b>suisse</b>.,<b>Швейцарский</b> шоколад.,🇨🇭,adj
rhabiller,переодевать,<b>Rhabiller</b> l'enfant.,<b>Переодеть</b> ребёнка.,👕,v
un chef-d'oeuvre,шедевр,Un <b>chef-d'œuvre</b> littéraire.,Литературный <b>шедевр</b>.,🎨,m
un sperme,сперма,Le <b>sperme</b> contient des spermatozoïdes.,<b>Сперма</b> содержит сперматозоиды.,🔬,m
"furtif, furtive",крадущийся,Un regard <b>furtif</b>.,<b>Украдкой</b> брошенный взгляд.,👀,adj
"somptueux, somptueuse",роскошный,Un repas <b>somptueux</b>.,<b>Роскошный</b> обед.,🍽️,adj
"spatial, spatiale",космический,Une station <b>spatiale</b>.,<b>Космическая</b> станция.,🛸,adj
un explosif,взрывчатка,Un <b>explosif</b> puissant.,Мощная <b>взрывчатка</b>.,💣,m
orienter,ориентировать,<b>Orienter</b> les touristes.,<b>Сориентировать</b> туристов.,🧭,v
saler,солить,<b>Saler</b> la soupe.,<b>Посолить</b> суп.,🧂,v
ajuster,подгонять,<b>Ajuster</b> les paramètres.,<b>Настроить</b> параметры.,🔧,v
"accompli, accomplie",совершённый,Un fait <b>accompli</b>.,Свершившийся <b>факт</b>.,✅,adj
"vertical, verticale",вертикальный,Une ligne <b>verticale</b>.,<b>Вертикальная</b> линия.,📏,adj
une carcasse,каркас,La <b>carcasse</b> d'un avion.,<b>Каркас</b> самолёта.,✈️,f
miner,подрывать,<b>Miner</b> le moral.,<b>Подрывать</b> моральный дух.,😔,v
"salé, salée",солёный,Un plat trop <b>salé</b>.,Слишком <b>солёное</b> блюдо.,🧂,adj
une pommette,скула,De hautes <b>pommettes</b>.,Высокие <b>скулы</b>.,👤,f
"allongé, allongée",удлинённый,Un visage <b>allongé</b>.,<b>Удлинённое</b> лицо.,📏,adj
"industriel, industrielle",промышленный,Une zone <b>industrielle</b>.,<b>Промышленная</b> зона.,🏭,adj
monotone,монотонный,Une voix <b>monotone</b>.,<b>Монотонный</b> голос.,😐,adj
un précédent,прецедент,Un <b>précédent</b> dangereux.,Опасный <b>прецедент</b>.,⚠️,m
un vaurien,негодяй,Un petit <b>vaurien</b>.,Маленький <b>негодник</b>.,😈,m
présider,председательствовать,<b>Présider</b> une réunion.,<b>Председательствовать</b> на собрании.,👨‍💼,v
une exaltation,экзальтация,Une grande <b>exaltation</b>.,Большое <b>воодушевление</b>.,🤩,f
un pirate,пират,Un <b>pirate</b> des Caraïbes.,Карибский <b>пират</b>.,🏴‍☠️,m
une navette,шаттл,Une <b>navette</b> spatiale.,<b>Космический</b> челнок.,🚀,f
"navré, navrée",огорчённый,Je suis <b>navré</b>.,Я <b>сожалею</b>.,😔,adj
un esclavage,рабство,L'abolition de l'<b>esclavage</b>.,Отмена <b>рабства</b>.,⛓️,m
conférer,присваивать,<b>Conférer</b> un titre.,<b>Присвоить</b> титул.,🏅,v
une aisance,лёгкость,Avec <b>aisance</b>.,С <b>лёгкостью</b>.,😌,f
farcir,фаршировать,<b>Farcir</b> une dinde.,<b>Фаршировать</b> индейку.,🦃,v
une formalité,формальность,Une simple <b>formalité</b>.,Простая <b>формальность</b>.,📝,f
une valse,вальс,Danser une <b>valse</b>.,Танцевать <b>вальс</b>.,💃,f
"expert, experte",опытный,Un avis <b>expert</b>.,<b>Экспертное</b> мнение.,🎓,adj
une saveur,вкус,Une <b>saveur</b> exquise.,Изысканный <b>вкус</b>.,😋,f
une nourrice,няня,Engager une <b>nourrice</b>.,Нанять <b>няню</b>.,👶,f
une dépêche,телеграмма,Envoyer une <b>dépêche</b>.,Отправить <b>телеграмму</b>.,📨,f
un melon,дыня,Un <b>melon</b> mûr.,Спелая <b>дыня</b>.,🍈,m
intolérable,нестерпимый,Une chaleur <b>intolérable</b>.,<b>Нестерпимая</b> жара.,🥵,adj
confronter,сопоставлять,<b>Confronter</b> les témoins.,<b>Сопоставить</b> показания.,🔍,v
munir,снабжать,Se <b>munir</b> d'un passeport.,<b>Взять с собой</b> паспорт.,📔,v
"sot, sotte",глупый,Un <b>sot</b> personnage.,<b>Глупый</b> персонаж.,🤦,adj
exhiber,выставлять,<b>Exhiber</b> ses muscles.,<b>Показывать</b> мышцы.,💪,v
"porteur, porteuse",несущий; носитель,Être <b>porteur</b> d'un virus.,Быть <b>носителем</b> вируса.,🦠,adj
un gentil,добряк; славный,C'est un <b>gentil</b>.,Он <b>добряк</b>.,😊,m
un parasite,паразит,Un <b>parasite</b> intestinal.,Кишечный <b>паразит</b>.,🦠,m
une fréquence,частота,Une <b>fréquence</b> radio.,Радио<b>частота</b>.,📻,f
un raté,осечка,Un <b>raté</b> du moteur.,<b>Осечка</b> двигателя.,🚗,m
un baptême,крещение,Le <b>baptême</b> d'un enfant.,<b>Крещение</b> ребёнка.,⛪,m
un carnaval,карнавал,Le <b>carnaval</b> de Rio.,<b>Карнавал</b> в Рио.,🎭,m
un nettoyage,уборка,Un <b>nettoyage</b> en profondeur.,Генеральная <b>уборка</b>.,🧹,m
terrifier,ужасать,Ça me <b>terrifie</b>.,Это меня <b>ужасает</b>.,😱,v
arrondir,округлять,<b>Arrondir</b> les angles.,<b>Сглаживать</b> углы.,⭕,v
un raisonnement,рассуждение,Un <b>raisonnement</b> logique.,Логическое <b>рассуждение</b>.,🧠,m
un mollet,икра ноги,Un <b>mollet</b> musclé.,Мускулистая <b>икра</b>.,🦵,m
présumer,предполагать,<b>Présumer</b> innocent.,<b>Предполагать</b> невиновным.,⚖️,v
financer,финансировать,<b>Financer</b> un projet.,<b>Финансировать</b> проект.,💰,v
infecter,заражать,<b>Infecter</b> un ordinateur.,<b>Заразить</b> компьютер.,💻,v
accommoder,приспосабливать; готовить,<b>Accommoder</b> les restes.,<b>Приготовить</b> остатки.,🍳,v
un répit,передышка,Un moment de <b>répit</b>.,Момент <b>передышки</b>.,😮‍💨,m
une brebis,овца,Une <b>brebis</b> égarée.,Заблудшая <b>овца</b>.,🐑,f
un rencard,свидание (разг.),Avoir un <b>rencard</b>.,Иметь <b>свидание</b>.,💑,m
une bûche,полено,Une <b>bûche</b> de Noël.,Рождественское <b>полено</b>.,🪵,f
maigrir,худеть,<b>Maigrir</b> rapidement.,Быстро <b>худеть</b>.,📉,v
une propagande,пропаганда,La <b>propagande</b> politique.,Политическая <b>пропаганда</b>.,📢,f
"menteur, menteuse",лживый,Un homme <b>menteur</b>.,<b>Лживый</b> человек.,🤥,adj
un massage,массаж,Un <b>massage</b> relaxant.,Расслабляющий <b>массаж</b>.,💆,m
croître,расти,La population <b>croît</b>.,Население <b>растёт</b>.,📈,v
un prodige,чудо,Un enfant <b>prodige</b>.,Вундеркинд.,⭐,m
un matelot,матрос,Un jeune <b>matelot</b>.,Молодой <b>матрос</b>.,⚓,m
"cochon, cochonne",свинский; непристойный,Des histoires <b>cochonnes</b>.,<b>Похабные</b> истории.,🐷,adj
chausser,обувать,<b>Chausser</b> ses bottes.,<b>Надеть</b> ботинки.,👢,v
un pique,пика (карты),L'as de <b>pique</b>.,<b>Пиковый</b> туз.,♠️,m
une étable,хлев,Les vaches dans l'<b>étable</b>.,Коровы в <b>хлеву</b>.,🐄,f
un galet,галька,Un <b>galet</b> de plage.,Морская <b>галька</b>.,🪨,m
"jumeau, jumelle",близнецовый,Des frères <b>jumeaux</b>.,Братья-<b>близнецы</b>.,👬,adj
affairer,хлопотать,S'<b>affairer</b> dans la cuisine.,<b>Хлопотать</b> на кухне.,👨‍🍳,v
"étudiant, étudiante",студенческий,La vie <b>étudiante</b>.,<b>Студенческая</b> жизнь.,🎓,adj
un entraîneur,тренер,L'<b>entraîneur</b> de l'équipe.,<b>Тренер</b> команды.,🏋️,m
"radical, radicale",радикальный,Un changement <b>radical</b>.,<b>Радикальное</b> изменение.,⚡,adj
un tank,танк,Un <b>tank</b> de guerre.,Боевой <b>танк</b>.,🪖,m
une proportion,пропорция,Garder les <b>proportions</b>.,Соблюдать <b>пропорции</b>.,📐,f
filtrer,фильтровать,<b>Filtrer</b> l'eau.,<b>Фильтровать</b> воду.,💧,v
une tuile,черепица,Une <b>tuile</b> du toit.,<b>Черепица</b> с крыши.,🏠,f
un soutien-gorge,бюстгальтер,Mettre son <b>soutien-gorge</b>.,Надеть <b>бюстгальтер</b>.,👙,m
un corbeau,ворон,Un <b>corbeau</b> noir.,Чёрный <b>ворон</b>.,🐦‍⬛,m
une hallucination,галлюцинация,Avoir des <b>hallucinations</b>.,Иметь <b>галлюцинации</b>.,👁️,f
un souper,ужин (Квебек),Le <b>souper</b> est prêt.,<b>Ужин</b> готов.,🍽️,m
couver,высиживать,La poule <b>couve</b> ses oeufs.,Курица <b>высиживает</b> яйца.,🐔,v
officier,служить; официально,<b>Officier</b> à une cérémonie.,<b>Вести</b> церемонию.,⛪,v
une cadence,ритм,Une <b>cadence</b> rapide.,Быстрый <b>ритм</b>.,🎵,f
un bien-aimé,возлюбленный,Mon <b>bien-aimé</b>.,Мой <b>возлюбленный</b>.,❤️,m
une fibre,волокно,Une <b>fibre</b> optique.,Оптическое <b>волокно</b>.,📡,f
un rectangle,прямоугольник,Un <b>rectangle</b> parfait.,Идеальный <b>прямоугольник</b>.,▬,m
aplatir,сплющивать,<b>Aplatir</b> la pâte.,<b>Раскатать</b> тесто.,🍞,v
un blues,блюз,Écouter du <b>blues</b>.,Слушать <b>блюз</b>.,🎵,m
une prunelle,зрачок,La <b>prunelle</b> de mes yeux.,<b>Зрачок</b> моих глаз.,👁️,f
psychiatrique,психиатрический,Un hôpital <b>psychiatrique</b>.,<b>Психиатрическая</b> больница.,🏥,adj
un devant,перед; передняя часть,Le <b>devant</b> de la maison.,<b>Фасад</b> дома.,🏠,m
un maquis,маки,Se cacher dans le <b>maquis</b>.,Прятаться в <b>зарослях</b>.,🌿,m
plisser,морщить,<b>Plisser</b> les yeux.,<b>Щурить</b> глаза.,👀,v
un sang-froid,хладнокровие,Garder son <b>sang-froid</b>.,Сохранять <b>хладнокровие</b>.,😎,m
scier,пилить,<b>Scier</b> une planche.,<b>Пилить</b> доску.,🪚,v
un complexe,комплекс,Un <b>complexe</b> d'infériorité.,<b>Комплекс</b> неполноценности.,😔,m
un flash,вспышка,Un <b>flash</b> de lumière.,<b>Вспышка</b> света.,⚡,m
respectable,уважаемый,Un homme <b>respectable</b>.,<b>Уважаемый</b> человек.,👴,adj
blaguer,шутить,J'aime <b>blaguer</b>.,Я люблю <b>шутить</b>.,😄,v
un cm,сантиметр,Dix <b>cm</b> de neige.,Десять <b>см</b> снега.,📏,m
un peso,песо,Le <b>peso</b> mexicain.,Мексиканское <b>песо</b>.,💰,m
"mondain, mondaine",светский,La vie <b>mondaine</b>.,<b>Светская</b> жизнь.,🎩,adj
recruter,набирать,<b>Recruter</b> des employés.,<b>Набирать</b> сотрудников.,👥,v
un resto,ресторан (разг.),Aller au <b>resto</b>.,Идти в <b>ресторан</b>.,🍽️,m
un rival,соперник,Un <b>rival</b> redoutable.,Грозный <b>соперник</b>.,⚔️,m
un béret,берет,Un <b>béret</b> basque.,Баскский <b>берет</b>.,🧢,m
rallier,сплачивать,<b>Rallier</b> les troupes.,<b>Сплотить</b> войска.,🤝,v
un corsage,корсаж,Un <b>corsage</b> élégant.,Элегантный <b>корсаж</b>.,👗,m
une pige,год (арго); строка,Il a trente <b>piges</b>.,Ему тридцать <b>лет</b>.,📆,f
une provocation,провокация,Une <b>provocation</b> délibérée.,Умышленная <b>провокация</b>.,😤,f
parallèle,параллельный,Des lignes <b>parallèles</b>.,<b>Параллельные</b> линии.,📏,adj
un kid,ребёнок (англ.),"Salut, <b>kid</b> !","Привет, <b>малыш</b>!",👦,m
"excité, excitée",возбуждённый,Je suis <b>excité</b>.,Я <b>взволнован</b>.,🤩,adj
une gerbe,сноп,Une <b>gerbe</b> de blé.,<b>Сноп</b> пшеницы.,🌾,f
contracter,сокращать,<b>Contracter</b> un muscle.,<b>Сократить</b> мышцу.,💪,v
débiter,расходовать,<b>Débiter</b> du bois.,<b>Распиливать</b> дрова.,🪵,v
un duel,дуэль,Un <b>duel</b> au pistolet.,<b>Дуэль</b> на пистолетах.,🔫,m
un confrère,коллега,Un <b>confrère</b> médecin.,<b>Коллега</b>-врач.,👨‍⚕️,m
une attrape,ловушка; розыгрыш,C'est une <b>attrape</b>.,Это <b>розыгрыш</b>.,🎣,f
lucide,ясный,Un esprit <b>lucide</b>.,<b>Ясный</b> ум.,🧠,adj
un complet,костюм,Un <b>complet</b> trois-pièces.,<b>Костюм</b>-тройка.,🤵,m
une sentence,приговор,Prononcer une <b>sentence</b>.,Вынести <b>приговор</b>.,⚖️,f
un mécanisme,механизм,Un <b>mécanisme</b> complexe.,Сложный <b>механизм</b>.,⚙️,m
un clocher,колокольня,Le <b>clocher</b> de l'église.,<b>Колокольня</b> церкви.,⛪,m
une honnêteté,честность,L'<b>honnêteté</b> est importante.,<b>Честность</b> важна.,✅,f
une piaule,комната (разг.),Ranger sa <b>piaule</b>.,Убрать свою <b>комнату</b>.,🏠,f
un curieux,любопытный (субст.),Éloignez les <b>curieux</b>.,Уберите <b>зевак</b>.,👀,m
une loyauté,лояльность,Une <b>loyauté</b> sans faille.,Безупречная <b>лояльность</b>.,🤝,f
"foncé, foncée",тёмный,Une couleur <b>foncée</b>.,<b>Тёмный</b> цвет.,🟤,adj
un craquement,треск,Un <b>craquement</b> de bois.,<b>Треск</b> дерева.,🪵,m
une mitraillette,автомат,Une <b>mitraillette</b> Thompson.,Автомат <b>Томпсона</b>.,🔫,f
répugner,вызывать отвращение,Ça me <b>répugne</b>.,Это меня <b>отталкивает</b>.,🤢,v
un effroi,ужас,Un <b>effroi</b> sans nom.,Безымянный <b>ужас</b>.,😱,m
une aurore,заря,L'<b>aurore</b> boréale.,Северное <b>сияние</b>.,🌅,f
un rex,рекс (кинотеатр),Au ciné <b>Rex</b>.,В кинотеатре <b>Рекс</b>.,🎬,m
une hémorragie,кровотечение,Une <b>hémorragie</b> interne.,Внутреннее <b>кровотечение</b>.,🩸,f
un brouhaha,гул,Un <b>brouhaha</b> de voix.,<b>Гул</b> голосов.,🗣️,m
un calibre,калибр,Un gros <b>calibre</b>.,Крупный <b>калибр</b>.,🔫,m
un chargement,груз,Un <b>chargement</b> de marchandises.,<b>Груз</b> товаров.,📦,m
un roc,скала,Solide comme un <b>roc</b>.,Крепкий как <b>скала</b>.,🪨,m
une commode,комод,Une <b>commode</b> en bois.,Деревянный <b>комод</b>.,🪑,f
une jouissance,наслаждение,Une <b>jouissance</b> intense.,Интенсивное <b>наслаждение</b>.,😊,f
un armistice,перемирие,Signer un <b>armistice</b>.,Подписать <b>перемирие</b>.,🕊️,m
une blancheur,белизна,Une <b>blancheur</b> immaculée.,Безупречная <b>белизна</b>.,⬜,f
un lis,лилия,Le <b>lis</b> est une fleur.,<b>Лилия</b> — цветок.,🌸,m
un perroquet,попугай,Un <b>perroquet</b> parlant.,Говорящий <b>попугай</b>.,🦜,m
une roulette,рулетка,Jouer à la <b>roulette</b>.,Играть в <b>рулетку</b>.,🎰,f
gerber,блевать (разг.),J'ai envie de <b>gerber</b>.,Меня <b>тошнит</b>.,🤮,v
orange,оранжевый,Une couleur <b>orange</b>.,<b>Оранжевый</b> цвет.,🟠,adj
une extase,экстаз,Dans l'<b>extase</b>.,В <b>экстазе</b>.,🤩,f
un minet,котик; франт,Le <b>minet</b> se pavane.,<b>Франт</b> красуется.,🐱,m
grandiose,грандиозный,Un spectacle <b>grandiose</b>.,<b>Грандиозное</b> зрелище.,🏛️,adj
"plaisant, plaisante",приятный,Une soirée <b>plaisante</b>.,<b>Приятный</b> вечер.,😊,adj
un tempérament,темперамент,Un <b>tempérament</b> fougueux.,Пылкий <b>темперамент</b>.,🔥,m
"sanguin, sanguine",сангвинический,Un caractère <b>sanguin</b>.,<b>Сангвинический</b> характер.,❤️,adj
une porcelaine,фарфор,Une tasse en <b>porcelaine</b>.,<b>Фарфоровая</b> чашка.,🍵,f
"égaré, égarée",заблудившийся,Un voyageur <b>égaré</b>.,<b>Заблудившийся</b> путник.,🧭,adj
un bulletin,бюллетень,Un <b>bulletin</b> météo.,Метео<b>сводка</b>.,📰,m
céleste,небесный,Un corps <b>céleste</b>.,<b>Небесное</b> тело.,⭐,adj
revendre,перепродавать,<b>Revendre</b> une voiture.,<b>Перепродать</b> машину.,🚗,v
rasseoir,усаживать снова,<b>Rassieds</b>-toi.,<b>Садись</b> обратно.,🪑,v
inverser,инвертировать,<b>Inverser</b> l'ordre.,<b>Поменять</b> порядок.,🔄,v
un astre,светило,Un <b>astre</b> lumineux.,Яркое <b>светило</b>.,⭐,m
"distrait, distraite",рассеянный,Il est <b>distrait</b>.,Он <b>рассеянный</b>.,🤔,adj
une bretelle,лямка,Les <b>bretelles</b> du sac.,<b>Лямки</b> рюкзака.,🎒,f
influencer,влиять,<b>Influencer</b> l'opinion.,<b>Влиять</b> на мнение.,📢,v
une offensive,наступление,Lancer une <b>offensive</b>.,Начать <b>наступление</b>.,⚔️,f
un déchet,отходы,Les <b>déchets</b> recyclables.,Перерабатываемые <b>отходы</b>.,♻️,m
une bâche,брезент,Couvrir d'une <b>bâche</b>.,Накрыть <b>брезентом</b>.,🏕️,f
une olive,оливка,Une <b>olive</b> verte.,Зелёная <b>оливка</b>.,🫒,f
"colonial, coloniale",колониальный,L'ère <b>coloniale</b>.,<b>Колониальная</b> эпоха.,🏛️,adj
un doux,мягкий (субст.),Filer <b>doux</b>.,Вести себя <b>тихо</b>.,🤫,m
blême,бледный,Un visage <b>blême</b>.,<b>Бледное</b> лицо.,😨,adj
"distingué, distinguée",изысканный,Un homme <b>distingué</b>.,<b>Изысканный</b> человек.,🎩,adj
une dinde,индейка,Une <b>dinde</b> de Noël.,Рождественская <b>индейка</b>.,🦃,f
pâlir,бледнеть,<b>Pâlir</b> de peur.,<b>Побледнеть</b> от страха.,😨,v
"turc, turque",турецкий,Un café <b>turc</b>.,<b>Турецкий</b> кофе.,☕,adj
"conjugal, conjugale",супружеский,La vie <b>conjugale</b>.,<b>Супружеская</b> жизнь.,💑,adj
un inconvénient,неудобство,Un petit <b>inconvénient</b>.,Маленькое <b>неудобство</b>.,😕,m
un remous,волнение,Des <b>remous</b> dans l'eau.,<b>Волнение</b> на воде.,🌊,m
un soda,газировка,Un verre de <b>soda</b>.,Стакан <b>газировки</b>.,🥤,m
"costaud, costaude",крепкий,Un gars <b>costaud</b>.,<b>Крепкий</b> парень.,💪,adj
un logis,жилище,Un humble <b>logis</b>.,Скромное <b>жилище</b>.,🏠,m
une insistance,настойчивость,Avec <b>insistance</b>.,С <b>настойчивостью</b>.,💪,f
un tyran,тиран,Un <b>tyran</b> cruel.,Жестокий <b>тиран</b>.,😈,m
reparaître,появляться снова,<b>Reparaître</b> au bout d'un an.,Снова <b>появиться</b> через год.,👻,v
verrouiller,запирать,<b>Verrouiller</b> la porte.,<b>Запереть</b> дверь.,🔐,v
une démission,отставка,Donner sa <b>démission</b>.,Подать в <b>отставку</b>.,📝,f
"réussi, réussie",удавшийся,Une soirée <b>réussie</b>.,<b>Удавшийся</b> вечер.,🎉,adj
un moineau,воробей,Un petit <b>moineau</b>.,Маленький <b>воробей</b>.,🐦,m
typique,типичный,Un cas <b>typique</b>.,<b>Типичный</b> случай.,📊,adj
succomber,поддаваться,<b>Succomber</b> à la tentation.,<b>Поддаться</b> искушению.,😵,v
un t-shirt,футболка,Un <b>t-shirt</b> blanc.,Белая <b>футболка</b>.,👕,m
haver,долбить (горное дело),<b>Haver</b> le charbon.,<b>Добывать</b> уголь.,⛏️,v
"sensuel, sensuelle",чувственный,Une danse <b>sensuelle</b>.,<b>Чувственный</b> танец.,💃,adj
un faux,подделка; фальшивка,C'est un <b>faux</b>.,Это <b>подделка</b>.,❌,m
"détaché, détachée",отстранённый,Un ton <b>détaché</b>.,<b>Отстранённый</b> тон.,😐,adj
un ravitaillement,снабжение,Le <b>ravitaillement</b> des troupes.,<b>Снабжение</b> войск.,🚚,m
un impact,удар,L'<b>impact</b> de la balle.,<b>Удар</b> пули.,💥,m
un sirop,сироп,Un <b>sirop</b> contre la toux.,<b>Сироп</b> от кашля.,🍯,m
un carrelage,плитка,Un <b>carrelage</b> blanc.,Белая <b>плитка</b>.,🟦,m
discerner,различать,<b>Discerner</b> le vrai du faux.,<b>Различить</b> правду от лжи.,👁️,v
un fourré,заросли,Se cacher dans les <b>fourrés</b>.,Прятаться в <b>зарослях</b>.,🌳,m
enrager,злиться,<b>Enrager</b> de colère.,<b>Злиться</b> от гнева.,😡,v
un demi,половина; кружка пива,"Un <b>demi</b>, s'il vous plaît.","<b>Пол-литра</b> пива, пожалуйста.",🍺,m
"vaillant, vaillante",доблестный,Un guerrier <b>vaillant</b>.,<b>Доблестный</b> воин.,⚔️,adj
un grondement,рокот,Le <b>grondement</b> du tonnerre.,<b>Рокот</b> грома.,⛈️,m
éparpiller,разбрасывать,<b>Éparpiller</b> des graines.,<b>Разбросать</b> семена.,🌱,v
un festival,фестиваль,Un <b>festival</b> de musique.,Музыкальный <b>фестиваль</b>.,🎵,m
purifier,очищать,<b>Purifier</b> l'eau.,<b>Очистить</b> воду.,💧,v
un itinéraire,маршрут,Un <b>itinéraire</b> touristique.,Туристический <b>маршрут</b>.,🗺️,m
"ingrat, ingrate",неблагодарный,Un travail <b>ingrat</b>.,<b>Неблагодарная</b> работа.,😔,adj
un arbitre,арбитр; судья,L'<b>arbitre</b> siffle.,<b>Судья</b> свистит.,⚽,m
une omelette,омлет,Une <b>omelette</b> aux champignons.,<b>Омлет</b> с грибами.,🥚,f
collaborer,сотрудничать,<b>Collaborer</b> sur un projet.,<b>Сотрудничать</b> над проектом.,🤝,v
une cuvette,раковина; таз,La <b>cuvette</b> des toilettes.,<b>Унитаз</b>.,🚽,f
un clochard,бродяга,Un pauvre <b>clochard</b>.,Бедный <b>бродяга</b>.,🧑,m
un rappel,напоминание,Un <b>rappel</b> de vaccin.,<b>Напоминание</b> о прививке.,💉,m
une psychologie,психология,La <b>psychologie</b> humaine.,Человеческая <b>психология</b>.,🧠,f
tournoyer,кружиться,<b>Tournoyer</b> dans le vent.,<b>Кружиться</b> на ветру.,🍃,v
désarmer,разоружать,<b>Désarmer</b> l'ennemi.,<b>Разоружить</b> врага.,⚔️,v
"irréel, irréelle",нереальный,Un décor <b>irréel</b>.,<b>Нереальный</b> декор.,🌈,adj
resserrer,сжимать,<b>Resserrer</b> les liens.,<b>Укреплять</b> связи.,🤝,v
une andouille,дурак (разг.),Quelle <b>andouille</b> !,Какой <b>дурак</b>!,🤦,f
un stress,стресс,Un <b>stress</b> intense.,Интенсивный <b>стресс</b>.,😰,m
basque,баскский,Le pays <b>basque</b>.,<b>Баскская</b> страна.,🇪🇸,adj
"bien-aimé, bien-aimée",возлюбленный,Mon <b>bien-aimé</b>.,Мой <b>возлюбленный</b>.,❤️,adj
durcir,затвердевать,Le béton <b>durcit</b>.,Бетон <b>затвердевает</b>.,🧱,v
un gendre,зять (муж дочери),C'est mon <b>gendre</b>.,Это мой <b>зять</b>.,👨,m
une nudité,нагота,La <b>nudité</b> dans l'art.,<b>Нагота</b> в искусстве.,🎨,f
infiltrer,внедряться,S'<b>infiltrer</b> dans un groupe.,<b>Внедриться</b> в группу.,🕵️,v
une préoccupation,озабоченность,Une <b>préoccupation</b> majeure.,Главная <b>озабоченность</b>.,😟,f
froncer,хмурить,<b>Froncer</b> les sourcils.,<b>Хмурить</b> брови.,😠,v
une plongée,погружение,Une <b>plongée</b> sous-marine.,Подводное <b>погружение</b>.,🤿,f
un égal,равный (субст.),Traiter d'<b>égal</b> à <b>égal</b>.,Обращаться как <b>равный с равным</b>.,🟰,m
une faille,разлом,Une <b>faille</b> dans le système.,<b>Уязвимость</b> в системе.,🔓,f
"protecteur, protectrice",защитный,Un geste <b>protecteur</b>.,<b>Защитный</b> жест.,🛡️,adj
un interlocuteur,собеседник,Mon <b>interlocuteur</b>.,Мой <b>собеседник</b>.,🗣️,m
une recommandation,рекомендация,Une <b>recommandation</b> du médecin.,<b>Рекомендация</b> врача.,📋,f
"marchand, marchande",торговый,La marine <b>marchande</b>.,<b>Торговый</b> флот.,🚢,adj
un pécheur,грешник,Un <b>pécheur</b> repenti.,Раскаявшийся <b>грешник</b>.,🙏,m
déduire,выводить,<b>Déduire</b> une conclusion.,<b>Сделать</b> вывод.,🧠,v
"flottant, flottante",плавающий; колеблющийся,Un taux <b>flottant</b>.,<b>Плавающая</b> ставка.,🌊,adj
"malsain, malsaine",нездоровый,Un climat <b>malsain</b>.,<b>Нездоровый</b> климат.,🤒,adj
une rédaction,сочинение,Écrire une <b>rédaction</b>.,Написать <b>сочинение</b>.,📝,f
manoeuvrer,маневрировать,<b>Manoeuvrer</b> une voiture.,<b>Маневрировать</b> машиной.,🚗,v
intituler,озаглавливать,<b>Intituler</b> un livre.,<b>Озаглавить</b> книгу.,📖,v
décliner,отклонять,<b>Décliner</b> une offre.,<b>Отклонить</b> предложение.,✋,v
une franchise,искренность,Parler avec <b>franchise</b>.,Говорить <b>откровенно</b>.,🗣️,f
une perche,шест,Sauter à la <b>perche</b>.,Прыжки с <b>шестом</b>.,🏅,f
un coureur,бегун,Un <b>coureur</b> de marathon.,<b>Марафонец</b>.,🏃,m
un van,фургон,Voyager en <b>van</b>.,Путешествовать на <b>фургоне</b>.,🚐,m
ressaisir,овладевать снова,Se <b>ressaisir</b>.,<b>Взять себя в руки</b>.,💪,v
exalter,возвеличивать,<b>Exalter</b> un héros.,<b>Превозносить</b> героя.,🦸,v
un glaçon,кубик льда,Mettre des <b>glaçons</b>.,Положить <b>кубики льда</b>.,🧊,m
un média,медиа,Les <b>médias</b> sociaux.,Социальные <b>сети</b>.,📱,m
déformer,деформировать,<b>Déformer</b> la vérité.,<b>Исказить</b> правду.,🔄,v
un bilan,итог,Faire le <b>bilan</b>.,Подвести <b>итоги</b>.,📊,m
"confiant, confiante",уверенный,Se montrer <b>confiant</b>.,Быть <b>уверенным</b>.,😎,adj
une altitude,высота,Une haute <b>altitude</b>.,Большая <b>высота</b>.,⛰️,f
un bled,глушь,Un <b>bled</b> perdu.,Забытая <b>глушь</b>.,🏜️,m
une crotte,какашка,Une <b>crotte</b> de chien.,Собачья <b>какашка</b>.,💩,f
triple,тройной,Un <b>triple</b> saut.,<b>Тройной</b> прыжок.,3️⃣,adj
assombrir,омрачать,<b>Assombrir</b> l'ambiance.,<b>Омрачить</b> атмосферу.,☁️,v
borner,ограничивать,Se <b>borner</b> à écouter.,<b>Ограничиться</b> слушанием.,🛑,v
percher,усаживаться,L'oiseau se <b>perche</b>.,Птица <b>садится</b>.,🐦,v
un moustique,комар,Un <b>moustique</b> m'a piqué.,<b>Комар</b> меня укусил.,🦟,m
aventurer,рисковать,S'<b>aventurer</b> dans la forêt.,<b>Отважиться</b> в лес.,🌲,v
un dit,изречение; присловье,Selon le <b>dit</b> populaire.,Согласно <b>поговорке</b>.,📜,m
un lever,восход,Le <b>lever</b> du soleil.,<b>Восход</b> солнца.,🌅,m
une vis,винт,Serrer une <b>vis</b>.,Закрутить <b>винт</b>.,🔩,f
"posé, posée",спокойный,Un ton <b>posé</b>.,<b>Спокойный</b> тон.,😌,adj
"vitré, vitrée",стеклянный,Une porte <b>vitrée</b>.,<b>Стеклянная</b> дверь.,🪟,adj
un base-ball,бейсбол,Jouer au <b>base-ball</b>.,Играть в <b>бейсбол</b>.,⚾,m
érotique,эротический,Un film <b>érotique</b>.,<b>Эротический</b> фильм.,💋,adj
un revenu,доход,Un <b>revenu</b> annuel.,Годовой <b>доход</b>.,💰,m
diplomatique,дипломатический,Une mission <b>diplomatique</b>.,<b>Дипломатическая</b> миссия.,🤝,adj
accroître,увеличивать,<b>Accroître</b> ses connaissances.,<b>Расширить</b> знания.,📚,v
un isolement,изоляция,Un <b>isolement</b> total.,Полная <b>изоляция</b>.,🏠,m
une nonne,монахиня,Une <b>nonne</b> pieuse.,Набожная <b>монахиня</b>.,🙏,f
une paresse,лень,La <b>paresse</b> est un péché.,<b>Лень</b> — грех.,😴,f
déguster,дегустировать,<b>Déguster</b> un vin.,<b>Дегустировать</b> вино.,🍷,v
un stock,запас,Un grand <b>stock</b>.,Большой <b>запас</b>.,📦,m
un centime,сантим,Un <b>centime</b> d'euro.,<b>Цент</b> евро.,💰,m
dénicher,отыскать,<b>Dénicher</b> un trésor.,<b>Отыскать</b> сокровище.,💎,v
un verger,фруктовый сад,Un <b>verger</b> de pommiers.,Яблоневый <b>сад</b>.,🍎,m
réaliste,реалистичный,Un film <b>réaliste</b>.,<b>Реалистичный</b> фильм.,🎬,adj
une embrouille,заморочка,Quelle <b>embrouille</b> !,Какая <b>заморочка</b>!,🤯,f
"issu, issue",происходящий; выходец,<b>Issu</b> d'une famille modeste.,<b>Выходец</b> из скромной семьи.,👨‍👩‍👧,adj
clocher,хромать; не клеиться,Quelque chose <b>cloche</b>.,Что-то <b>не так</b>.,🤔,v
une bouillie,каша,Une <b>bouillie</b> pour bébé.,<b>Каша</b> для малыша.,🥣,f
rendormir,снова засыпать,Se <b>rendormir</b> vite.,Быстро <b>снова заснуть</b>.,😴,v
un tricot,вязание,Faire du <b>tricot</b>.,<b>Вязать</b>.,🧶,m
atténuer,смягчать,<b>Atténuer</b> la douleur.,<b>Смягчить</b> боль.,💊,v
"éblouissant, éblouissante",ослепительный,Une lumière <b>éblouissante</b>.,<b>Ослепительный</b> свет.,✨,adj
alourdir,утяжелять,<b>Alourdir</b> le texte.,<b>Утяжелить</b> текст.,📚,v
obligatoire,обязательный,Un cours <b>obligatoire</b>.,<b>Обязательный</b> курс.,📋,adj
une volupté,сладострастие,Avec <b>volupté</b>.,С <b>наслаждением</b>.,😌,f
terroriser,терроризировать,<b>Terroriser</b> les habitants.,<b>Терроризировать</b> жителей.,😱,v
une armure,доспехи,Une <b>armure</b> de chevalier.,Рыцарские <b>доспехи</b>.,🛡️,f
inverse,обратный,Dans le sens <b>inverse</b>.,В <b>обратном</b> направлении.,↩️,adj
"martial, martiale",боевой,Les arts <b>martiaux</b>.,<b>Боевые</b> искусства.,🥋,adj
une modestie,скромность,Avec <b>modestie</b>.,Со <b>скромностью</b>.,😊,f
rallumer,снова зажигать,<b>Rallumer</b> la lumière.,<b>Снова зажечь</b> свет.,💡,v
une lâcheté,трусость,Une <b>lâcheté</b> honteuse.,Позорная <b>трусость</b>.,😔,f
un marrant,весельчак,C'est un <b>marrant</b>.,Он <b>весельчак</b>.,😄,m
"roman, romane",романский,L'art <b>roman</b>.,<b>Романское</b> искусство.,🏛️,adj
un karma,карма,Le <b>karma</b> positif.,Позитивная <b>карма</b>.,☯️,m
illustre,знаменитый,Un <b>illustre</b> écrivain.,<b>Знаменитый</b> писатель.,⭐,adj
un concept,концепт,Un <b>concept</b> innovant.,Инновационный <b>концепт</b>.,💡,m
"fondamental, fondamentale",фундаментальный,Une question <b>fondamentale</b>.,<b>Фундаментальный</b> вопрос.,🏛️,adj
épater,поражать,<b>Épater</b> la galerie.,<b>Поразить</b> публику.,🤩,v
un mécanicien,механик,Le <b>mécanicien</b> répare.,<b>Механик</b> ремонтирует.,🔧,m
compenser,компенсировать,<b>Compenser</b> une perte.,<b>Компенсировать</b> потерю.,⚖️,v
un sauvetage,спасение,Une opération de <b>sauvetage</b>.,<b>Спасательная</b> операция.,🚨,m
une garnison,гарнизон,La <b>garnison</b> de la ville.,<b>Гарнизон</b> города.,🪖,f
un compatriote,соотечественник,C'est mon <b>compatriote</b>.,Это мой <b>соотечественник</b>.,🤝,m
imperceptible,незаметный,Un changement <b>imperceptible</b>.,<b>Незаметное</b> изменение.,🔍,adj
une gamelle,котелок,Manger à la <b>gamelle</b>.,Есть из <b>котелка</b>.,🍲,f
un naufrage,кораблекрушение,Survivre au <b>naufrage</b>.,Выжить после <b>кораблекрушения</b>.,🚢,m
un souverain,государь,Le <b>souverain</b> du royaume.,<b>Государь</b> королевства.,👑,m
un claquement,хлопок,Un <b>claquement</b> de porte.,<b>Хлопок</b> двери.,🚪,m
un feutre,фломастер; фетр,Écrire au <b>feutre</b>.,Писать <b>фломастером</b>.,🖊️,m
limpide,прозрачный,Une eau <b>limpide</b>.,<b>Прозрачная</b> вода.,💧,adj
un formulaire,формуляр,Remplir un <b>formulaire</b>.,Заполнить <b>формуляр</b>.,📝,m
une séquence,последовательность,Une <b>séquence</b> vidéo.,Видео<b>последовательность</b>.,🎬,f
un trac,мандраж,Avoir le <b>trac</b>.,Иметь <b>мандраж</b>.,😰,m
marmonner,бормотать,<b>Marmonner</b> une réponse.,<b>Пробормотать</b> ответ.,🗣️,v
un désarroi,замешательство,Un grand <b>désarroi</b>.,Большое <b>замешательство</b>.,😵,m
"anxieux, anxieuse",тревожный,Un regard <b>anxieux</b>.,<b>Тревожный</b> взгляд.,😟,adj
une contradiction,противоречие,Une <b>contradiction</b> flagrante.,Явное <b>противоречие</b>.,↔️,f
un communisme,коммунизм,Le <b>communisme</b> soviétique.,Советский <b>коммунизм</b>.,☭,m
enjamber,перешагивать,<b>Enjamber</b> un obstacle.,<b>Перешагнуть</b> препятствие.,🚶,v
une anecdote,анекдот,Raconter une <b>anecdote</b>.,Рассказать <b>анекдот</b>.,😂,f
river,приковывать,<b>River</b> les yeux.,<b>Приковать</b> взгляд.,👀,v
une devise,девиз,La <b>devise</b> nationale.,Национальный <b>девиз</b>.,🏳️,f
"libéré, libérée",освобождённый,Un prisonnier <b>libéré</b>.,<b>Освобождённый</b> заключённый.,🔓,adj
"suspendu, suspendue",подвешенный,Un pont <b>suspendu</b>.,<b>Подвесной</b> мост.,🌉,adj
une grappe,гроздь,Une <b>grappe</b> de raisin.,<b>Гроздь</b> винограда.,🍇,f
un canot,лодка,Un <b>canot</b> de sauvetage.,<b>Спасательная</b> лодка.,🚣,m
dispenser,освобождать,<b>Dispenser</b> d'un cours.,<b>Освободить</b> от занятия.,📚,v
une argile,глина,Modeler l'<b>argile</b>.,Лепить из <b>глины</b>.,🏺,f
une bribe,обрывок,Des <b>bribes</b> de conversation.,<b>Обрывки</b> разговора.,👂,f
un pionnier,пионер,Un <b>pionnier</b> de l'aviation.,<b>Пионер</b> авиации.,✈️,m
"ravi, ravie",в восторге,Je suis <b>ravi</b>.,Я <b>в восторге</b>.,😊,adj
réviser,пересматривать,<b>Réviser</b> ses leçons.,<b>Повторять</b> уроки.,📚,v
une algue,водоросль,Des <b>algues</b> marines.,Морские <b>водоросли</b>.,🌿,f
une gendarmerie,жандармерия,Aller à la <b>gendarmerie</b>.,Идти в <b>жандармерию</b>.,🚔,f
daigner,соизволить,<b>Daigner</b> répondre.,<b>Соизволить</b> ответить.,🙄,v
une interprétation,интерпретация,Une <b>interprétation</b> libre.,Свободная <b>интерпретация</b>.,🎭,f
une distribution,распределение,La <b>distribution</b> des prix.,<b>Раздача</b> призов.,🏆,f
une gym,гимнастика (разг.),Faire de la <b>gym</b>.,Заниматься <b>гимнастикой</b>.,🤸,f
une réforme,реформа,Une <b>réforme</b> du système.,<b>Реформа</b> системы.,📋,f
"antérieur, antérieure",предыдущий,La période <b>antérieure</b>.,<b>Предыдущий</b> период.,⏮️,adj
un consul,консул,Le <b>consul</b> de France.,<b>Консул</b> Франции.,🏛️,m
"administratif, administrative",административный,Un document <b>administratif</b>.,<b>Административный</b> документ.,📄,adj
"tiré, tirée",натянутый; измученный,Avoir les traits <b>tirés</b>.,Иметь <b>измученный</b> вид.,😩,adj
reconduire,провожать,<b>Reconduire</b> un invité.,<b>Проводить</b> гостя.,🚪,v
un cube,куб,Un <b>cube</b> de glace.,<b>Кубик</b> льда.,🧊,m
un olivier,оливковое дерево,Un <b>olivier</b> centenaire.,Столетняя <b>олива</b>.,🌳,m
inerte,инертный,Un corps <b>inerte</b>.,<b>Безжизненное</b> тело.,😵,adj
un vif,живое; суть,Entrer dans le <b>vif</b> du sujet.,Перейти к <b>сути</b> дела.,🎯,m
cramponner,цепляться,Se <b>cramponner</b> à la rampe.,<b>Цепляться</b> за перила.,✊,v
"égyptien, égyptienne",египетский,L'art <b>égyptien</b>.,<b>Египетское</b> искусство.,🏛️,adj
un metteur,постановщик,Un <b>metteur</b> en scène.,<b>Режиссёр</b>-постановщик.,🎬,m
un attachement,привязанность,Un <b>attachement</b> profond.,Глубокая <b>привязанность</b>.,❤️,m
un lycéen,лицеист,Un jeune <b>lycéen</b>.,Молодой <b>лицеист</b>.,🎓,m
une émeute,бунт,Une <b>émeute</b> de rue.,Уличный <b>бунт</b>.,😤,f
un militant,активист,Un <b>militant</b> politique.,Политический <b>активист</b>.,✊,m
une irruption,вторжение,Faire <b>irruption</b>.,<b>Ворваться</b>.,🚪,f
adoucir,смягчать,<b>Adoucir</b> les moeurs.,<b>Смягчать</b> нравы.,😊,v
un maïs,кукуруза,Un épi de <b>maïs</b>.,Початок <b>кукурузы</b>.,🌽,m
une procession,процессия,Une <b>procession</b> religieuse.,Религиозная <b>процессия</b>.,⛪,f
un défunt,покойный,Le <b>défunt</b> roi.,<b>Покойный</b> король.,🕯️,m
une fusion,слияние,Une <b>fusion</b> d'entreprises.,<b>Слияние</b> компаний.,🤝,f
"miraculeux, miraculeuse",чудесный,Une guérison <b>miraculeuse</b>.,<b>Чудесное</b> исцеление.,✨,adj
une vermine,вредители,Exterminer la <b>vermine</b>.,Истребить <b>вредителей</b>.,🐀,f
"errant, errante",бродячий,Un chien <b>errant</b>.,<b>Бродячая</b> собака.,🐕,adj
un noyau,ядро,Le <b>noyau</b> de la cellule.,<b>Ядро</b> клетки.,⚛️,m
un labyrinthe,лабиринт,Se perdre dans le <b>labyrinthe</b>.,Заблудиться в <b>лабиринте</b>.,🌀,m
éduquer,воспитывать,<b>Éduquer</b> les enfants.,<b>Воспитывать</b> детей.,👨‍👧,v
"formel, formelle",формальный,Une demande <b>formelle</b>.,<b>Формальный</b> запрос.,📋,adj
"organisé, organisée",организованный,Un voyage <b>organisé</b>.,<b>Организованная</b> поездка.,📋,adj
"musulman, musulmane",мусульманский,La religion <b>musulmane</b>.,<b>Мусульманская</b> религия.,☪️,adj
contester,оспаривать,<b>Contester</b> une décision.,<b>Оспаривать</b> решение.,✋,v
une superbe,великолепие; надменность,Dans toute sa <b>superbe</b>.,Во всём своём <b>великолепии</b>.,✨,f
"mouvant, mouvante",зыбкий,Des sables <b>mouvants</b>.,<b>Зыбучие</b> пески.,🏜️,adj
un atterrissage,посадка,Un <b>atterrissage</b> en douceur.,Мягкая <b>посадка</b>.,✈️,m
une brutalité,жестокость,Une <b>brutalité</b> policière.,Полицейская <b>жестокость</b>.,😠,f
rebondir,отскакивать,Le ballon <b>rebondit</b>.,Мяч <b>отскакивает</b>.,🏀,v
un insu,неведение,À mon <b>insu</b>.,<b>Без моего ведома</b>.,❓,m
mouvoir,двигать,Se <b>mouvoir</b> lentement.,<b>Двигаться</b> медленно.,🚶,v
"épatant, épatante",потрясающий,Une nouvelle <b>épatante</b>.,<b>Потрясающая</b> новость.,🤩,adj
un beignet,пончик,Un <b>beignet</b> au chocolat.,Шоколадный <b>пончик</b>.,🍩,m
un escadron,эскадрон,Un <b>escadron</b> de cavalerie.,<b>Эскадрон</b> кавалерии.,🐎,m
une coulisse,кулиса,Dans les <b>coulisses</b>.,За <b>кулисами</b>.,🎭,f
broncher,спотыкаться,Sans <b>broncher</b>.,Не <b>дрогнув</b>.,💪,v
un interprète,переводчик,L'<b>interprète</b> traduit.,<b>Переводчик</b> переводит.,🗣️,m
un chapelet,чётки,Réciter son <b>chapelet</b>.,Читать по <b>чёткам</b>.,📿,m
un recoin,закуток,Dans tous les <b>recoins</b>.,Во всех <b>закоулках</b>.,🏠,m
palper,ощупывать,<b>Palper</b> un objet.,<b>Ощупывать</b> предмет.,✋,v
une infanterie,пехота,L'<b>infanterie</b> légère.,Лёгкая <b>пехота</b>.,🪖,f
"mat, mate",матовый,Un fini <b>mat</b>.,<b>Матовая</b> поверхность.,⬜,adj
exemplaire,образцовый,Un comportement <b>exemplaire</b>.,<b>Образцовое</b> поведение.,⭐,adj
"voulu, voulue",намеренный; желанный,Un effet <b>voulu</b>.,<b>Намеренный</b> эффект.,🎯,adj
une bourgeoisie,буржуазия,La <b>bourgeoisie</b> française.,Французская <b>буржуазия</b>.,🎩,f
une plate-forme,платформа,Une <b>plate-forme</b> pétrolière.,Нефтяная <b>платформа</b>.,🏗️,f
"futé, futée",смышлёный,Un enfant <b>futé</b>.,<b>Смышлёный</b> ребёнок.,🧒,adj
un porno,порно,Un film <b>porno</b>.,<b>Порно</b> фильм.,🔞,m
une loterie,лотерея,Gagner à la <b>loterie</b>.,Выиграть в <b>лотерею</b>.,🎰,f
"immortel, immortelle",бессмертный,Un amour <b>immortel</b>.,<b>Бессмертная</b> любовь.,❤️,adj
sceller,запечатывать,<b>Sceller</b> un pacte.,<b>Скрепить</b> договор.,📜,v
une succession,наследство,Une <b>succession</b> difficile.,Сложное <b>наследство</b>.,💰,f
neiger,идти (о снеге),Il <b>neige</b> fort.,<b>Идёт</b> сильный снег.,❄️,v
un pignon,шестерня; щипец,Le <b>pignon</b> d'une maison.,<b>Фронтон</b> дома.,🏠,m
rajeunir,омолаживать,<b>Rajeunir</b> son look.,<b>Омолодить</b> образ.,✨,v
requérir,требовать,<b>Requérir</b> de l'aide.,<b>Требовать</b> помощи.,📢,v
bouder,дуться,<b>Bouder</b> dans son coin.,<b>Дуться</b> в углу.,😤,v
un abus,злоупотребление,Un <b>abus</b> de pouvoir.,<b>Злоупотребление</b> властью.,⚠️,m
un créateur,создатель,Le <b>créateur</b> du monde.,<b>Создатель</b> мира.,🌍,m
une foutaise,чушь; ерунда,C'est de la <b>foutaise</b> !,Это <b>чушь</b>!,🙄,f
inclure,включать,<b>Inclure</b> dans la liste.,<b>Включить</b> в список.,📋,v
reporter,откладывать,<b>Reporter</b> une réunion.,<b>Отложить</b> собрание.,📅,v
un ais,доска (устар.),Un <b>ais</b> de bois.,Деревянная <b>доска</b>.,🪵,m
un rassemblement,собрание,Un <b>rassemblement</b> populaire.,Народное <b>собрание</b>.,👥,m
gaver,пичкать,<b>Gaver</b> les oies.,<b>Откармливать</b> гусей.,🦆,v
tressaillir,вздрагивать,<b>Tressaillir</b> de peur.,<b>Вздрогнуть</b> от страха.,😨,v
une incertitude,неуверенность,Une grande <b>incertitude</b>.,Большая <b>неуверенность</b>.,❓,f
"mexicain, mexicaine",мексиканский,La cuisine <b>mexicaine</b>.,<b>Мексиканская</b> кухня.,🌮,adj
un biberon,бутылочка,Donner le <b>biberon</b>.,Дать <b>бутылочку</b>.,🍼,m
"vicieux, vicieuse",порочный,Un cercle <b>vicieux</b>.,<b>Порочный</b> круг.,🔄,adj
une gomme,ластик,Effacer à la <b>gomme</b>.,Стереть <b>ластиком</b>.,🧹,f
vaciller,колебаться,<b>Vaciller</b> sur ses jambes.,<b>Шататься</b> на ногах.,🥴,v
propager,распространять,<b>Propager</b> une rumeur.,<b>Распространять</b> слух.,📢,v
différer,отличаться,<b>Différer</b> d'opinion.,<b>Отличаться</b> мнением.,↔️,v
ridiculiser,высмеивать,<b>Ridiculiser</b> quelqu'un.,<b>Высмеивать</b> кого-то.,😂,v
une citation,цитата,Une <b>citation</b> célèbre.,Знаменитая <b>цитата</b>.,📝,f
une cargaison,груз,Une <b>cargaison</b> de blé.,<b>Груз</b> пшеницы.,🚢,f
décéder,скончаться,<b>Décéder</b> de vieillesse.,<b>Скончаться</b> от старости.,🕯️,v
effroyable,ужасающий,Un crime <b>effroyable</b>.,<b>Ужасающее</b> преступление.,😱,adj
tisser,ткать,<b>Tisser</b> une toile.,<b>Ткать</b> полотно.,🕸️,v
rimer,рифмоваться,<b>Rimer</b> avec amour.,<b>Рифмоваться</b> с любовью.,💕,v
une colombe,голубка,Une <b>colombe</b> blanche.,Белая <b>голубка</b>.,🕊️,f
une récréation,перемена,La <b>récréation</b> de midi.,Обеденная <b>перемена</b>.,🏫,f
coter,котировать; оценивать,<b>Coter</b> en bourse.,<b>Котироваться</b> на бирже.,📈,v
un coquin,шалун,Un petit <b>coquin</b>.,Маленький <b>шалун</b>.,😈,m
une brune,брюнетка,Une jolie <b>brune</b>.,Красивая <b>брюнетка</b>.,👩‍🦱,f
affaler,плюхаться,S'<b>affaler</b> sur le canapé.,<b>Плюхнуться</b> на диван.,🛋️,v
un donneur,донор,Un <b>donneur</b> de sang.,<b>Донор</b> крови.,🩸,m
une grossesse,беременность,Une <b>grossesse</b> heureuse.,Счастливая <b>беременность</b>.,🤰,f
abstenir,воздерживаться,S'<b>abstenir</b> de voter.,<b>Воздержаться</b> от голосования.,✋,v
"scandaleux, scandaleuse",скандальный,Une affaire <b>scandaleuse</b>.,<b>Скандальное</b> дело.,😱,adj
grignoter,грызть,<b>Grignoter</b> des biscuits.,<b>Грызть</b> печенье.,🍪,v
un couturier,кутюрье,Un grand <b>couturier</b>.,Великий <b>кутюрье</b>.,👗,m
un musulman,мусульманин,Il est <b>musulman</b>.,Он <b>мусульманин</b>.,☪️,m
"inhumain, inhumaine",бесчеловечный,Un traitement <b>inhumain</b>.,<b>Бесчеловечное</b> обращение.,😱,adj
un jaloux,ревнивец,Quel <b>jaloux</b> !,Какой <b>ревнивец</b>!,💚,m
la plupart du,большая часть,<b>La plupart du</b> temps.,<b>Большую часть</b> времени.,⏰,adj
un taillis,подлесок,Se cacher dans les <b>taillis</b>.,Спрятаться в <b>подлеске</b>.,🌳,m
"poilu, poilue",волосатый,Un homme <b>poilu</b>.,<b>Волосатый</b> мужчина.,🧔,adj
aménager,обустраивать,<b>Aménager</b> un appartement.,<b>Обустроить</b> квартиру.,🏠,v
charmer,очаровывать,<b>Charmer</b> le public.,<b>Очаровать</b> публику.,✨,v
une croupe,круп,La <b>croupe</b> du cheval.,<b>Круп</b> лошади.,🐴,f
suffoquer,задыхаться,<b>Suffoquer</b> de chaleur.,<b>Задыхаться</b> от жары.,🥵,v
une assise,основание,L'<b>assise</b> du mur.,<b>Основание</b> стены.,🧱,f
"peinard, peinarde",спокойный,Rester <b>peinard</b>.,Оставаться <b>в покое</b>.,😌,adj
un trophée,трофей,Un <b>trophée</b> de chasse.,Охотничий <b>трофей</b>.,🏆,m
un axe,ось,L'<b>axe</b> de la roue.,<b>Ось</b> колеса.,⚙️,m
un total,итог,Le <b>total</b> des dépenses.,<b>Итог</b> расходов.,🧮,m
un gaillard,молодец,Un solide <b>gaillard</b>.,Крепкий <b>молодец</b>.,💪,m
bénéficier,пользоваться (преимуществом),Tu vas <b>bénéficier</b> d'une réduction.,Ты получишь <b>скидку</b>.,💰,v
un châle,шаль,Un <b>châle</b> en laine.,Шерстяная <b>шаль</b>.,🧣,m
illustrer,иллюстрировать,<b>Illustrer</b> un livre.,<b>Иллюстрировать</b> книгу.,🖼️,v
un mortel,смертный,Un simple <b>mortel</b>.,Простой <b>смертный</b>.,💀,m
une gouttière,водосток,La <b>gouttière</b> du toit.,<b>Водосток</b> на крыше.,🏠,f
un museau,морда,Le <b>museau</b> du chien.,<b>Морда</b> собаки.,🐕,m
une allégresse,ликование,Crier d'<b>allégresse</b>.,Кричать от <b>радости</b>.,🎉,f
une ronce,ежевика,Des <b>ronces</b> sauvages.,Дикая <b>ежевика</b>.,🫐,f
favoriser,благоприятствовать,<b>Favoriser</b> le développement.,<b>Способствовать</b> развитию.,📈,v
un communiqué,коммюнике,Un <b>communiqué</b> de presse.,Пресс-<b>релиз</b>.,📰,m
un motel,мотель,Dormir dans un <b>motel</b>.,Ночевать в <b>мотеле</b>.,🏨,m
un chandail,свитер,Un <b>chandail</b> chaud.,Тёплый <b>свитер</b>.,🧥,m
"séparé, séparée",отдельный,Des chambres <b>séparées</b>.,<b>Отдельные</b> комнаты.,🚪,adj
une morsure,укус,Une <b>morsure</b> de serpent.,<b>Укус</b> змеи.,🐍,f
une limonade,лимонад,Un verre de <b>limonade</b>.,Стакан <b>лимонада</b>.,🍋,f
une fiançailles,помолвка,Annoncer ses <b>fiançailles</b>.,Объявить о <b>помолвке</b>.,💍,f
shooter,стрелять (спорт),<b>Shooter</b> au but.,<b>Бить</b> по воротам.,⚽,v
une chauve-souris,летучая мышь,Une <b>chauve-souris</b> nocturne.,Ночная <b>летучая мышь</b>.,🦇,f
un labeur,труд,Un dur <b>labeur</b>.,Тяжёлый <b>труд</b>.,💼,m
bidon,липовый,Une excuse <b>bidon</b>.,<b>Липовая</b> отговорка.,🤥,adj
blottir,прижиматься,Se <b>blottir</b> contre quelqu'un.,<b>Прижаться</b> к кому-то.,🤗,v
"méfiant, méfiante",недоверчивый,Un regard <b>méfiant</b>.,<b>Недоверчивый</b> взгляд.,🤨,adj
empresser,спешить,S'<b>empresser</b> de répondre.,<b>Поспешить</b> ответить.,⏰,v
mobiliser,мобилизовать,<b>Mobiliser</b> les troupes.,<b>Мобилизовать</b> войска.,🪖,v
un artisan,ремесленник,Un <b>artisan</b> qualifié.,Квалифицированный <b>ремесленник</b>.,🔨,m
tenace,упорный,Un espoir <b>tenace</b>.,<b>Упорная</b> надежда.,💪,adj
un dévouement,преданность,Un <b>dévouement</b> total.,Полная <b>преданность</b>.,❤️,m
une crosse,клюшка,Une <b>crosse</b> de hockey.,Хоккейная <b>клюшка</b>.,🏒,f
frayer,прокладывать,Se <b>frayer</b> un chemin.,<b>Прокладывать</b> путь.,🚶,v
un torchon,тряпка,Un <b>torchon</b> de cuisine.,Кухонная <b>тряпка</b>.,🧹,m
"boulot, boulotte",пухлый; полный,Elle est un peu <b>boulotte</b>.,Она немного <b>пухленькая</b>.,🍩,adj
un lancement,запуск,Le <b>lancement</b> d'une fusée.,<b>Запуск</b> ракеты.,🚀,m
"naval, navale",морской,Une base <b>navale</b>.,<b>Морская</b> база.,⚓,adj
une brèche,брешь,Ouvrir une <b>brèche</b>.,Открыть <b>брешь</b>.,🕳️,f
un championnat,чемпионат,Le <b>championnat</b> du monde.,<b>Чемпионат</b> мира.,🏆,m
un acheteur,покупатель,Un <b>acheteur</b> potentiel.,Потенциальный <b>покупатель</b>.,🛒,m
paumer,терять (разг.),<b>Paumer</b> ses clés.,<b>Потерять</b> ключи.,🔑,v
fasciste,фашистский,Un régime <b>fasciste</b>.,<b>Фашистский</b> режим.,⚠️,adj
tituber,шататься,<b>Tituber</b> de fatigue.,<b>Шататься</b> от усталости.,🥴,v
un bûcher,костёр,Brûler sur le <b>bûcher</b>.,Сгореть на <b>костре</b>.,🔥,m
une sincérité,искренность,Avec <b>sincérité</b>.,С <b>искренностью</b>.,💯,f
un aïeul,предок,Nos <b>aïeux</b>.,Наши <b>предки</b>.,👴,m
un dictionnaire,словарь,Consulter un <b>dictionnaire</b>.,Смотреть в <b>словаре</b>.,📖,m
une braise,уголёк,Des <b>braises</b> ardentes.,Раскалённые <b>угли</b>.,🔥,f
"indiscret, indiscrète",нескромный,Une question <b>indiscrète</b>.,<b>Нескромный</b> вопрос.,👀,adj
lugubre,мрачный,Un endroit <b>lugubre</b>.,<b>Мрачное</b> место.,🌑,adj
un portugais,португалец,Un ami <b>portugais</b>.,Друг-<b>португалец</b>.,🇵🇹,m
exotique,экзотический,Un fruit <b>exotique</b>.,<b>Экзотический</b> фрукт.,🥭,adj
une trajectoire,траектория,La <b>trajectoire</b> d'un missile.,<b>Траектория</b> ракеты.,📐,f
un compromis,компромисс,Trouver un <b>compromis</b>.,Найти <b>компромисс</b>.,🤝,m
une complication,осложнение,Une <b>complication</b> imprévue.,Непредвиденное <b>осложнение</b>.,⚠️,f
un corridor,коридор,Un long <b>corridor</b>.,Длинный <b>коридор</b>.,🚪,m
un monastère,монастырь,Un vieux <b>monastère</b>.,Старый <b>монастырь</b>.,⛪,m
une crèche,ясли,Mettre l'enfant à la <b>crèche</b>.,Отдать ребёнка в <b>ясли</b>.,👶,f
une impulsion,импульс,Agir par <b>impulsion</b>.,Действовать по <b>импульсу</b>.,⚡,f
"décidé, décidée",решительный,Un ton <b>décidé</b>.,<b>Решительный</b> тон.,💪,adj
une parcelle,участок,Une <b>parcelle</b> de terrain.,<b>Участок</b> земли.,🏞️,f
une paroisse,приход,La <b>paroisse</b> du village.,<b>Приход</b> деревни.,⛪,f
un entourage,окружение,L'<b>entourage</b> du président.,<b>Окружение</b> президента.,👥,m
une lentille,чечевица; линза,Des <b>lentilles</b> de contact.,Контактные <b>линзы</b>.,👁️,f
rattacher,привязывать,<b>Rattacher</b> une corde.,<b>Привязать</b> верёвку.,🔗,v
un yacht,яхта,Un <b>yacht</b> luxueux.,Роскошная <b>яхта</b>.,🛥️,m
un truand,бандит,Un dangereux <b>truand</b>.,Опасный <b>бандит</b>.,🦹,m
absenter,отсутствовать,S'<b>absenter</b> du bureau.,<b>Отсутствовать</b> на работе.,🚪,v
une carabine,карабин,Une <b>carabine</b> de chasse.,Охотничья <b>винтовка</b>.,🔫,f
une consommation,потребление,La <b>consommation</b> d'énergie.,<b>Потребление</b> энергии.,📊,f
un décret,декрет,Signer un <b>décret</b>.,Подписать <b>декрет</b>.,📜,m
un bien-être,благополучие,Le <b>bien-être</b> physique.,Физическое <b>благополучие</b>.,😌,m
un us,обычай,Les <b>us</b> et coutumes.,<b>Нравы</b> и обычаи.,📜,m
une urine,моча,Une analyse d'<b>urine</b>.,Анализ <b>мочи</b>.,🧪,f
une requête,запрос,Soumettre une <b>requête</b>.,Подать <b>запрос</b>.,📝,f
"puéril, puérile",детский,Un comportement <b>puéril</b>.,<b>Детское</b> поведение.,🧒,adj
une méditation,медитация,Une séance de <b>méditation</b>.,Сеанс <b>медитации</b>.,🧘,f
"respectueux, respectueuse",уважительный,Un ton <b>respectueux</b>.,<b>Уважительный</b> тон.,🙏,adj
conjurer,заклинать,<b>Conjurer</b> le sort.,<b>Заклинать</b> судьбу.,✨,v
réprimer,подавлять,<b>Réprimer</b> une révolte.,<b>Подавить</b> восстание.,✊,v
un lointain,даль,Dans le <b>lointain</b>.,В <b>дали</b>.,🌄,m
héberger,приютить,<b>Héberger</b> un ami.,<b>Приютить</b> друга.,🏠,v
un tampon,штамп,Un <b>tampon</b> encreur.,Чернильный <b>штамп</b>.,📋,m
un butin,добыча,Le <b>butin</b> des pirates.,<b>Добыча</b> пиратов.,💰,m
"risqué, risquée",рискованный,Une entreprise <b>risquée</b>.,<b>Рискованное</b> предприятие.,⚠️,adj
une consultation,консультация,Une <b>consultation</b> médicale.,Медицинская <b>консультация</b>.,👨‍⚕️,f
hystérique,истеричный,Une crise <b>hystérique</b>.,<b>Истерический</b> припадок.,😱,adj
une superstition,суеверие,Une vieille <b>superstition</b>.,Старое <b>суеверие</b>.,🔮,f
"étincelant, étincelante",сверкающий,Des yeux <b>étincelants</b>.,<b>Сверкающие</b> глаза.,✨,adj
doter,наделять,<b>Doter</b> d'un pouvoir.,<b>Наделить</b> властью.,🎁,v
inoubliable,незабываемый,Un souvenir <b>inoubliable</b>.,<b>Незабываемое</b> воспоминание.,💫,adj
redoubler,удваивать,<b>Redoubler</b> d'efforts.,<b>Удвоить</b> усилия.,📈,v
un procédé,метод,Un <b>procédé</b> technique.,Технический <b>метод</b>.,🔧,m
"fatigant, fatigante",утомительный,Un travail <b>fatigant</b>.,<b>Утомительная</b> работа.,😩,adj
une sécheresse,засуха,Une <b>sécheresse</b> terrible.,Страшная <b>засуха</b>.,🏜️,f
un bavardage,болтовня,Des <b>bavardages</b> inutiles.,Ненужная <b>болтовня</b>.,💬,m
une boucherie,мясная лавка,Aller à la <b>boucherie</b>.,Идти в <b>мясную лавку</b>.,🥩,f
"minéral, minérale",минеральный,Une eau <b>minérale</b>.,<b>Минеральная</b> вода.,💧,adj
une nouveauté,новинка,Les <b>nouveautés</b> du mois.,<b>Новинки</b> месяца.,🆕,f
une courtoisie,вежливость,Une <b>courtoisie</b> exquise.,Изысканная <b>вежливость</b>.,🎩,f
"républicain, républicaine",республиканский,Le parti <b>républicain</b>.,<b>Республиканская</b> партия.,🏛️,adj
une soucoupe,блюдце,Une <b>soucoupe</b> volante.,Летающая <b>тарелка</b>.,🛸,f
une commune,коммуна,La <b>commune</b> de Paris.,Парижская <b>коммуна</b>.,🏘️,f
un hold-up,ограбление,Commettre un <b>hold-up</b>.,Совершить <b>ограбление</b>.,🏦,m
déverser,выливать,<b>Déverser</b> des déchets.,<b>Сливать</b> отходы.,🌊,v
un palace,дворец-отель,Un <b>palace</b> cinq étoiles.,Пятизвёздочный <b>отель</b>.,🏰,m
une entente,согласие,Une bonne <b>entente</b>.,Хорошее <b>согласие</b>.,🤝,f
entraver,препятствовать,<b>Entraver</b> la circulation.,<b>Препятствовать</b> движению.,🚧,v
"souverain, souveraine",суверенный,Un État <b>souverain</b>.,<b>Суверенное</b> государство.,👑,adj
une fabrique,фабрика,Une <b>fabrique</b> de jouets.,<b>Фабрика</b> игрушек.,🏭,f
une météo,погода,Regarder la <b>météo</b>.,Смотреть <b>прогноз погоды</b>.,🌤️,f
une sphère,сфера,La <b>sphère</b> politique.,Политическая <b>сфера</b>.,⭕,f
infime,ничтожный,Une chance <b>infime</b>.,<b>Ничтожный</b> шанс.,🔬,adj
un minus,ничтожество,Quel <b>minus</b> !,Какое <b>ничтожество</b>!,👎,m
un voyant,ясновидящий,Consulter un <b>voyant</b>.,Обратиться к <b>ясновидящему</b>.,🔮,m
scintiller,мерцать,Les étoiles <b>scintillent</b>.,Звёзды <b>мерцают</b>.,⭐,v
un martyr,мученик,Un <b>martyr</b> de la foi.,<b>Мученик</b> веры.,⛪,m
une meuf,девушка (разг.),Une jolie <b>meuf</b>.,Симпатичная <b>девчонка</b>.,👩,f
inaccessible,недоступный,Un lieu <b>inaccessible</b>.,<b>Недоступное</b> место.,⛰️,adj
un comptable,бухгалтер,Le <b>comptable</b> calcule.,<b>Бухгалтер</b> считает.,🧮,m
amorcer,начинать,<b>Amorcer</b> un projet.,<b>Начать</b> проект.,🚀,v
"blindé, blindée",бронированный,Un véhicule <b>blindé</b>.,<b>Бронированная</b> машина.,🪖,adj
une ardoise,шифер,Un toit en <b>ardoise</b>.,Крыша из <b>шифера</b>.,🏠,f
broyer,дробить,<b>Broyer</b> du café.,<b>Молоть</b> кофе.,☕,v
esquiver,уклоняться,<b>Esquiver</b> un coup.,<b>Уклониться</b> от удара.,🥊,v
stratégique,стратегический,Une position <b>stratégique</b>.,<b>Стратегическая</b> позиция.,📍,adj
hérisser,ощетиниваться,Se <b>hérisser</b> de colère.,<b>Ощетиниться</b> от злости.,😾,v
une plantation,плантация,Une <b>plantation</b> de café.,<b>Плантация</b> кофе.,🌱,f
un vocabulaire,словарный запас,Un riche <b>vocabulaire</b>.,Богатый <b>словарный запас</b>.,📚,m
pondre,нести яйца,La poule <b>pond</b> des œufs.,Курица <b>несёт</b> яйца.,🥚,v
un statut,статус,Un <b>statut</b> social.,Социальный <b>статус</b>.,📊,m
un bouillon,бульон,Un <b>bouillon</b> de légumes.,Овощной <b>бульон</b>.,🍲,m
une quinzaine,полтора десятка,Une <b>quinzaine</b> de jours.,<b>Две недели</b>.,📅,f
"incessant, incessante",непрестанный,Un bruit <b>incessant</b>.,<b>Непрестанный</b> шум.,🔊,adj
sud,южный,L'hémisphère <b>sud</b>.,<b>Южное</b> полушарие.,🧭,adj
prélever,изымать,<b>Prélever</b> un échantillon.,<b>Взять</b> образец.,🧪,v
"bouillant, bouillante",кипящий,Une eau <b>bouillante</b>.,<b>Кипящая</b> вода.,🔥,adj
un commando,коммандос,Un <b>commando</b> d'élite.,Элитный <b>коммандос</b>.,🪖,m
une frange,чёлка,Une <b>frange</b> sur le front.,<b>Чёлка</b> на лбу.,💇,f
une purée,пюре,Une <b>purée</b> de pommes de terre.,Картофельное <b>пюре</b>.,🥔,f
allier,сочетать,<b>Allier</b> force et beauté.,<b>Сочетать</b> силу и красоту.,🤝,v
"pervers, perverse",извращённый,Un esprit <b>pervers</b>.,<b>Извращённый</b> ум.,😈,adj
un tract,листовка,Distribuer des <b>tracts</b>.,Раздавать <b>листовки</b>.,📄,m
un tumulte,шум,Un <b>tumulte</b> de voix.,<b>Шум</b> голосов.,📢,m
un tango,танго,Danser le <b>tango</b>.,Танцевать <b>танго</b>.,💃,m
une injection,инъекция,Une <b>injection</b> de vaccin.,<b>Инъекция</b> вакцины.,💉,f
un autrichien,австриец,Un <b>Autrichien</b> de Vienne.,<b>Австриец</b> из Вены.,🇦🇹,m
un repère,ориентир,Un point de <b>repère</b>.,<b>Ориентир</b>.,📍,m
un short,шорты,Mettre un <b>short</b>.,Надеть <b>шорты</b>.,🩳,m
une variété,разнообразие,Une grande <b>variété</b>.,Большое <b>разнообразие</b>.,🌈,f
une anxiété,тревога,Une <b>anxiété</b> constante.,Постоянная <b>тревога</b>.,😰,f
relancer,возобновлять,<b>Relancer</b> l'économie.,<b>Возобновить</b> экономику.,📈,v
un mobile,мотив,Le <b>mobile</b> du crime.,<b>Мотив</b> преступления.,🔍,m
une mi-voix,полушёпот,Parler à <b>mi-voix</b>.,Говорить <b>вполголоса</b>.,🤫,f
un piquet,кол,Planter un <b>piquet</b>.,Вбить <b>кол</b>.,🪵,m
un cambriolage,кража со взломом,Commettre un <b>cambriolage</b>.,Совершить <b>кражу со взломом</b>.,🏠,m
un cargo,грузовое судно,Un <b>cargo</b> maritime.,Морской <b>грузовоз</b>.,🚢,m
"souffrant, souffrante",страдающий,Une personne <b>souffrante</b>.,<b>Страдающий</b> человек.,🤒,adj
caser,пристраивать,<b>Caser</b> les enfants.,<b>Пристроить</b> детей.,👨‍👩‍👧,v
un agenda,ежедневник,Consulter son <b>agenda</b>.,Смотреть в <b>ежедневник</b>.,📒,m
une pancarte,плакат,Une <b>pancarte</b> de protestation.,<b>Плакат</b> протеста.,📢,f
rigide,жёсткий,Une règle <b>rigide</b>.,<b>Жёсткое</b> правило.,📏,adj
une fiction,вымысел,Une pure <b>fiction</b>.,Чистый <b>вымысел</b>.,📖,f
un imperméable,плащ,Mettre son <b>imperméable</b>.,Надеть <b>плащ</b>.,🧥,m
un roulement,вращение,Le <b>roulement</b> des tambours.,<b>Барабанная дробь</b>.,🥁,m
un armement,вооружение,L'<b>armement</b> nucléaire.,Ядерное <b>вооружение</b>.,🚀,m
assaillir,нападать,<b>Assaillir</b> l'ennemi.,<b>Напасть</b> на врага.,⚔️,v
un vagabond,бродяга,Un <b>vagabond</b> solitaire.,Одинокий <b>бродяга</b>.,🚶,m
articuler,артикулировать,<b>Articuler</b> clairement.,<b>Чётко</b> произносить.,🗣️,v
une artère,артерия,L'<b>artère</b> principale.,Главная <b>артерия</b>.,❤️,f
un stage,стажировка,Faire un <b>stage</b>.,Проходить <b>стажировку</b>.,💼,m
une coopération,сотрудничество,Une <b>coopération</b> internationale.,Международное <b>сотрудничество</b>.,🤝,f
une renaissance,возрождение,La <b>Renaissance</b> italienne.,Итальянское <b>Возрождение</b>.,🎨,f
"attaché, attachée",привязанный,Je suis <b>attaché</b> à lui.,Я <b>привязан</b> к нему.,❤️,adj
un euro,евро,Payer en <b>euros</b>.,Платить в <b>евро</b>.,💶,m
acquitter,оправдывать,<b>Acquitter</b> un accusé.,<b>Оправдать</b> обвиняемого.,⚖️,v
dense,плотный,Une forêt <b>dense</b>.,<b>Густой</b> лес.,🌲,adj
un étalage,витрина,L'<b>étalage</b> d'un magasin.,<b>Витрина</b> магазина.,🛍️,m
"assassin, assassine",убийственный,Un regard <b>assassin</b>.,<b>Убийственный</b> взгляд.,👀,adj
une raie,скат; пробор,Une <b>raie</b> dans les cheveux.,<b>Пробор</b> в волосах.,💇,f
un vaccin,вакцина,Un <b>vaccin</b> contre la grippe.,<b>Вакцина</b> от гриппа.,💉,m
transpercer,пронзать,<b>Transpercer</b> le cœur.,<b>Пронзить</b> сердце.,🗡️,v
ravager,опустошать,<b>Ravager</b> une ville.,<b>Опустошить</b> город.,💥,v
un chignon,пучок,Faire un <b>chignon</b>.,Сделать <b>пучок</b>.,💇‍♀️,m
un parage,окрестность,Dans les <b>parages</b>.,В <b>окрестностях</b>.,📍,m
une légèreté,лёгкость,Avec <b>légèreté</b>.,С <b>лёгкостью</b>.,🪶,f
un contraste,контраст,Un <b>contraste</b> saisissant.,Поразительный <b>контраст</b>.,⬜,m
un étalon,жеребец,Un bel <b>étalon</b>.,Красивый <b>жеребец</b>.,🐎,m
un gus,парень (разг.),Un drôle de <b>gus</b>.,Странный <b>парень</b>.,👤,m
pleurnicher,хныкать,Arrête de <b>pleurnicher</b>.,Хватит <b>хныкать</b>.,😢,v
un marron,каштан,Un <b>marron</b> chaud.,Горячий <b>каштан</b>.,🌰,m
desserrer,ослаблять,<b>Desserrer</b> sa cravate.,<b>Ослабить</b> галстук.,👔,v
"trempé, trempée",промокший,Je suis <b>trempé</b>.,Я <b>промок насквозь</b>.,🌧️,adj
un manager,менеджер,Un bon <b>manager</b>.,Хороший <b>менеджер</b>.,👔,m
un chalet,шале,Un <b>chalet</b> de montagne.,Горное <b>шале</b>.,🏔️,m
vache,жестокий (разг.),C'est <b>vache</b> !,Это <b>жестоко</b>!,😤,adj
une dynamite,динамит,Une bâton de <b>dynamite</b>.,Палка <b>динамита</b>.,💣,f
frire,жарить,<b>Frire</b> des pommes de terre.,<b>Жарить</b> картошку.,🍟,v
trafiquer,жульничать,<b>Trafiquer</b> les comptes.,<b>Подделывать</b> счета.,📊,v
une définition,определение,Une <b>définition</b> précise.,Точное <b>определение</b>.,📖,f
une tactique,тактика,Une <b>tactique</b> militaire.,Военная <b>тактика</b>.,🎯,f
"tenu, tenue",обязанный,Être <b>tenu</b> de payer.,Быть <b>обязанным</b> платить.,📋,adj
dégringoler,скатываться,<b>Dégringoler</b> les escaliers.,<b>Скатиться</b> с лестницы.,🎢,v
impatienter,раздражать,Ça m'<b>impatiente</b>.,Это меня <b>раздражает</b>.,😤,v
un platane,платан,Un vieux <b>platane</b>.,Старый <b>платан</b>.,🌳,m
une figue,инжир,Une <b>figue</b> mûre.,Спелый <b>инжир</b>.,🍇,f
un supporter,болельщик,Un <b>supporter</b> passionné.,Страстный <b>болельщик</b>.,⚽,m
temporaire,временный,Un emploi <b>temporaire</b>.,<b>Временная</b> работа.,⏰,adj
"amiral, amirale",адмиральский,Le vaisseau <b>amiral</b>.,<b>Флагманский</b> корабль.,⚓,adj
angoisser,тревожить,Ça m'<b>angoisse</b>.,Это меня <b>тревожит</b>.,😰,v
conter,рассказывать,<b>Conter</b> une histoire.,<b>Рассказать</b> историю.,📖,v
fleuriste,флорист,Un <b>fleuriste</b> talentueux.,Талантливый <b>флорист</b>.,💐,m
une paie,зарплата,Recevoir sa <b>paie</b>.,Получить <b>зарплату</b>.,💵,f
"tout-puissant, toute-puissante",всемогущий,Un dieu <b>tout-puissant</b>.,<b>Всемогущий</b> бог.,👑,adj
un protocole,протокол,Le <b>protocole</b> diplomatique.,Дипломатический <b>протокол</b>.,📜,m
un señor,сеньор,"Bonjour, <b>señor</b>.","Здравствуйте, <b>сеньор</b>.",🎩,m
une prétention,претензия,Sans <b>prétention</b>.,Без <b>претензий</b>.,🙂,f
une averse,ливень,Une <b>averse</b> soudaine.,Внезапный <b>ливень</b>.,🌧️,f
une écorce,кора,L'<b>écorce</b> d'un arbre.,<b>Кора</b> дерева.,🌲,f
un autographe,автограф,Demander un <b>autographe</b>.,Попросить <b>автограф</b>.,✍️,m
un distributeur,автомат,Un <b>distributeur</b> de billets.,<b>Банкомат</b>.,🏧,m
"sucré, sucrée",сладкий,Un dessert <b>sucré</b>.,<b>Сладкий</b> десерт.,🍰,adj
"affamé, affamée",голодный,Un loup <b>affamé</b>.,<b>Голодный</b> волк.,🐺,adj
"imminent, imminente",неминуемый,Un danger <b>imminent</b>.,<b>Неминуемая</b> опасность.,⚠️,adj
un mat,мат (шахм.),Faire <b>mat</b>.,Поставить <b>мат</b>.,♟️,m
une tapisserie,гобелен,Une <b>tapisserie</b> ancienne.,Старинный <b>гобелен</b>.,🖼️,f
une bordure,бордюр,La <b>bordure</b> du trottoir.,<b>Бордюр</b> тротуара.,🛣️,f
une dureté,жёсткость,La <b>dureté</b> du métal.,<b>Твёрдость</b> металла.,💎,f
une torpeur,оцепенение,Une <b>torpeur</b> estivale.,Летнее <b>оцепенение</b>.,😴,f
une arnaque,афера,Quelle <b>arnaque</b> !,Какая <b>афера</b>!,🤥,f
une résurrection,воскрешение,La <b>résurrection</b> du Christ.,<b>Воскрешение</b> Христа.,⛪,f
dégonfler,сдуваться,Le ballon se <b>dégonfle</b>.,Мяч <b>сдувается</b>.,🎈,v
une serre,теплица,Cultiver en <b>serre</b>.,Выращивать в <b>теплице</b>.,🌱,f
préférable,предпочтительный,C'est <b>préférable</b>.,Это <b>предпочтительнее</b>.,👍,adj
racler,скрести,<b>Racler</b> le fond.,<b>Скрести</b> по дну.,🥄,v
"fâcheux, fâcheuse",досадный,Un incident <b>fâcheux</b>.,<b>Досадный</b> инцидент.,😕,adj
"monumental, monumentale",монументальный,Une œuvre <b>monumentale</b>.,<b>Монументальное</b> произведение.,🏛️,adj
repeindre,перекрашивать,<b>Repeindre</b> les murs.,<b>Перекрасить</b> стены.,🎨,v
gober,глотать,<b>Gober</b> un œuf.,<b>Проглотить</b> яйцо.,🥚,v
un maudit,проклятый,Un <b>maudit</b> problème.,<b>Проклятая</b> проблема.,😤,m
un mexicain,мексиканец,Il est <b>mexicain</b>.,Он <b>мексиканец</b>.,🇲🇽,m
une pogne,рука (разг.),Avoir de la <b>pogne</b>.,Иметь <b>крепкую хватку</b>.,✊,f
une relève,смена,La <b>relève</b> de la garde.,<b>Смена</b> караула.,💂,f
un lourd,увалень,Un vrai <b>lourd</b>.,Настоящий <b>увалень</b>.,🐻,m
une cacahuète,арахис,Manger des <b>cacahuètes</b>.,Есть <b>арахис</b>.,🥜,f
une entrevue,встреча,Une <b>entrevue</b> officielle.,Официальная <b>встреча</b>.,🤝,f
"dressé, dressée",выдрессированный,Un chien bien <b>dressé</b>.,Хорошо <b>выдрессированная</b> собака.,🐕,adj
un remerciement,благодарность,Un mot de <b>remerciement</b>.,Слово <b>благодарности</b>.,🙏,m
"découvert, découverte",открытый,Un compte à <b>découvert</b>.,<b>Открытый</b> счёт.,💳,adj
recroqueviller,съёживаться,Se <b>recroqueviller</b> de froid.,<b>Съёжиться</b> от холода.,🥶,v
un commis,приказчик,Un <b>commis</b> de magasin.,<b>Приказчик</b> в магазине.,🏪,m
un épicier,бакалейщик,L'<b>épicier</b> du coin.,<b>Бакалейщик</b> за углом.,🛒,m
une bise,поцелуй (разг.),Faire la <b>bise</b>.,<b>Чмокнуть</b>.,💋,f
bredouiller,бормотать,<b>Bredouiller</b> des excuses.,<b>Бормотать</b> извинения.,🗣️,v
démerder,выкручиваться,Se <b>démerder</b> tout seul.,<b>Выкручиваться</b> самому.,💪,v
ramer,грести,<b>Ramer</b> contre le courant.,<b>Грести</b> против течения.,🚣,v
un fantastique,фантастика,Le <b>fantastique</b> littéraire.,Литературная <b>фантастика</b>.,📚,m
"vigoureux, vigoureuse",энергичный,Un homme <b>vigoureux</b>.,<b>Энергичный</b> мужчина.,💪,adj
un catalogue,каталог,Feuilleter un <b>catalogue</b>.,Листать <b>каталог</b>.,📖,m
un visa,виза,Obtenir un <b>visa</b>.,Получить <b>визу</b>.,🛂,m
un coquillage,ракушка,Ramasser des <b>coquillages</b>.,Собирать <b>ракушки</b>.,🐚,m
un partage,раздел,Le <b>partage</b> des biens.,<b>Раздел</b> имущества.,📊,m
exaucer,исполнять,<b>Exaucer</b> un vœu.,<b>Исполнить</b> желание.,⭐,v
croyable,вероятный,C'est à peine <b>croyable</b>.,Это едва <b>верится</b>.,😮,adj
"passager, passagère",мимолётный,Une mode <b>passagère</b>.,<b>Мимолётная</b> мода.,⏰,adj
éclipser,затмевать,<b>Éclipser</b> ses rivaux.,<b>Затмить</b> соперников.,⭐,v
griffer,царапать,Le chat m'a <b>griffé</b>.,Кот меня <b>поцарапал</b>.,🐱,v
"battant, battante",неутомимый,Une pluie <b>battante</b>.,<b>Проливной</b> дождь.,🌧️,adj
"brut, brute",грубый,Un diamant <b>brut</b>.,<b>Необработанный</b> алмаз.,💎,adj
surfer,сёрфить,<b>Surfer</b> sur Internet.,<b>Сёрфить</b> в Интернете.,🏄,v
dénouer,развязывать,<b>Dénouer</b> une corde.,<b>Развязать</b> верёвку.,🪢,v
une célébrité,знаменитость,Une <b>célébrité</b> mondiale.,Мировая <b>знаменитость</b>.,⭐,f
une distinction,различие,Une <b>distinction</b> subtile.,Тонкое <b>различие</b>.,🔍,f
robuste,крепкий,Un homme <b>robuste</b>.,<b>Крепкий</b> мужчина.,💪,adj
un hosto,больница (разг.),Aller à l'<b>hosto</b>.,Идти в <b>больничку</b>.,🏥,m
une offense,оскорбление,Une grave <b>offense</b>.,Серьёзное <b>оскорбление</b>.,😠,f
lisser,разглаживать,<b>Lisser</b> ses cheveux.,<b>Разглаживать</b> волосы.,💇,v
"trouvé, trouvée",найденный,Un enfant <b>trouvé</b>.,<b>Найдёныш</b>.,👶,adj
une nage,плавание,En <b>nage</b>.,В <b>поту</b>.,🏊,f
simuler,симулировать,<b>Simuler</b> une maladie.,<b>Симулировать</b> болезнь.,🤒,v
une tombée,наступление,À la <b>tombée</b> de la nuit.,С <b>наступлением</b> ночи.,🌙,f
un slogan,слоган,Un <b>slogan</b> publicitaire.,Рекламный <b>слоган</b>.,📢,m
un apéritif,аперитив,Prendre un <b>apéritif</b>.,Выпить <b>аперитив</b>.,🍷,m
un ring,ринг,Monter sur le <b>ring</b>.,Выйти на <b>ринг</b>.,🥊,m
une boulette,шарик; промах,Faire une <b>boulette</b>.,Совершить <b>промах</b>.,🤦,f
un cardinal,кардинал,Le <b>cardinal</b> de Paris.,<b>Кардинал</b> Парижа.,⛪,m
une fracture,перелом,Une <b>fracture</b> du bras.,<b>Перелом</b> руки.,🦴,f
une poussée,толчок,Une <b>poussée</b> de fièvre.,<b>Приступ</b> лихорадки.,🤒,f
une rade,рейд (гавань),Un navire en <b>rade</b>.,Корабль на <b>рейде</b>.,⚓,f
une bestiole,букашка,Une petite <b>bestiole</b>.,Маленькая <b>букашка</b>.,🐛,f
vautrer,валяться,Se <b>vautrer</b> sur le canapé.,<b>Валяться</b> на диване.,🛋️,v
un tic,тик,Un <b>tic</b> nerveux.,Нервный <b>тик</b>.,😬,m
enfler,опухать,La cheville <b>enfle</b>.,Лодыжка <b>опухает</b>.,🦶,v
un habitué,завсегдатай,Un <b>habitué</b> du café.,<b>Завсегдатай</b> кафе.,☕,m
multicolore,многоцветный,Un drapeau <b>multicolore</b>.,<b>Разноцветный</b> флаг.,🌈,adj
balbutier,лепетать,<b>Balbutier</b> des mots.,<b>Лепетать</b> слова.,👶,v
toc,безвкусный; поддельный,C'est du <b>toc</b>.,Это <b>подделка</b>.,💍,adj
un rouquin,рыжий,Un petit <b>rouquin</b>.,Маленький <b>рыжик</b>.,🧑‍🦰,m
une reproduction,воспроизведение,La <b>reproduction</b> d'un tableau.,<b>Репродукция</b> картины.,🖼️,f
exterminer,истреблять,<b>Exterminer</b> les parasites.,<b>Истребить</b> паразитов.,🦟,v
"fumé, fumée",копчёный,Du saumon <b>fumé</b>.,<b>Копчёный</b> лосось.,🐟,adj
enthousiaste,восторженный,Un public <b>enthousiaste</b>.,<b>Восторженная</b> публика.,🎉,adj
astiquer,начищать,<b>Astiquer</b> l'argenterie.,<b>Начищать</b> серебро.,✨,v
une transition,переход,Une période de <b>transition</b>.,Период <b>перехода</b>.,🔄,f
barbare,варварский,Un acte <b>barbare</b>.,<b>Варварский</b> поступок.,⚔️,adj
une petite-fille,внучка,C'est ma <b>petite-fille</b>.,Это моя <b>внучка</b>.,👧,f
replonger,снова погружаться,<b>Replonger</b> dans le travail.,Снова <b>погрузиться</b> в работу.,📚,v
un poussin,цыплёнок,Un petit <b>poussin</b>.,Маленький <b>цыплёнок</b>.,🐤,m
survoler,пролетать,<b>Survoler</b> une ville.,<b>Пролететь</b> над городом.,✈️,v
un restant,остаток,Le <b>restant</b> du repas.,<b>Остаток</b> еды.,🍽️,m
une taupe,крот,Une <b>taupe</b> aveugle.,Слепой <b>крот</b>.,🐀,f
assoupir,усыплять,S'<b>assoupir</b> doucement.,<b>Задремать</b>.,😴,v
"frisé, frisée",кудрявый,Des cheveux <b>frisés</b>.,<b>Кудрявые</b> волосы.,💇,adj
un gain,выигрыш,Un <b>gain</b> important.,Важный <b>выигрыш</b>.,💰,m
diplomate,дипломат,Un <b>diplomate</b> habile.,Умелый <b>дипломат</b>.,🤝,m
démasquer,разоблачать,<b>Démasquer</b> un imposteur.,<b>Разоблачить</b> самозванца.,🎭,v
une gymnastique,гимнастика,Faire de la <b>gymnastique</b>.,Заниматься <b>гимнастикой</b>.,🤸,f
"compétent, compétente",компетентный,Un expert <b>compétent</b>.,<b>Компетентный</b> эксперт.,🎓,adj
un refrain,припев,Le <b>refrain</b> d'une chanson.,<b>Припев</b> песни.,🎵,m
une augmentation,повышение,Une <b>augmentation</b> de salaire.,<b>Повышение</b> зарплаты.,📈,f
une largeur,ширина,La <b>largeur</b> de la route.,<b>Ширина</b> дороги.,📏,f
trotter,семенить,<b>Trotter</b> dans la rue.,<b>Семенить</b> по улице.,🐎,v
une trappe,люк,Ouvrir la <b>trappe</b>.,Открыть <b>люк</b>.,🚪,f
un kiosque,киоск,Un <b>kiosque</b> à journaux.,Газетный <b>киоск</b>.,📰,m
un grillage,решётка,Un <b>grillage</b> métallique.,Металлическая <b>решётка</b>.,🔲,m
un stand,стенд,Un <b>stand</b> de tir.,<b>Тир</b>.,🎯,m
résider,проживать,<b>Résider</b> à Paris.,<b>Проживать</b> в Париже.,🏠,v
une rosée,роса,La <b>rosée</b> du matin.,Утренняя <b>роса</b>.,💧,f
répartir,распределять,<b>Répartir</b> les tâches.,<b>Распределить</b> задачи.,📊,v
une arcade,аркада,Sous les <b>arcades</b>.,Под <b>аркадами</b>.,🏛️,f
un parapet,парапет,Le <b>parapet</b> du pont.,<b>Парапет</b> моста.,🌉,m
une tortue,черепаха,Une <b>tortue</b> marine.,Морская <b>черепаха</b>.,🐢,f
affranchir,освобождать,<b>Affranchir</b> un esclave.,<b>Освободить</b> раба.,⛓️,v
"hideux, hideuse",отвратительный,Un monstre <b>hideux</b>.,<b>Отвратительный</b> монстр.,👹,adj
un round,раунд,Le premier <b>round</b>.,Первый <b>раунд</b>.,🥊,m
une seringue,шприц,Une <b>seringue</b> stérile.,Стерильный <b>шприц</b>.,💉,f
perplexe,озадаченный,Rester <b>perplexe</b>.,Оставаться <b>озадаченным</b>.,🤔,adj
une puanteur,вонь,Une <b>puanteur</b> insupportable.,Невыносимая <b>вонь</b>.,🤢,f
psychopathe,психопат,Un dangereux <b>psychopathe</b>.,Опасный <b>психопат</b>.,🔪,m
un vestibule,вестибюль,Le <b>vestibule</b> de l'immeuble.,<b>Вестибюль</b> здания.,🚪,m
une sardine,сардина,Une boîte de <b>sardines</b>.,Банка <b>сардин</b>.,🐟,f
un aubain,иностранец (устар.),L'<b>aubain</b> n'avait pas de droits.,<b>Иностранец</b> не имел прав.,👤,m
un tarif,тариф,Le <b>tarif</b> en vigueur.,Действующий <b>тариф</b>.,💰,m
un protégé,протеже,Le <b>protégé</b> du directeur.,<b>Протеже</b> директора.,👤,m
fouler,топтать,<b>Fouler</b> le sol.,<b>Топтать</b> землю.,🦶,v
"spontané, spontanée",спонтанный,Un geste <b>spontané</b>.,<b>Спонтанный</b> жест.,⚡,adj
"superficiel, superficielle",поверхностный,Une analyse <b>superficielle</b>.,<b>Поверхностный</b> анализ.,📊,adj
un bide,провал (разг.),Quel <b>bide</b> !,Какой <b>провал</b>!,👎,m
un envoyé,посланник,Un <b>envoyé</b> spécial.,<b>Спецкор</b>.,📰,m
une timidité,застенчивость,Vaincre sa <b>timidité</b>.,Преодолеть <b>застенчивость</b>.,😊,f
"audacieux, audacieuse",дерзкий,Un plan <b>audacieux</b>.,<b>Дерзкий</b> план.,🦸,adj
une sexualité,сексуальность,La <b>sexualité</b> humaine.,Человеческая <b>сексуальность</b>.,❤️,f
initier,посвящать,<b>Initier</b> quelqu'un à l'art.,<b>Посвятить</b> кого-то в искусство.,🎨,v
un guichet,окошко,Le <b>guichet</b> de la banque.,<b>Окошко</b> в банке.,🏦,m
"charnel, charnelle",плотский,Un désir <b>charnel</b>.,<b>Плотское</b> желание.,💋,adj
acquiescer,соглашаться,<b>Acquiescer</b> d'un signe de tête.,<b>Согласиться</b> кивком.,👍,v
pensionnaire,постоялец,Un <b>pensionnaire</b> de l'hôtel.,<b>Постоялец</b> отеля.,🏨,m
déceler,обнаруживать,<b>Déceler</b> une faille.,<b>Обнаружить</b> изъян.,🔍,v
yankee,янки,Un <b>yankee</b> américain.,Американский <b>янки</b>.,🇺🇸,m
apprivoiser,приручать,<b>Apprivoiser</b> un animal.,<b>Приручить</b> животное.,🦊,v
"nommé, nommée",именуемый,Un homme <b>nommé</b> Pierre.,Человек по <b>имени</b> Пьер.,📛,adj
"gagné, gagnée",выигранный,Une bataille <b>gagnée</b>.,<b>Выигранная</b> битва.,🏆,adj
"crasseux, crasseuse",грязный,Des vêtements <b>crasseux</b>.,<b>Грязная</b> одежда.,👕,adj
grommeler,ворчать,<b>Grommeler</b> des injures.,<b>Ворчать</b> ругательства.,😤,v
un pénis,пенис,Le <b>pénis</b> est un organe.,<b>Пенис</b> — орган.,🔬,m
une obstination,упрямство,Une <b>obstination</b> têtue.,Упёртое <b>упрямство</b>.,🐂,f
un socialisme,социализм,Le <b>socialisme</b> démocratique.,Демократический <b>социализм</b>.,🏛️,m
réciproque,взаимный,Un amour <b>réciproque</b>.,<b>Взаимная</b> любовь.,❤️,adj
maléfique,зловещий,Un pouvoir <b>maléfique</b>.,<b>Зловещая</b> сила.,😈,adj
"individuel, individuelle",индивидуальный,Un sport <b>individuel</b>.,<b>Индивидуальный</b> спорт.,🏃,adj
éplucher,чистить,<b>Éplucher</b> des pommes de terre.,<b>Чистить</b> картошку.,🥔,v
propice,благоприятный,Un moment <b>propice</b>.,<b>Благоприятный</b> момент.,✅,adj
"mécontent, mécontente",недовольный,Un client <b>mécontent</b>.,<b>Недовольный</b> клиент.,😤,adj
déraper,заносить,La voiture <b>dérape</b>.,Машину <b>заносит</b>.,🚗,v
un agresseur,агрессор,Un <b>agresseur</b> violent.,Жестокий <b>агрессор</b>.,👊,m
émaner,исходить,<b>Émaner</b> une odeur.,<b>Исходить</b> (о запахе).,👃,v
une crapule,негодяй,Une sale <b>crapule</b>.,Грязный <b>негодяй</b>.,😈,f
une famine,голод,Une terrible <b>famine</b>.,Ужасный <b>голод</b>.,😔,f
une rapidité,быстрота,Avec <b>rapidité</b>.,С <b>быстротой</b>.,⚡,f
une fabrication,изготовление,La <b>fabrication</b> de meubles.,<b>Изготовление</b> мебели.,🔨,f
une agresseure,агрессор (ж.р.),L'<b>agresseure</b> a été arrêtée.,<b>Агрессора</b> задержали.,👩,f
approprier,присваивать,S'<b>approprier</b> un bien.,<b>Присвоить</b> имущество.,🏠,v
une teinte,оттенок,Une <b>teinte</b> rosée.,Розоватый <b>оттенок</b>.,🎨,f
un klaxon,клаксон,Appuyer sur le <b>klaxon</b>.,Нажать на <b>клаксон</b>.,🚗,m
osciller,колебаться,<b>Osciller</b> entre deux choix.,<b>Колебаться</b> между выборами.,↔️,v
une boulangerie,булочная,Aller à la <b>boulangerie</b>.,Идти в <b>булочную</b>.,🥖,f
une totalité,совокупность,La <b>totalité</b> des résultats.,<b>Совокупность</b> результатов.,📊,f
"gourmand, gourmande",сластёна,Un enfant <b>gourmand</b>.,Ребёнок-<b>сластёна</b>.,🍰,adj
un dedans,внутренность,Au <b>dedans</b>.,<b>Внутри</b>.,🏠,m
une compétence,компетенция,Avoir les <b>compétences</b>.,Обладать <b>компетенциями</b>.,📚,f
une gelée,желе,Une <b>gelée</b> de fruits.,Фруктовое <b>желе</b>.,🍮,f
un appât,наживка,Un <b>appât</b> pour poissons.,<b>Наживка</b> для рыбы.,🎣,m
une maîtrise,мастерство,Une parfaite <b>maîtrise</b>.,Совершенное <b>мастерство</b>.,🎯,f
"fumant, fumante",дымящийся,Un café <b>fumant</b>.,<b>Дымящийся</b> кофе.,☕,adj
"grillé, grillée",жареный,Un poulet <b>grillé</b>.,<b>Жареная</b> курица.,🍗,adj
un diagnostic,диагноз,Poser un <b>diagnostic</b>.,Поставить <b>диагноз</b>.,🩺,m
un battant,створка,Les <b>battants</b> de la porte.,<b>Створки</b> двери.,🚪,m
un sérail,сераль; гарем,Le <b>sérail</b> du sultan.,<b>Сераль</b> султана.,🏰,m
un vernis,лак,Un <b>vernis</b> à ongles.,<b>Лак</b> для ногтей.,💅,m
une croisière,круиз,Partir en <b>croisière</b>.,Отправиться в <b>круиз</b>.,🚢,f
"réduit, réduite",уменьшенный,Un prix <b>réduit</b>.,<b>Сниженная</b> цена.,💰,adj
secourir,выручать,<b>Secourir</b> les blessés.,<b>Выручать</b> раненых.,🚑,v
une coordonnée,координата,Les <b>coordonnées</b> GPS.,GPS-<b>координаты</b>.,📍,f
un azur,лазурь,Un ciel d'<b>azur</b>.,<b>Лазурное</b> небо.,🩵,m
une concurrence,конкуренция,Une forte <b>concurrence</b>.,Сильная <b>конкуренция</b>.,📊,f
une suspension,подвеска,La <b>suspension</b> de la voiture.,<b>Подвеска</b> машины.,🚗,f
une buée,пар,La <b>buée</b> sur la vitre.,<b>Пар</b> на стекле.,🌫️,f
un lacs,силок; петля,Tomber dans le <b>lacs</b>.,Попасть в <b>силок</b>.,🪢,m
un chemisier,блузка,Un <b>chemisier</b> élégant.,Элегантная <b>блузка</b>.,👚,m
plastique,пластиковый; пластик,Un sac en <b>plastique</b>.,<b>Пластиковый</b> пакет.,🛍️,adj
immonde,мерзкий,Un crime <b>immonde</b>.,<b>Мерзкое</b> преступление.,😤,adj
un avant-bras,предплечье,Une blessure à l'<b>avant-bras</b>.,Рана на <b>предплечье</b>.,💪,m
une guérison,исцеление,Une <b>guérison</b> miraculeuse.,Чудесное <b>исцеление</b>.,🏥,f
"soyeux, soyeuse",шелковистый,Des cheveux <b>soyeux</b>.,<b>Шелковистые</b> волосы.,✨,adj
une habileté,ловкость,Avec <b>habileté</b>.,С <b>ловкостью</b>.,🤹,f
un contre,контрудар,Un <b>contre</b> rapide.,Быстрая <b>контратака</b>.,⚔️,m
devancer,опережать,<b>Devancer</b> ses rivaux.,<b>Опередить</b> соперников.,🏃,v
onduler,волноваться,Ses cheveux <b>ondulent</b>.,Её волосы <b>вьются</b>.,💇,v
une cuiller,ложка,Une <b>cuiller</b> à soupe.,Столовая <b>ложка</b>.,🥄,f
surnommer,прозывать,<b>Surnommer</b> quelqu'un.,<b>Прозвать</b> кого-то.,📛,v
intermédiaire,посредник,Un <b>intermédiaire</b> commercial.,Торговый <b>посредник</b>.,🤝,m
abolir,отменять,<b>Abolir</b> l'esclavage.,<b>Отменить</b> рабство.,⛓️,v
"tourné, tournée",повёрнутый,Le dos <b>tourné</b>.,<b>Повёрнутая</b> спина.,🔄,adj
un politicien,политик,Un <b>politicien</b> honnête.,Честный <b>политик</b>.,🏛️,m
sobre,сдержанный,Un style <b>sobre</b>.,<b>Сдержанный</b> стиль.,🎨,adj
"tardif, tardive",запоздалый,Un repentir <b>tardif</b>.,<b>Запоздалое</b> раскаяние.,⏰,adj
une antiquité,древность,Une <b>antiquité</b> grecque.,Греческая <b>древность</b>.,🏛️,f
une hospitalité,гостеприимство,Une <b>hospitalité</b> chaleureuse.,Тёплое <b>гостеприимство</b>.,🤗,f
une fraction,дробь,Une <b>fraction</b> de seconde.,<b>Доля</b> секунды.,⏱️,f
une insolence,дерзость,Quelle <b>insolence</b> !,Какая <b>дерзость</b>!,😤,f
une baise,секс (груб.),Une bonne <b>baise</b>. (vulgaire),Хороший <b>секс</b>. (груб.),🔞,f
un cabaret,кабаре,Un <b>cabaret</b> parisien.,Парижское <b>кабаре</b>.,🎭,m
un remplaçant,замещающий,Un <b>remplaçant</b> temporaire.,Временный <b>замещающий</b>.,👤,m
une tablette,планшет,Une <b>tablette</b> numérique.,Цифровой <b>планшет</b>.,📱,f
"voyant, voyante",яркий,Des couleurs <b>voyantes</b>.,<b>Яркие</b> цвета.,🌈,adj
"parlant, parlante",говорящий,Un film <b>parlant</b>.,<b>Звуковой</b> фильм.,🎬,adj
"galant, galante",галантный,Un homme <b>galant</b>.,<b>Галантный</b> мужчина.,🌹,adj
mûrir,созревать,Les fruits <b>mûrissent</b>.,Фрукты <b>созревают</b>.,🍎,v
merdique,дерьмовый,Un film <b>merdique</b>.,<b>Дерьмовый</b> фильм.,💩,adj
une mélodie,мелодия,Une <b>mélodie</b> douce.,Нежная <b>мелодия</b>.,🎵,f
une préfecture,префектура,La <b>préfecture</b> de police.,<b>Префектура</b> полиции.,🏛️,f
"hagard, hagarde",одичалый,Un regard <b>hagard</b>.,<b>Дикий</b> взгляд.,😳,adj
connecter,подключать,<b>Connecter</b> un appareil.,<b>Подключить</b> устройство.,🔌,v
opaque,непрозрачный,Un verre <b>opaque</b>.,<b>Непрозрачное</b> стекло.,🪟,adj
"abruti, abrutie",тупой,Quel <b>abruti</b> !,Какой <b>тупица</b>!,🤦,adj
bannir,изгонять,<b>Bannir</b> un criminel.,<b>Изгнать</b> преступника.,🚪,v
un pion,пешка,Un simple <b>pion</b>.,Простая <b>пешка</b>.,♟️,m
"ambitieux, ambitieuse",амбициозный,Un projet <b>ambitieux</b>.,<b>Амбициозный</b> проект.,🚀,adj
continu,непрерывный,Un travail <b>continu</b>.,<b>Непрерывная</b> работа.,⏰,adj
une ascension,восхождение,L'<b>ascension</b> du mont Blanc.,<b>Восхождение</b> на Монблан.,⛰️,f
un gentilhomme,дворянин,Un <b>gentilhomme</b> de la cour.,<b>Придворный</b> дворянин.,🎩,m
ample,просторный,Une robe <b>ample</b>.,<b>Просторное</b> платье.,👗,adj
un investissement,инвестиция,Un bon <b>investissement</b>.,Хорошая <b>инвестиция</b>.,💰,m
débloquer,разблокировать,<b>Débloquer</b> la situation.,<b>Разблокировать</b> ситуацию.,🔓,v
une lucidité,ясность,Avec <b>lucidité</b>.,С <b>ясностью</b> ума.,🧠,f
une tumeur,опухоль,Une <b>tumeur</b> maligne.,Злокачественная <b>опухоль</b>.,🏥,f
pianiste,пианист,Un <b>pianiste</b> virtuose.,Виртуозный <b>пианист</b>.,🎹,m
frêle,хрупкий,Un corps <b>frêle</b>.,<b>Хрупкое</b> тело.,🦴,adj
mystique,мистический,Une expérience <b>mystique</b>.,<b>Мистический</b> опыт.,✨,adj
un gel,гель; мороз,Un <b>gel</b> pour cheveux.,<b>Гель</b> для волос.,🧴,m
démocratique,демократический,Un système <b>démocratique</b>.,<b>Демократическая</b> система.,🗳️,adj
un dispositif,устройство,Un <b>dispositif</b> de sécurité.,<b>Устройство</b> безопасности.,🔧,m
une transparence,прозрачность,La <b>transparence</b> du verre.,<b>Прозрачность</b> стекла.,🪟,f
"signé, signée",подписанный,Un contrat <b>signé</b>.,<b>Подписанный</b> контракт.,✍️,adj
"dû, due",должный,Le respect <b>dû</b>.,<b>Должное</b> уважение.,📋,adj
un dodo,сон (детск.),Faire <b>dodo</b>.,<b>Баиньки</b>.,😴,m
un mile,миля,Un <b>mile</b> marin.,Морская <b>миля</b>.,⚓,m
"abstrait, abstraite",абстрактный,Un art <b>abstrait</b>.,<b>Абстрактное</b> искусство.,🎨,adj
"né, née",рождённый,<b>Né</b> en France.,<b>Рождённый</b> во Франции.,👶,adj
un générateur,генератор,Un <b>générateur</b> électrique.,Электрический <b>генератор</b>.,⚡,m
une crampe,судорога,Une <b>crampe</b> au mollet.,<b>Судорога</b> в икре.,🦵,f
un normal,нормальный (субст.),Revenir à la <b>normale</b>.,Вернуться к <b>норме</b>.,📊,m
une envahisseuse,захватчица,L'<b>envahisseuse</b> a conquis le territoire.,<b>Захватчица</b> завоевала территорию.,⚔️,f
une insomnie,бессонница,Souffrir d'<b>insomnie</b>.,Страдать от <b>бессонницы</b>.,🌙,f
un envahisseur,захватчик,Un <b>envahisseur</b> étranger.,Иностранный <b>захватчик</b>.,⚔️,m
"majestueux, majestueuse",величественный,Un château <b>majestueux</b>.,<b>Величественный</b> замок.,🏰,adj
rayonner,сиять,<b>Rayonner</b> de bonheur.,<b>Сиять</b> от счастья.,✨,v
un bingo,бинго,Jouer au <b>bingo</b>.,Играть в <b>бинго</b>.,🎰,m
un gin,джин,Un verre de <b>gin</b>.,Стакан <b>джина</b>.,🍸,m
"victorieux, victorieuse",победоносный,Une armée <b>victorieuse</b>.,<b>Победоносная</b> армия.,🏆,adj
une hiérarchie,иерархия,La <b>hiérarchie</b> sociale.,Социальная <b>иерархия</b>.,📊,f
dédaigner,пренебрегать,<b>Dédaigner</b> une offre.,<b>Пренебречь</b> предложением.,😤,v
rectifier,исправлять,<b>Rectifier</b> une erreur.,<b>Исправить</b> ошибку.,✏️,v
une estrade,эстрада,Monter sur l'<b>estrade</b>.,Подняться на <b>эстраду</b>.,🎤,f
un amusement,развлечение,Un <b>amusement</b> innocent.,Невинное <b>развлечение</b>.,🎠,m
"triomphant, triomphante",торжествующий,Un sourire <b>triomphant</b>.,<b>Торжествующая</b> улыбка.,😁,adj
psychologue,психолог,Consulter un <b>psychologue</b>.,Обратиться к <b>психологу</b>.,🧠,m
un barbelé,колючая проволока,Une clôture en <b>barbelé</b>.,Забор из <b>колючей проволоки</b>.,🔲,m
hypocrite,лицемерный,Un comportement <b>hypocrite</b>.,<b>Лицемерное</b> поведение.,🎭,adj
fausser,искажать,<b>Fausser</b> les résultats.,<b>Исказить</b> результаты.,📊,v
impassible,невозмутимый,Un visage <b>impassible</b>.,<b>Невозмутимое</b> лицо.,😐,adj
une traite,вексель,Une <b>traite</b> bancaire.,Банковская <b>тратта</b>.,💳,f
punk,панк,Un groupe <b>punk</b>.,<b>Панк</b>-группа.,🎸,m
un sauveur,спаситель,Le <b>sauveur</b> de la patrie.,<b>Спаситель</b> отечества.,🦸,m
un entrain,задор,Avec <b>entrain</b>.,С <b>задором</b>.,🎉,m
une offrande,подношение,Une <b>offrande</b> aux dieux.,<b>Подношение</b> богам.,🙏,f
remarier,снова женить,Se <b>remarier</b>.,<b>Снова жениться</b>.,💍,v
un caviar,икра,Du <b>caviar</b> noir.,Чёрная <b>икра</b>.,🐟,m
une débauche,разврат,Une vie de <b>débauche</b>.,Жизнь в <b>разврате</b>.,🍾,f
une hutte,хижина,Une <b>hutte</b> de paille.,Соломенная <b>хижина</b>.,🛖,f
une crinière,грива,La <b>crinière</b> du lion.,<b>Грива</b> льва.,🦁,f
une fable,басня,Une <b>fable</b> de La Fontaine.,<b>Басня</b> Лафонтена.,📖,f
crisser,скрипеть,Les pneus <b>crissent</b>.,Шины <b>скрипят</b>.,🚗,v
collectionner,коллекционировать,<b>Collectionner</b> des timbres.,<b>Коллекционировать</b> марки.,📮,v
expirer,выдыхать,<b>Expirer</b> lentement.,Медленно <b>выдыхать</b>.,💨,v
gaffer,допустить промах,<b>Gaffer</b> devant tout le monde.,<b>Сплоховать</b> перед всеми.,🤦,v
un deal,сделка,Conclure un <b>deal</b>.,Заключить <b>сделку</b>.,🤝,m
une projection,проекция,Une <b>projection</b> de film.,<b>Показ</b> фильма.,🎬,f
une imitation,имитация,Une <b>imitation</b> parfaite.,Идеальная <b>имитация</b>.,🎭,f
un tournoi,турнир,Un <b>tournoi</b> de tennis.,Теннисный <b>турнир</b>.,🎾,m
une effraction,взлом,Un vol avec <b>effraction</b>.,Кража со <b>взломом</b>.,🔓,f
une exclamation,восклицание,Une <b>exclamation</b> de surprise.,<b>Восклицание</b> удивления.,❗,f
une apocalypse,апокалипсис,L'<b>apocalypse</b> nucléaire.,Ядерный <b>апокалипсис</b>.,💥,f
une fermeté,твёрдость,Avec <b>fermeté</b>.,С <b>твёрдостью</b>.,💪,f
affamer,морить голодом,<b>Affamer</b> le peuple.,<b>Морить голодом</b> народ.,😔,v
un envoi,отправка,Un <b>envoi</b> postal.,Почтовая <b>отправка</b>.,📦,m
un négatif,негатив,Le <b>négatif</b> d'une photo.,<b>Негатив</b> фотографии.,📷,m
une retenue,сдержанность,Avec <b>retenue</b>.,Со <b>сдержанностью</b>.,🤐,f
légendaire,легендарный,Un héros <b>légendaire</b>.,<b>Легендарный</b> герой.,⭐,adj
un cartable,ранец,Un <b>cartable</b> d'écolier.,Школьный <b>ранец</b>.,🎒,m
recoucher,снова укладывать,<b>Recoucher</b> l'enfant.,Снова <b>уложить</b> ребёнка.,🛏️,v
un gramme,грамм,Un <b>gramme</b> de sel.,<b>Грамм</b> соли.,⚖️,m
un occupant,оккупант,Les <b>occupants</b> du pays.,<b>Оккупанты</b> страны.,🪖,m
une approbation,одобрение,Une <b>approbation</b> unanime.,Единогласное <b>одобрение</b>.,👍,f
une huître,устрица,Une <b>huître</b> fraîche.,Свежая <b>устрица</b>.,🦪,f
flirter,флиртовать,<b>Flirter</b> avec quelqu'un.,<b>Флиртовать</b> с кем-то.,💕,v
un aliment,продукт,Un <b>aliment</b> sain.,Здоровый <b>продукт</b>.,🍎,m
noircir,чернить,<b>Noircir</b> du papier.,<b>Исписать</b> бумагу.,📝,v
une marionnette,марионетка,Une <b>marionnette</b> à fils.,<b>Марионетка</b> на нитях.,🎭,f
fracasser,разбивать вдребезги,<b>Fracasser</b> une vitre.,<b>Разбить</b> окно вдребезги.,💥,v
un saumon,лосось,Un <b>saumon</b> fumé.,Копчёный <b>лосось</b>.,🐟,m
intercepter,перехватывать,<b>Intercepter</b> un message.,<b>Перехватить</b> сообщение.,📨,v
une location,аренда,Une <b>location</b> de voiture.,<b>Аренда</b> машины.,🚗,f
une métamorphose,метаморфоза,Une <b>métamorphose</b> totale.,Полная <b>метаморфоза</b>.,🦋,f
taquiner,дразнить,<b>Taquiner</b> son frère.,<b>Дразнить</b> брата.,😜,v
un admirateur,поклонник,Un <b>admirateur</b> secret.,Тайный <b>поклонник</b>.,❤️,m
une actualité,новости,Les <b>actualités</b> du jour.,<b>Новости</b> дня.,📰,f
une confirmation,подтверждение,Une <b>confirmation</b> officielle.,Официальное <b>подтверждение</b>.,✅,f
"relevé, relevée",поднятый,La tête <b>relevée</b>.,<b>Поднятая</b> голова.,⬆️,adj
un volcan,вулкан,Un <b>volcan</b> en éruption.,<b>Вулкан</b> в извержении.,🌋,m
maltraiter,плохо обращаться,<b>Maltraiter</b> un animal.,<b>Плохо обращаться</b> с животным.,😢,v
un pascal,паскаль (единица),La pression en <b>pascals</b>.,Давление в <b>паскалях</b>.,📐,m
alimentaire,пищевой,Une chaîne <b>alimentaire</b>.,<b>Пищевая</b> цепочка.,🍽️,adj
un quotidien,ежедневная газета,Lire le <b>quotidien</b>.,Читать <b>ежедневную газету</b>.,📰,m
un caissier,кассир,Le <b>caissier</b> du supermarché.,<b>Кассир</b> супермаркета.,💵,m
implacable,беспощадный,Un ennemi <b>implacable</b>.,<b>Беспощадный</b> враг.,😤,adj
ranimer,оживлять,<b>Ranimer</b> le feu.,<b>Раздуть</b> огонь.,🔥,v
"parfumé, parfumée",ароматный,Une fleur <b>parfumée</b>.,<b>Ароматный</b> цветок.,🌸,adj
une raclée,взбучка,Prendre une <b>raclée</b>.,Получить <b>взбучку</b>.,👊,f
une syllabe,слог,Une <b>syllabe</b> accentuée.,Ударный <b>слог</b>.,📖,f
électronique,электронный,Un appareil <b>électronique</b>.,<b>Электронное</b> устройство.,📱,adj
un boum,бум,Un <b>boum</b> économique.,Экономический <b>бум</b>.,📈,m
un vice-président,вице-президент,Le <b>vice-président</b> de la société.,<b>Вице-президент</b> компании.,👔,m
"glissant, glissante",скользкий,Un sol <b>glissant</b>.,<b>Скользкий</b> пол.,⚠️,adj
une efficacité,эффективность,Une grande <b>efficacité</b>.,Высокая <b>эффективность</b>.,✅,f
une liasse,пачка,Une <b>liasse</b> de billets.,<b>Пачка</b> купюр.,💵,f
un réconfort,утешение,Trouver du <b>réconfort</b>.,Найти <b>утешение</b>.,🤗,m
belge,бельгийский,Un chocolat <b>belge</b>.,<b>Бельгийский</b> шоколад.,🍫,adj
poindre,появляться,L'aube <b>point</b>.,<b>Забрезжил</b> рассвет.,🌅,v
une abondance,изобилие,Une <b>abondance</b> de fruits.,<b>Изобилие</b> фруктов.,🍇,f
un inventaire,инвентарь,Faire l'<b>inventaire</b>.,Проводить <b>инвентаризацию</b>.,📋,m
un néon,неон,Une enseigne au <b>néon</b>.,<b>Неоновая</b> вывеска.,💡,m
"exigeant, exigeante",требовательный,Un patron <b>exigeant</b>.,<b>Требовательный</b> босс.,📋,adj
un chauffage,отопление,Le <b>chauffage</b> central.,Центральное <b>отопление</b>.,🔥,m
un pieu,кол,Planter un <b>pieu</b>.,Вбить <b>кол</b>.,🪵,m
"lesbien, lesbienne",лесбийский,Un couple <b>lesbien</b>.,<b>Лесбийская</b> пара.,🏳️‍🌈,adj
une utilité,полезность,D'une grande <b>utilité</b>.,Большой <b>пользы</b>.,✅,f
un spaghetti,спагетти,Manger des <b>spaghettis</b>.,Есть <b>спагетти</b>.,🍝,m
picoler,выпивать (разг.),<b>Picoler</b> toute la nuit.,<b>Бухать</b> всю ночь.,🍺,v
gicler,брызгать,Le sang <b>gicle</b>.,Кровь <b>брызжет</b>.,💦,v
une ration,паёк,Une <b>ration</b> de survie.,Аварийный <b>паёк</b>.,🍞,f
un aviateur,лётчик,Un <b>aviateur</b> célèbre.,Знаменитый <b>лётчик</b>.,✈️,m
un gazon,газон,Tondre le <b>gazon</b>.,Стричь <b>газон</b>.,🌱,m
un affût,засада,Être à l'<b>affût</b>.,Быть в <b>засаде</b>.,👀,m
une écaille,чешуя,Les <b>écailles</b> d'un poisson.,<b>Чешуя</b> рыбы.,🐟,f
un lièvre,заяц,Courir comme un <b>lièvre</b>.,Бежать как <b>заяц</b>.,🐰,m
un répondeur,автоответчик,Laisser un message sur le <b>répondeur</b>.,Оставить сообщение на <b>автоответчике</b>.,📞,m
cynique,циничный,Un commentaire <b>cynique</b>.,<b>Циничный</b> комментарий.,😏,adj
un titi,парижский мальчишка,Le <b>titi</b> parisien.,Парижский <b>гаврош</b>.,🧒,m
une corruption,коррупция,La <b>corruption</b> politique.,Политическая <b>коррупция</b>.,💰,f
une rizière,рисовое поле,Une <b>rizière</b> en terrasses.,<b>Рисовое поле</b> террасами.,🌾,f
une aire,площадка,Une <b>aire</b> de repos.,Зона <b>отдыха</b>.,🅿️,f
vénérer,почитать,<b>Vénérer</b> les ancêtres.,<b>Почитать</b> предков.,🙏,v
un pétale,лепесток,Un <b>pétale</b> de rose.,<b>Лепесток</b> розы.,🌹,m
génétique,генетический,Une maladie <b>génétique</b>.,<b>Генетическое</b> заболевание.,🧬,adj
amasser,накапливать,<b>Amasser</b> des richesses.,<b>Накопить</b> богатства.,💰,v
un mac,сутенёр (разг.),Le <b>mac</b> contrôle les filles.,<b>Сутенёр</b> контролирует девушек.,🚫,m
une pourriture,гниль,La <b>pourriture</b> du bois.,<b>Гниль</b> дерева.,🪵,f
"ménager, ménagère",бытовой,Les appareils <b>ménagers</b>.,<b>Бытовые</b> приборы.,🏠,adj
une ferveur,рвение,Avec <b>ferveur</b>.,С <b>рвением</b>.,🔥,f
surpasser,превосходить,<b>Surpasser</b> ses rivaux.,<b>Превзойти</b> соперников.,🏆,v
"écrasé, écrasée",раздавленный,Un insecte <b>écrasé</b>.,<b>Раздавленное</b> насекомое.,🐛,adj
une godasse,ботинок (разг.),Mes vieilles <b>godasses</b>.,Мои старые <b>башмаки</b>.,👟,f
une fugue,побег,Faire une <b>fugue</b>.,Совершить <b>побег</b>.,🏃,f
maintes,многие (ж.р.),<b>Maintes</b> fois.,<b>Много</b> раз.,🔄,adj
une pantoufle,тапочка,Mettre ses <b>pantoufles</b>.,Надеть <b>тапочки</b>.,🥿,f
un tilleul,липа,Un thé au <b>tilleul</b>.,Чай из <b>липы</b>.,🌳,m
une soumission,подчинение,Une <b>soumission</b> totale.,Полное <b>подчинение</b>.,🙇,f
"embarrassant, embarrassante",неловкий,Une situation <b>embarrassante</b>.,<b>Неловкая</b> ситуация.,😳,adj
bronzer,загорать,<b>Bronzer</b> à la plage.,<b>Загорать</b> на пляже.,🏖️,v
une initiale,инициал,Signer de ses <b>initiales</b>.,Подписать <b>инициалами</b>.,✍️,f
une truite,форель,Une <b>truite</b> grillée.,Жареная <b>форель</b>.,🐟,f
un sillon,борозда,Un <b>sillon</b> dans le champ.,<b>Борозда</b> на поле.,🌾,m
légiste,судмедэксперт,Un médecin <b>légiste</b>.,<b>Судмедэксперт</b>.,🔬,m
biologique,биологический,Une agriculture <b>biologique</b>.,<b>Органическое</b> земледелие.,🌱,adj
une lieue,лье,À des <b>lieues</b> d'ici.,За много <b>лье</b> отсюда.,📏,f
ovale,овальный,Un visage <b>ovale</b>.,<b>Овальное</b> лицо.,⭕,adj
trier,сортировать,<b>Trier</b> les déchets.,<b>Сортировать</b> мусор.,♻️,v
"fraternel, fraternelle",братский,Un amour <b>fraternel</b>.,<b>Братская</b> любовь.,🤗,adj
une grue,журавль; кран,Une <b>grue</b> de chantier.,Строительный <b>кран</b>.,🏗️,f
une solidarité,солидарность,Une <b>solidarité</b> nationale.,Национальная <b>солидарность</b>.,🤝,f
injecter,вводить,<b>Injecter</b> un médicament.,<b>Ввести</b> лекарство.,💉,v
déferler,накатывать,Les vagues <b>déferlent</b>.,Волны <b>накатывают</b>.,🌊,v
"argenté, argentée",серебристый,Des cheveux <b>argentés</b>.,<b>Серебристые</b> волосы.,✨,adj
un pare-brise,лобовое стекло,Nettoyer le <b>pare-brise</b>.,Вымыть <b>лобовое стекло</b>.,🚗,m
une miniature,миниатюра,Une <b>miniature</b> ancienne.,Старинная <b>миниатюра</b>.,🖼️,f
une participation,участие,Une <b>participation</b> active.,Активное <b>участие</b>.,🤝,f
administrer,управлять,<b>Administrer</b> une entreprise.,<b>Управлять</b> предприятием.,🏢,v
un maintien,сохранение,Le <b>maintien</b> de l'ordre.,<b>Поддержание</b> порядка.,👮,m
un spectre,призрак,Le <b>spectre</b> de la mort.,<b>Призрак</b> смерти.,👻,m
résulter,вытекать,<b>Résulter</b> de cette décision.,<b>Вытекать</b> из этого решения.,📊,v
un content,довольный (субст.),Faire des <b>contents</b>.,<b>Угодить</b> многим.,😊,m
une malchance,невезение,Quelle <b>malchance</b> !,Какое <b>невезение</b>!,🍀,f
édifier,воздвигать,<b>Édifier</b> un monument.,<b>Воздвигнуть</b> монумент.,🏛️,v
une détention,заключение,Une <b>détention</b> provisoire.,Предварительное <b>заключение</b>.,🔒,f
conforme,соответствующий,<b>Conforme</b> aux normes.,<b>Соответствующий</b> нормам.,✅,adj
"visuel, visuelle",визуальный,Un effet <b>visuel</b>.,<b>Визуальный</b> эффект.,👁️,adj
un western,вестерн,Un <b>western</b> spaghetti.,<b>Спагетти</b>-вестерн.,🤠,m
"distinct, distincte",отчётливый,Un bruit <b>distinct</b>.,<b>Отчётливый</b> шум.,👂,adj
une tribune,трибуна,Monter à la <b>tribune</b>.,Подняться на <b>трибуну</b>.,🎤,f
un romancier,романист,Un grand <b>romancier</b>.,Великий <b>романист</b>.,📚,m
un interdit,запрет,Un <b>interdit</b> religieux.,Религиозный <b>запрет</b>.,🚫,m
une chronique,хроника,Une <b>chronique</b> locale.,Местная <b>хроника</b>.,📰,f
"dévoué, dévouée",преданный,Un ami <b>dévoué</b>.,<b>Преданный</b> друг.,❤️,adj
un ouragan,ураган,Un <b>ouragan</b> dévastateur.,Разрушительный <b>ураган</b>.,🌀,m
un apprentissage,обучение,Un <b>apprentissage</b> difficile.,Трудное <b>обучение</b>.,📚,m
un microbe,микроб,Un <b>microbe</b> dangereux.,Опасный <b>микроб</b>.,🦠,m
"décent, décente",приличный,Un salaire <b>décent</b>.,<b>Приличная</b> зарплата.,💵,adj
rebelle,мятежный,Un esprit <b>rebelle</b>.,<b>Мятежный</b> дух.,✊,adj
un bocal,банка,Un <b>bocal</b> de cornichons.,<b>Банка</b> огурцов.,🥒,m
un bûcheron,дровосек,Un <b>bûcheron</b> canadien.,Канадский <b>лесоруб</b>.,🪓,m
un massif,массив,Un <b>massif</b> montagneux.,Горный <b>массив</b>.,⛰️,m
une dope,наркотик (разг.),Accro à la <b>dope</b>.,Подсел на <b>наркоту</b>.,💊,f
"figé, figée",застывший,Un sourire <b>figé</b>.,<b>Застывшая</b> улыбка.,😬,adj
austère,строгий,Un décor <b>austère</b>.,<b>Строгое</b> убранство.,🏛️,adj
ensevelir,хоронить,<b>Ensevelir</b> les morts.,<b>Хоронить</b> мёртвых.,⚰️,v
"passif, passive",пассивный,Un rôle <b>passif</b>.,<b>Пассивная</b> роль.,😐,adj
pétrir,месить,<b>Pétrir</b> la pâte.,<b>Месить</b> тесто.,🍞,v
un braquage,налёт,Un <b>braquage</b> de banque.,<b>Налёт</b> на банк.,🏦,m
"rigolo, rigolote",забавный,Un type <b>rigolo</b>.,<b>Забавный</b> тип.,😄,adj
un vautour,гриф,Un <b>vautour</b> affamé.,Голодный <b>гриф</b>.,🦅,m
"boueux, boueuse",грязный,Un chemin <b>boueux</b>.,<b>Грязная</b> дорога.,🛤️,adj
grisâtre,сероватый,Un ciel <b>grisâtre</b>.,<b>Сероватое</b> небо.,☁️,adj
mâle,мужской,Un animal <b>mâle</b>.,<b>Самец</b> животного.,🦁,adj
une arête,рёбро; грань,L'<b>arête</b> du nez.,<b>Спинка</b> носа.,👃,f
la plupart de,большинство,<b>La plupart de</b> mes amis.,<b>Большинство</b> моих друзей.,👥,adj
un gâchis,расточительство,Quel <b>gâchis</b> !,Какое <b>расточительство</b>!,😔,m
tapir,прятаться,Se <b>tapir</b> dans l'ombre.,<b>Притаиться</b> в тени.,👀,v
"vêtu, vêtue",одетый,<b>Vêtu</b> de noir.,<b>Одетый</b> в чёрное.,🧥,adj
méprendre,ошибаться,Se <b>méprendre</b> sur quelqu'un.,<b>Ошибаться</b> в ком-то.,🤔,v
une séduction,соблазн,L'art de la <b>séduction</b>.,Искусство <b>соблазнения</b>.,💕,f
"flagrant, flagrante",явный,Un délit <b>flagrant</b>.,<b>Явное</b> правонарушение.,⚠️,adj
un pique-nique,пикник,Faire un <b>pique-nique</b>.,Устроить <b>пикник</b>.,🧺,m
une exploitation,эксплуатация,L'<b>exploitation</b> des terres.,<b>Эксплуатация</b> земель.,🌾,f
tinter,звенеть,Les cloches <b>tintent</b>.,Колокола <b>звенят</b>.,🔔,v
une lagune,лагуна,Une <b>lagune</b> tropicale.,Тропическая <b>лагуна</b>.,🏝️,f
enivrer,опьянять,S'<b>enivrer</b> de vin.,<b>Опьянеть</b> от вина.,🍷,v
un osier,ива,Un panier en <b>osier</b>.,Корзина из <b>ивы</b>.,🧺,m
un compteur,счётчик,Le <b>compteur</b> électrique.,Электрический <b>счётчик</b>.,⚡,m
un jésus,Иисус; младенец,Le petit <b>Jésus</b>.,Младенец <b>Иисус</b>.,👶,m
un meeting,митинг,Un <b>meeting</b> politique.,Политический <b>митинг</b>.,📢,m
un cortex,кора (мозга),Le <b>cortex</b> cérébral.,Мозговая <b>кора</b>.,🧠,m
un z,буква Z,Le mot finit par un <b>z</b>.,Слово заканчивается на <b>z</b>.,🔤,m
"indécis, indécise",нерешительный,Un caractère <b>indécis</b>.,<b>Нерешительный</b> характер.,🤷,adj
une trompe,хобот,La <b>trompe</b> de l'éléphant.,<b>Хобот</b> слона.,🐘,f
un atout,козырь,Un <b>atout</b> majeur.,Главный <b>козырь</b>.,🃏,m
une chimie,химия,Un cours de <b>chimie</b>.,Урок <b>химии</b>.,🧪,f
relax,расслабленный,Rester <b>relax</b>.,Оставаться <b>расслабленным</b>.,😎,adj
un accessoire,аксессуар,Un <b>accessoire</b> de mode.,Модный <b>аксессуар</b>.,👜,m
un bourdonnement,жужжание,Le <b>bourdonnement</b> des abeilles.,<b>Жужжание</b> пчёл.,🐝,m
un rédacteur,редактор,Le <b>rédacteur</b> en chef.,<b>Главный редактор</b>.,📝,m
parfumer,ароматизировать,<b>Parfumer</b> une pièce.,<b>Ароматизировать</b> комнату.,🌸,v
combiner,комбинировать,<b>Combiner</b> les couleurs.,<b>Комбинировать</b> цвета.,🎨,v
régir,управлять,<b>Régir</b> un domaine.,<b>Управлять</b> имением.,👑,v
"troublant, troublante",волнующий,Une beauté <b>troublante</b>.,<b>Волнующая</b> красота.,😍,adj
une miche,буханка,Une <b>miche</b> de pain.,<b>Буханка</b> хлеба.,🍞,f
grimacer,гримасничать,<b>Grimacer</b> de douleur.,<b>Гримасничать</b> от боли.,😣,v
"immobilier, immobilière",недвижимый,L'agent <b>immobilier</b>.,Агент по <b>недвижимости</b>.,🏠,adj
"éveillé, éveillée",пробуждённый,Un enfant <b>éveillé</b>.,<b>Смышлёный</b> ребёнок.,🧒,adj
léguer,завещать,<b>Léguer</b> ses biens.,<b>Завещать</b> имущество.,📜,v
un juron,ругательство,Un <b>juron</b> grossier.,Грубое <b>ругательство</b>.,🤬,m
choir,падать,<b>Choir</b> par terre.,<b>Упасть</b> на землю.,⬇️,v
"imprévu, imprévue",непредвиденный,Une dépense <b>imprévue</b>.,<b>Непредвиденный</b> расход.,💸,adj
"contagieux, contagieuse",заразный,Une maladie <b>contagieuse</b>.,<b>Заразная</b> болезнь.,🦠,adj
écorcher,сдирать,<b>Écorcher</b> un lapin.,<b>Освежевать</b> кролика.,🔪,v
symbolique,символический,Un geste <b>symbolique</b>.,<b>Символический</b> жест.,🎭,adj
un périmètre,периметр,Le <b>périmètre</b> de sécurité.,<b>Периметр</b> безопасности.,📏,m
restituer,возвращать,<b>Restituer</b> un objet volé.,<b>Вернуть</b> украденный предмет.,🔙,v
une prostitution,проституция,La <b>prostitution</b> légale.,Легальная <b>проституция</b>.,⚠️,f
un concurrent,конкурент,Un <b>concurrent</b> redoutable.,Грозный <b>конкурент</b>.,🏃,m
une véranda,веранда,Prendre le thé sur la <b>véranda</b>.,Пить чай на <b>веранде</b>.,🏡,f
une bourre,набивка; спешка,Être à la <b>bourre</b>.,Быть в <b>запарке</b>.,⏰,f
un motard,мотоциклист,Un <b>motard</b> de la police.,Полицейский <b>мотоциклист</b>.,🏍️,m
une taverne,таверна,Une vieille <b>taverne</b>.,Старая <b>таверна</b>.,🍺,f
"réservé, réservée",сдержанный,Un homme <b>réservé</b>.,<b>Сдержанный</b> человек.,🤐,adj
un sillage,кильватер,Dans le <b>sillage</b> du navire.,В <b>кильватере</b> корабля.,🚢,m
une madone,мадонна,Une <b>madone</b> de Raphaël.,<b>Мадонна</b> Рафаэля.,🖼️,f
"coloré, colorée",красочный,Un dessin <b>coloré</b>.,<b>Красочный</b> рисунок.,🎨,adj
programmer,программировать,<b>Programmer</b> un ordinateur.,<b>Программировать</b> компьютер.,💻,v
une lande,пустошь,Une <b>lande</b> sauvage.,Дикая <b>пустошь</b>.,🌿,f
une fatalité,неизбежность,C'est la <b>fatalité</b>.,Это <b>неизбежность</b>.,😔,f
une pétasse,тёлка (груб.),Quelle <b>pétasse</b> !,Какая <b>тёлка</b>! (груб.),🤬,f
un orgue,орган,Jouer de l'<b>orgue</b>.,Играть на <b>органе</b>.,🎹,m
un raccourci,сокращение,Prendre un <b>raccourci</b>.,Срезать путь.,🛤️,m
un emballage,упаковка,Un <b>emballage</b> recyclable.,Перерабатываемая <b>упаковка</b>.,📦,m
un scanner,сканер,Passer un <b>scanner</b>.,Пройти <b>томографию</b>.,🏥,m
une hygiène,гигиена,L'<b>hygiène</b> corporelle.,Личная <b>гигиена</b>.,🚿,f
un trot,рысь,Aller au <b>trot</b>.,Идти <b>рысью</b>.,🐎,m
une digue,дамба,Une <b>digue</b> contre les inondations.,<b>Дамба</b> от наводнений.,🌊,f
allergique,аллергический,Une réaction <b>allergique</b>.,<b>Аллергическая</b> реакция.,🤧,adj
primaire,начальный,Une école <b>primaire</b>.,<b>Начальная</b> школа.,🏫,adj
"élu, élue",избранный,Le président <b>élu</b>.,<b>Избранный</b> президент.,🗳️,adj
"penché, penchée",наклонённый,La tour <b>penchée</b>.,<b>Падающая</b> башня.,🗼,adj
un verbe,глагол,Conjugue ce <b>verbe</b>.,Проспрягай этот <b>глагол</b>.,📝,m
une loque,лохмотья,Être en <b>loques</b>.,Быть в <b>лохмотьях</b>.,👕,f
une pioche,кирка,Une <b>pioche</b> de mineur.,<b>Кирка</b> шахтёра.,⛏️,f
varier,варьировать,Les prix <b>varient</b>.,Цены <b>варьируются</b>.,📊,v
un parfait,совершенство; парфе,Le <b>parfait</b> au chocolat.,Шоколадное <b>парфе</b>.,🍨,m
"troublé, troublée",встревоженный,Un air <b>troublé</b>.,<b>Встревоженный</b> вид.,😟,adj
haleter,тяжело дышать,<b>Haleter</b> après la course.,<b>Тяжело дышать</b> после бега.,😮‍💨,v
un sculpteur,скульптор,Un <b>sculpteur</b> célèbre.,Знаменитый <b>скульптор</b>.,🗿,m
une paperasse,бумажная волокита,Des <b>paperasses</b> administratives.,Административная <b>волокита</b>.,📄,f
une transformation,преобразование,Une <b>transformation</b> radicale.,Радикальное <b>преобразование</b>.,🔄,f
un capot,капот,Ouvrir le <b>capot</b>.,Открыть <b>капот</b>.,🚗,m
un opérateur,оператор,Un <b>opérateur</b> téléphonique.,Телефонный <b>оператор</b>.,📞,m
un orgasme,оргазм,Avoir un <b>orgasme</b>.,Испытать <b>оргазм</b>.,💥,m
un mulet,мул,Un <b>mulet</b> têtu.,Упрямый <b>мул</b>.,🫏,m
une ancre,якорь,Jeter l'<b>ancre</b>.,Бросить <b>якорь</b>.,⚓,f
"hésitant, hésitante",колеблющийся,D'un pas <b>hésitant</b>.,<b>Нерешительным</b> шагом.,🚶,adj
un sanctuaire,святилище,Un <b>sanctuaire</b> sacré.,Священное <b>святилище</b>.,⛪,m
engourdir,онемевать,Mes doigts s'<b>engourdissent</b>.,Мои пальцы <b>немеют</b>.,🥶,v
vainqueur,победитель,Le <b>vainqueur</b> de la course.,<b>Победитель</b> гонки.,🏆,adj
un pervers,извращенец,Un <b>pervers</b> sexuel.,Сексуальный <b>извращенец</b>.,⚠️,m
planifier,планировать,<b>Planifier</b> un voyage.,<b>Планировать</b> поездку.,📅,v
un radiateur,радиатор,Allumer le <b>radiateur</b>.,Включить <b>радиатор</b>.,🔥,m
"impérieux, impérieuse",властный,Un ton <b>impérieux</b>.,<b>Властный</b> тон.,👑,adj
un montage,монтаж,Le <b>montage</b> d'un film.,<b>Монтаж</b> фильма.,🎬,m
une finesse,тонкость,La <b>finesse</b> de l'analyse.,<b>Тонкость</b> анализа.,🧠,f
une marraine,крёстная мать,C'est ma <b>marraine</b>.,Это моя <b>крёстная</b>.,🙏,f
sixième,шестой,Le <b>sixième</b> sens.,<b>Шестое</b> чувство.,6️⃣,adj
un bouffon,шут,Le <b>bouffon</b> du roi.,<b>Шут</b> короля.,🤡,m
un bungalow,бунгало,Un <b>bungalow</b> au bord de la mer.,<b>Бунгало</b> на берегу моря.,🏖️,m
un conduit,канал,Un <b>conduit</b> d'aération.,Вентиляционный <b>канал</b>.,🌬️,m
une malice,лукавство,Avec <b>malice</b>.,С <b>лукавством</b>.,😏,f
dévouer,посвящать,Se <b>dévouer</b> à une cause.,<b>Посвятить</b> себя делу.,❤️,v
une fraternité,братство,La <b>fraternité</b> des armes.,Боевое <b>братство</b>.,🤝,f
palpiter,трепетать,Mon cœur <b>palpite</b>.,Моё сердце <b>трепещет</b>.,💓,v
une usure,износ,L'<b>usure</b> du temps.,<b>Износ</b> временем.,⏰,f
un pharmacien,фармацевт,Le <b>pharmacien</b> de garde.,Дежурный <b>фармацевт</b>.,💊,m
"ambigu, ambiguë",двусмысленный,Une réponse <b>ambiguë</b>.,<b>Двусмысленный</b> ответ.,🤔,adj
un accouchement,роды,Un <b>accouchement</b> difficile.,Тяжёлые <b>роды</b>.,👶,m
un break,перерыв,Prendre un <b>break</b>.,Сделать <b>перерыв</b>.,☕,m
"affolé, affolée",обезумевший,Des gens <b>affolés</b>.,<b>Обезумевшие</b> люди.,😱,adj
un min,минута (сокр.),Attends une <b>min</b>.,Подожди <b>минуту</b>.,⏱️,m
un gène,ген,Un <b>gène</b> défectueux.,Дефектный <b>ген</b>.,🧬,m
un central,центральный (субст.),Le <b>central</b> téléphonique.,Телефонный <b>коммутатор</b>.,📞,m
docile,послушный,Un chien <b>docile</b>.,<b>Послушная</b> собака.,🐕,adj
souder,сваривать,<b>Souder</b> deux pièces.,<b>Сварить</b> две детали.,🔧,v
rétrécir,сужать,<b>Rétrécir</b> un pantalon.,<b>Ушить</b> брюки.,👖,v
un flocon,хлопья,Un <b>flocon</b> de neige.,<b>Снежинка</b>.,❄️,m
un haut-parleur,громкоговоритель,Parler dans le <b>haut-parleur</b>.,Говорить в <b>громкоговоритель</b>.,📢,m
une rigolade,хохот,Quelle <b>rigolade</b> !,Какой <b>хохот</b>!,😂,f
un sofa,софа,Se coucher sur le <b>sofa</b>.,Лечь на <b>софу</b>.,🛋️,m
porno,порнографический,Un film <b>porno</b>.,<b>Порнографический</b> фильм.,🔞,adj
bourdonner,жужжать,Les abeilles <b>bourdonnent</b>.,Пчёлы <b>жужжат</b>.,🐝,v
une évacuation,эвакуация,Une <b>évacuation</b> d'urgence.,Срочная <b>эвакуация</b>.,🚨,f
"bourré, bourrée",набитый,<b>Bourré</b> de fautes.,<b>Набитый</b> ошибками.,📝,adj
"immaculé, immaculée",безупречный,Une réputation <b>immaculée</b>.,<b>Безупречная</b> репутация.,✨,adj
un ragot,сплетня,Répandre des <b>ragots</b>.,Распространять <b>сплетни</b>.,🗣️,m
un surplus,излишек,Un <b>surplus</b> de marchandises.,<b>Излишек</b> товаров.,📦,m
une natte,коса (причёска),Faire une <b>natte</b>.,Заплести <b>косу</b>.,💇‍♀️,f
assembler,собирать,<b>Assembler</b> les pièces.,<b>Собрать</b> детали.,🔧,v
un mirage,мираж,Un <b>mirage</b> dans le désert.,<b>Мираж</b> в пустыне.,🏜️,m
"compact, compacte",компактный,Un appareil <b>compact</b>.,<b>Компактный</b> прибор.,📷,adj
"amateur, amatrice",любительский,Un photographe <b>amateur</b>.,<b>Фотограф</b>-любитель.,📸,adj
un bip,сигнал,Le <b>bip</b> du téléphone.,<b>Сигнал</b> телефона.,📱,m
une niche,будка,La <b>niche</b> du chien.,<b>Будка</b> собаки.,🏠,f
"annuel, annuelle",ежегодный,Un rapport <b>annuel</b>.,<b>Ежегодный</b> отчёт.,📊,adj
"fiévreux, fiévreuse",лихорадочный,Un état <b>fiévreux</b>.,<b>Лихорадочное</b> состояние.,🤒,adj
un homard,лобстер,Un <b>homard</b> grillé.,Жареный <b>лобстер</b>.,🦞,m
un éloge,хвала,Faire l'<b>éloge</b> de quelqu'un.,<b>Хвалить</b> кого-то.,👏,m
une plombière,сантехник (ж.р.),La <b>plombière</b> répare les tuyaux.,<b>Сантехник</b> чинит трубы.,🔧,f
éclabousser,забрызгивать,<b>Éclabousser</b> de boue.,<b>Забрызгать</b> грязью.,💦,v
affaisser,оседать,Le mur s'<b>affaisse</b>.,Стена <b>оседает</b>.,🧱,v
"coincé, coincée",зажатый,Je suis <b>coincé</b>.,Я <b>застрял</b>.,😫,adj
un institut,институт,Un <b>institut</b> de recherche.,Научно-исследовательский <b>институт</b>.,🏛️,m
un plombier,сантехник,Appeler le <b>plombier</b>.,Вызвать <b>сантехника</b>.,🔧,m
un sursis,отсрочка,Un <b>sursis</b> d'exécution.,<b>Отсрочка</b> исполнения.,⏰,m
prodiguer,расточать,<b>Prodiguer</b> des conseils.,<b>Расточать</b> советы.,💬,v
saper,подрывать,<b>Saper</b> le moral.,<b>Подрывать</b> моральный дух.,💥,v
une bride,узда,Tenir la <b>bride</b>.,Держать <b>узду</b>.,🐴,f
une senteur,аромат,Une <b>senteur</b> de jasmin.,<b>Аромат</b> жасмина.,🌸,f
un laser,лазер,Un rayon <b>laser</b>.,<b>Лазерный</b> луч.,✨,m
un égoïsme,эгоизм,Un <b>égoïsme</b> flagrant.,Явный <b>эгоизм</b>.,😤,m
un sot,глупец,Quel <b>sot</b> !,Какой <b>глупец</b>!,🤦,m
étinceler,искриться,Les diamants <b>étincellent</b>.,Бриллианты <b>искрятся</b>.,💎,v
"compréhensif, compréhensive",понимающий,Un patron <b>compréhensif</b>.,<b>Понимающий</b> начальник.,🤗,adj
un parlement,парламент,Le <b>parlement</b> européen.,Европейский <b>парламент</b>.,🏛️,m
"enveloppé, enveloppée",обёрнутый,<b>Enveloppé</b> de brume.,<b>Окутанный</b> туманом.,🌫️,adj
un goudron,дёготь,Le <b>goudron</b> de la route.,<b>Гудрон</b> дороги.,🛣️,m
une gamme,гамма,Une large <b>gamme</b> de produits.,Широкая <b>гамма</b> продуктов.,🎹,f
une tournure,оборот,Une <b>tournure</b> de phrase.,<b>Оборот</b> речи.,📝,f
oblique,косой,Une ligne <b>oblique</b>.,<b>Косая</b> линия.,📐,adj
une emmerde,проблема (разг.),Quelle <b>emmerde</b> !,Какой <b>геморрой</b>!,😤,f
un sida,СПИД,Le virus du <b>sida</b>.,Вирус <b>СПИДа</b>.,🏥,m
un laurier,лавр,Une feuille de <b>laurier</b>.,<b>Лавровый</b> лист.,🌿,m
"distant, distante",отстранённый,Un air <b>distant</b>.,<b>Отстранённый</b> вид.,😐,adj
futile,пустой,Une conversation <b>futile</b>.,<b>Пустой</b> разговор.,💬,adj
"prétentieux, prétentieuse",претенциозный,Un style <b>prétentieux</b>.,<b>Претенциозный</b> стиль.,😤,adj
un éternel,вечное; бессмертное,L'<b>éternel</b> féminin.,<b>Вечное</b> женское.,♾️,m
une diversion,отвлечение,Créer une <b>diversion</b>.,Создать <b>отвлечение</b>.,🎯,f
languir,томиться; тосковать,<b>Languir</b> d'amour.,<b>Томиться</b> от любви.,💔,v
niquer,трахать (груб.),<b>Nique</b> ta mère ! (insulte),Иди к чёрту! (груб.),🤬,v
or,однако; итак,"<b>Or</b>, il a refusé.",<b>Однако</b> он отказался.,⚠️,adj
une sève,сок (растения),La <b>sève</b> monte.,<b>Сок</b> поднимается.,🌳,f
une épouvante,ужас,Un film d'<b>épouvante</b>.,Фильм <b>ужасов</b>.,👻,f
doucher,принимать душ,Se <b>doucher</b> vite.,Быстро <b>принять душ</b>.,🚿,v
invraisemblable,неправдоподобный,Une histoire <b>invraisemblable</b>.,<b>Неправдоподобная</b> история.,🤔,adj
"satané, satanée",чёртов,Ce <b>satané</b> téléphone !,Этот <b>чёртов</b> телефон!,😤,adj
saccager,громить,<b>Saccager</b> un magasin.,<b>Разгромить</b> магазин.,💥,v
un gaulois,галл,Un ancien <b>Gaulois</b>.,Древний <b>галл</b>.,⚔️,m
"privilégié, privilégiée",привилегированный,Un accès <b>privilégié</b>.,<b>Привилегированный</b> доступ.,⭐,adj
"courtois, courtoise",учтивый,Un homme <b>courtois</b>.,<b>Учтивый</b> человек.,🎩,adj
contradictoire,противоречивый,Des informations <b>contradictoires</b>.,<b>Противоречивая</b> информация.,↔️,adj
un granit,гранит,Un mur en <b>granit</b>.,Стена из <b>гранита</b>.,🪨,m
une frayeur,испуг,Une grande <b>frayeur</b>.,Большой <b>испуг</b>.,😱,f
une orientation,ориентация,L'<b>orientation</b> professionnelle.,Профессиональная <b>ориентация</b>.,🧭,f
"horizontal, horizontale",горизонтальный,Une ligne <b>horizontale</b>.,<b>Горизонтальная</b> линия.,➡️,adj
une morphine,морфин,Une injection de <b>morphine</b>.,Инъекция <b>морфина</b>.,💉,f
une verdure,зелень,La <b>verdure</b> du parc.,<b>Зелень</b> парка.,🌿,f
une vipère,гадюка,Une <b>vipère</b> venimeuse.,Ядовитая <b>гадюка</b>.,🐍,f
"soigné, soignée",ухоженный,Un jardin <b>soigné</b>.,<b>Ухоженный</b> сад.,🌺,adj
"cinglé, cinglée",чокнутый,Il est <b>cinglé</b>.,Он <b>чокнутый</b>.,🤪,adj
une palme,пальмовая ветвь,La <b>palme</b> d'or.,Золотая <b>пальмовая ветвь</b>.,🏆,f
diverses,различные (ж.р.),De <b>diverses</b> manières.,<b>Различными</b> способами.,🔀,adj
"raffiné, raffinée",утончённый,Un goût <b>raffiné</b>.,<b>Утончённый</b> вкус.,🎩,adj
"défait, défaite",расстроенный,Un air <b>défait</b>.,<b>Расстроенный</b> вид.,😔,adj
muter,переводить,<b>Muter</b> un fonctionnaire.,<b>Перевести</b> чиновника.,👔,v
une alimentation,питание,Une <b>alimentation</b> saine.,Здоровое <b>питание</b>.,🥗,f
une sainteté,святость,Sa <b>Sainteté</b> le Pape.,Его <b>Святейшество</b> Папа.,⛪,f
une nuée,туча,Une <b>nuée</b> d'oiseaux.,<b>Туча</b> птиц.,🐦,f
un cinquante,пятидесятка,Un billet de <b>cinquante</b>.,Купюра в <b>пятьдесят</b>.,💵,m
un guet,караул,Être au <b>guet</b>.,Быть в <b>карауле</b>.,👀,m
une pisse,моча (груб.),Ça sent la <b>pisse</b>.,Пахнет <b>мочой</b>.,🚽,f
homo,гомосексуальный,Un couple <b>homo</b>.,<b>Гомосексуальная</b> пара.,🏳️‍🌈,adj
une complaisance,услужливость,Par <b>complaisance</b>.,Из <b>услужливости</b>.,🙂,f
tapisser,обивать,<b>Tapisser</b> les murs.,<b>Оклеить</b> стены.,🏠,v
une braguette,ширинка,La <b>braguette</b> du pantalon.,<b>Ширинка</b> брюк.,👖,f
"inaperçu, inaperçue",незамеченный,Passer <b>inaperçu</b>.,Пройти <b>незамеченным</b>.,👻,adj
un sous-vêtement,нижнее бельё,Des <b>sous-vêtements</b> propres.,Чистое <b>нижнее бельё</b>.,👙,m
un croc,клык,Les <b>crocs</b> du loup.,<b>Клыки</b> волка.,🐺,m
une thune,деньги (разг.),Avoir de la <b>thune</b>.,Иметь <b>бабки</b>.,💵,f
un chanoine,каноник,Le <b>chanoine</b> prie.,<b>Каноник</b> молится.,⛪,m
"coté, cotée",котируемый; оценённый,Une entreprise <b>cotée</b> en bourse.,<b>Котируемая</b> на бирже компания.,📈,adj
recoudre,зашивать; сшивать,<b>Recoudre</b> un bouton.,<b>Пришить</b> пуговицу.,🧵,v
un calmant,успокоительное,Prendre un <b>calmant</b>.,Принять <b>успокоительное</b>.,💊,m
une charogne,падаль,Une <b>charogne</b> puante.,Вонючая <b>падаль</b>.,🦅,f
une mutation,перестановка,Une <b>mutation</b> génétique.,Генетическая <b>мутация</b>.,🧬,f
Notre-Dame,Богоматерь,La cathédrale <b>Notre-Dame</b>.,Собор <b>Нотр-Дам</b>.,⛪,f
une pagaille,беспорядок,Quelle <b>pagaille</b> !,Какой <b>бардак</b>!,🗑️,f
un tracteur,трактор,Un vieux <b>tracteur</b>.,Старый <b>трактор</b>.,🚜,m
un brun,шатен,Un beau <b>brun</b>.,Красивый <b>шатен</b>.,👨,m
une carriole,телега,Une vieille <b>carriole</b>.,Старая <b>телега</b>.,🐴,f
tortiller,крутить,<b>Tortiller</b> une mèche.,<b>Крутить</b> прядь.,💇,v
mendier,просить милостыню,<b>Mendier</b> dans la rue.,<b>Просить милостыню</b> на улице.,🙏,v
un cachot,темница,Un sombre <b>cachot</b>.,Тёмная <b>темница</b>.,🔒,m
une broche,брошь,Une <b>broche</b> en or.,Золотая <b>брошь</b>.,💎,f
visser,прикручивать,<b>Visser</b> une planche.,<b>Прикрутить</b> доску.,🔩,v
un poivre,перец,Du <b>poivre</b> noir.,Чёрный <b>перец</b>.,🌶️,m
marteler,отчеканивать,<b>Marteler</b> ses mots.,<b>Отчеканивать</b> слова.,🔨,v
un louis,луидор (монета),Un <b>louis</b> d'or.,<b>Луидор</b>.,🪙,m
suspecter,подозревать,<b>Suspecter</b> quelqu'un.,<b>Подозревать</b> кого-то.,🤔,v
un ménager,домохозяин,Le travail <b>ménager</b>.,<b>Домашняя</b> работа.,🏠,m
dupe,обманутый,Ne pas être <b>dupe</b>.,Не быть <b>обманутым</b>.,👀,adj
un faisceau,пучок,Un <b>faisceau</b> de lumière.,<b>Пучок</b> света.,💡,m
un va-et-vient,хождение,Un <b>va-et-vient</b> constant.,Постоянное <b>хождение</b>.,🚶,m
un satin,атлас,Une robe en <b>satin</b>.,Платье из <b>атласа</b>.,👗,m
un extrême,крайность,Aller d'un <b>extrême</b> à l'autre.,Бросаться из <b>крайности</b> в крайность.,↔️,m
décapiter,обезглавливать,<b>Décapiter</b> un roi.,<b>Обезглавить</b> короля.,👑,v
un déguisement,маскарадный костюм,Un <b>déguisement</b> de pirate.,<b>Костюм</b> пирата.,🎭,m
un costard,костюм (разг.),Un beau <b>costard</b>.,Красивый <b>костюм</b>.,🤵,m
un crack,ас; крэк,Un <b>crack</b> en informatique.,<b>Ас</b> в информатике.,💻,m
un boulet,ядро,Un <b>boulet</b> de canon.,Пушечное <b>ядро</b>.,💣,m
foudroyer,поражать,<b>Foudroyer</b> du regard.,<b>Испепелить</b> взглядом.,⚡,v
une moisson,урожай,La <b>moisson</b> du blé.,<b>Урожай</b> пшеницы.,🌾,f
arpenter,мерить шагами,<b>Arpenter</b> la pièce.,<b>Мерить шагами</b> комнату.,🚶,v
une identification,идентификация,L'<b>identification</b> du suspect.,<b>Идентификация</b> подозреваемого.,🔍,f
un flux,поток,Le <b>flux</b> d'informations.,<b>Поток</b> информации.,📊,m
un rouble,рубль,Payer en <b>roubles</b>.,Платить в <b>рублях</b>.,💵,m
une belle-mère,тёща; свекровь; мачеха,C'est ma <b>belle-mère</b>.,Это моя <b>тёща</b>.,👩,f
une héritière,наследница,C'est l'<b>héritière</b>.,Это <b>наследница</b>.,👑,f
une moelle,мозг (костный),La <b>moelle</b> épinière.,Спинной <b>мозг</b>.,🧠,f
un ronflement,храп,Le <b>ronflement</b> du dormeur.,<b>Храп</b> спящего.,😴,m
une métropole,метрополия,Une grande <b>métropole</b>.,Большая <b>метрополия</b>.,🏙️,f
terroriste,террористический,Un attentat <b>terroriste</b>.,<b>Террористический</b> теракт.,⚠️,adj
un banquet,банкет,Un <b>banquet</b> de mariage.,Свадебный <b>банкет</b>.,🍽️,m
lamenter,оплакивать,Se <b>lamenter</b> sur son sort.,<b>Оплакивать</b> свою судьбу.,😢,v
une pâleur,бледность,Une <b>pâleur</b> mortelle.,Мертвенная <b>бледность</b>.,😨,f
un manger,еда; пища,Le boire et le <b>manger</b>.,Питьё и <b>еда</b>.,🍽️,m
un îlot,островок,Un <b>îlot</b> de verdure.,<b>Островок</b> зелени.,🏝️,m
un store,жалюзи,Baisser le <b>store</b>.,Опустить <b>жалюзи</b>.,🪟,m
un guéridon,столик,Un <b>guéridon</b> rond.,Круглый <b>столик</b>.,🪑,m
"sujet, sujette",подверженный,<b>Sujet</b> aux migraines.,<b>Подверженный</b> мигреням.,🤕,adj
un révérend,преподобный,Le <b>révérend</b> père.,<b>Преподобный</b> отец.,⛪,m
une semence,семя,Les <b>semences</b> de blé.,<b>Семена</b> пшеницы.,🌱,f
"renversé, renversée",опрокинутый,Un verre <b>renversé</b>.,<b>Опрокинутый</b> стакан.,🥛,adj
une croisade,крестовый поход,Une <b>croisade</b> médiévale.,Средневековый <b>крестовый поход</b>.,⚔️,f
avorter,делать аборт,<b>Avorter</b> un projet.,<b>Прервать</b> проект.,❌,v
"attirant, attirante",притягательный,Une femme <b>attirante</b>.,<b>Притягательная</b> женщина.,💃,adj
confisquer,конфисковать,<b>Confisquer</b> des biens.,<b>Конфисковать</b> имущество.,🔒,v
"défunt, défunte",покойный,Mon <b>défunt</b> père.,Мой <b>покойный</b> отец.,🕯️,adj
"exclusif, exclusive",эксклюзивный,Une interview <b>exclusive</b>.,<b>Эксклюзивное</b> интервью.,⭐,adj
pomper,качать,<b>Pomper</b> de l'eau.,<b>Качать</b> воду.,💧,v
débrancher,отключать,<b>Débrancher</b> l'appareil.,<b>Отключить</b> прибор.,🔌,v
un maçon,каменщик,Un <b>maçon</b> qualifié.,Квалифицированный <b>каменщик</b>.,🧱,m
une brousse,буш,La <b>brousse</b> africaine.,Африканский <b>буш</b>.,🌿,f
"voûté, voûtée",сутулый,Un dos <b>voûté</b>.,<b>Сутулая</b> спина.,🚶,adj
"condamné, condamnée",осуждённый,Un <b>condamné</b> à mort.,<b>Приговорённый</b> к смерти.,⚖️,adj
instable,неустойчивый,Un équilibre <b>instable</b>.,<b>Неустойчивое</b> равновесие.,⚖️,adj
un festin,пир,Un <b>festin</b> royal.,Королевский <b>пир</b>.,🍗,m
un élu,избранник,L'<b>élu</b> du peuple.,<b>Избранник</b> народа.,🗳️,m
"rangé, rangée",упорядоченный,Une vie <b>rangée</b>.,<b>Размеренная</b> жизнь.,📋,adj
un parisien,парижанин,Un vrai <b>Parisien</b>.,Настоящий <b>парижанин</b>.,🗼,m
une racaille,сброд,Une bande de <b>racaille</b>.,Банда <b>сброда</b>.,😤,f
une mention,упоминание,Une <b>mention</b> honorable.,Почётное <b>упоминание</b>.,📋,f
un faucon,сокол,Un <b>faucon</b> pèlerin.,<b>Сокол</b>-сапсан.,🦅,m
"manuel, manuelle",ручной,Un travail <b>manuel</b>.,<b>Ручной</b> труд.,🤲,adj
un cookie,печенье,Un <b>cookie</b> au chocolat.,Шоколадное <b>печенье</b>.,🍪,m
une escale,остановка,Faire <b>escale</b>.,Сделать <b>остановку</b>.,✈️,f
"suédois, suédoise",шведский,La cuisine <b>suédoise</b>.,<b>Шведская</b> кухня.,🇸🇪,adj
un chercheur,исследователь,Un <b>chercheur</b> en biologie.,<b>Исследователь</b>-биолог.,🔬,m
une cime,вершина,La <b>cime</b> des arbres.,<b>Вершина</b> деревьев.,🌲,f
un déluge,потоп,Un <b>déluge</b> de pluie.,<b>Потоп</b> дождя.,🌧️,m
un orphelinat,приют,Un <b>orphelinat</b> pour enfants.,Детский <b>приют</b>.,🏠,m
un européen,европеец,Un <b>Européen</b> typique.,Типичный <b>европеец</b>.,🇪🇺,m
alléger,облегчать,<b>Alléger</b> la charge.,<b>Облегчить</b> нагрузку.,⬇️,v
incendier,поджигать,<b>Incendier</b> un bâtiment.,<b>Поджечь</b> здание.,🔥,v
une limace,слизняк,Une <b>limace</b> dans le jardin.,<b>Слизняк</b> в саду.,🐌,f
"fleuri, fleurie",цветущий,Un jardin <b>fleuri</b>.,<b>Цветущий</b> сад.,🌸,adj
ouïr,слышать,<b>Ouïr</b> des voix.,<b>Слышать</b> голоса.,👂,v
une pochette,карман,Une <b>pochette</b> de costume.,<b>Нагрудный платок</b>.,👔,f
"traître, traîtresse",предательский,Un coup <b>traître</b>.,<b>Предательский</b> удар.,🗡️,adj
une présidence,президентство,La <b>présidence</b> du pays.,<b>Президентство</b> страны.,🏛️,f
un paillasse,паяц; клоун,Faire le <b>paillasse</b>.,Паясничать.,🤡,m
un autocar,автобус,Un <b>autocar</b> de tourisme.,Туристический <b>автобус</b>.,🚌,m
un détecteur,детектор,Un <b>détecteur</b> de fumée.,<b>Детектор</b> дыма.,🔥,m
une multitude,множество,Une <b>multitude</b> de gens.,<b>Множество</b> людей.,👥,f
un if,тис (дерево),L'<b>if</b> est toxique.,<b>Тис</b> ядовит.,🌲,m
agricole,сельскохозяйственный,Un terrain <b>agricole</b>.,<b>Сельскохозяйственные</b> угодья.,🚜,adj
inculper,обвинять,<b>Inculper</b> un suspect.,<b>Обвинить</b> подозреваемого.,⚖️,v
"aisé, aisée",зажиточный,Une famille <b>aisée</b>.,<b>Зажиточная</b> семья.,💰,adj
funeste,роковой,Une décision <b>funeste</b>.,<b>Роковое</b> решение.,💀,adj
un iris,ирис,Un <b>iris</b> bleu.,Голубой <b>ирис</b>.,🌺,m
une lignée,род,Une longue <b>lignée</b>.,Длинный <b>род</b>.,👨‍👩‍👧,f
"adjoint, adjointe",заместитель,Le maire <b>adjoint</b>.,<b>Заместитель</b> мэра.,👔,adj
"concret, concrète",конкретный,Un exemple <b>concret</b>.,<b>Конкретный</b> пример.,📊,adj
une interrogation,вопрос,Une <b>interrogation</b> écrite.,Письменная <b>контрольная</b>.,📝,f
coffrer,упрятать,<b>Coffrer</b> un criminel.,<b>Упрятать</b> преступника.,🔒,v
un râle,хрип,Le <b>râle</b> d'agonie.,Предсмертный <b>хрип</b>.,😵,m
"vil, vile",подлый,Un acte <b>vil</b>.,<b>Подлый</b> поступок.,😤,adj
une cale,трюм,La <b>cale</b> du navire.,<b>Трюм</b> корабля.,🚢,f
un aquarium,аквариум,Un <b>aquarium</b> tropical.,Тропический <b>аквариум</b>.,🐠,m
chavirer,опрокидываться,Le bateau <b>chavire</b>.,Лодка <b>опрокидывается</b>.,⛵,v
une portion,порция,Une <b>portion</b> de frites.,<b>Порция</b> картошки фри.,🍟,f
immuable,неизменный,Une loi <b>immuable</b>.,<b>Неизменный</b> закон.,📜,adj
une supériorité,превосходство,Un air de <b>supériorité</b>.,Вид <b>превосходства</b>.,😏,f
âpre,суровый,Une <b>âpre</b> bataille.,<b>Ожесточённая</b> битва.,⚔️,adj
"inachevé, inachevée",незавершённый,Un travail <b>inachevé</b>.,<b>Незавершённая</b> работа.,📝,adj
une tunique,туника,Une <b>tunique</b> romaine.,Римская <b>туника</b>.,👘,f
incomparable,несравненный,Une beauté <b>incomparable</b>.,<b>Несравненная</b> красота.,⭐,adj
"planté, plantée",засаженный,Un jardin bien <b>planté</b>.,Хорошо <b>засаженный</b> сад.,🌱,adj
"civilisé, civilisée",цивилизованный,Un peuple <b>civilisé</b>.,<b>Цивилизованный</b> народ.,🏛️,adj
un repli,отступление,Un <b>repli</b> stratégique.,Стратегическое <b>отступление</b>.,🏃,m
une sollicitude,заботливость,Avec <b>sollicitude</b>.,С <b>заботой</b>.,🤗,f
promouvoir,продвигать,<b>Promouvoir</b> un produit.,<b>Продвигать</b> продукт.,📈,v
une hypocrisie,лицемерие,Une pure <b>hypocrisie</b>.,Чистое <b>лицемерие</b>.,🎭,f
rentré,сдержанный; втянутый,La colère <b>rentrée</b>.,<b>Сдержанный</b> гнев.,😤,adj
ronronner,мурлыкать,Le chat <b>ronronne</b>.,Кот <b>мурлычет</b>.,🐱,v
une fissure,трещина,Une <b>fissure</b> dans le mur.,<b>Трещина</b> в стене.,🧱,f
"roulé, roulée",скрученный,Un cigare <b>roulé</b>.,<b>Скрученная</b> сигара.,🚬,adj
un braiment,рёв осла,Le <b>braiment</b> de l'âne.,<b>Рёв</b> осла.,🫏,m
une aspiration,стремление,Une <b>aspiration</b> au bonheur.,<b>Стремление</b> к счастью.,✨,f
bricoler,мастерить,Aimer <b>bricoler</b>.,Любить <b>мастерить</b>.,🔧,v
fredonner,напевать,<b>Fredonner</b> une chanson.,<b>Напевать</b> песню.,🎵,v
âcre,едкий,Une fumée <b>âcre</b>.,<b>Едкий</b> дым.,💨,adj
une balustrade,балюстрада,S'appuyer sur la <b>balustrade</b>.,Опереться на <b>балюстраду</b>.,🏛️,f
une gravure,гравюра,Une <b>gravure</b> ancienne.,Старинная <b>гравюра</b>.,🖼️,f
une jetée,пирс,Une <b>jetée</b> de bois.,Деревянный <b>пирс</b>.,⛵,f
cavaler,бежать,<b>Cavaler</b> dans la rue.,<b>Нестись</b> по улице.,🏃,v
crépiter,потрескивать,Le feu <b>crépite</b>.,Огонь <b>потрескивает</b>.,🔥,v
"béant, béante",зияющий,Une plaie <b>béante</b>.,<b>Зияющая</b> рана.,🩸,adj
un administrateur,администратор,L'<b>administrateur</b> du site.,<b>Администратор</b> сайта.,💻,m
une veillée,вечеринка,Une <b>veillée</b> funèbre.,Поминальная <b>вечеря</b>.,🕯️,f
saboter,саботировать,<b>Saboter</b> un projet.,<b>Саботировать</b> проект.,💥,v
grelotter,дрожать,<b>Grelotter</b> de froid.,<b>Дрожать</b> от холода.,🥶,v
"hautain, hautaine",надменный,Un air <b>hautain</b>.,<b>Надменный</b> вид.,😏,adj
"satisfaisant, satisfaisante",удовлетворительный,Un résultat <b>satisfaisant</b>.,<b>Удовлетворительный</b> результат.,✅,adj
irresponsable,безответственный,Un comportement <b>irresponsable</b>.,<b>Безответственное</b> поведение.,😤,adj
un badge,бейдж,Porter un <b>badge</b>.,Носить <b>бейдж</b>.,📛,m
teinter,подкрашивать,<b>Teinter</b> les cheveux.,<b>Подкрасить</b> волосы.,💇,v
une appréhension,опасение,Avec <b>appréhension</b>.,С <b>опаской</b>.,😟,f
une naïveté,наивность,Une <b>naïveté</b> touchante.,Трогательная <b>наивность</b>.,👶,f
"suivi, suivie",последовательный,Un travail <b>suivi</b>.,<b>Последовательная</b> работа.,📊,adj
extirper,вырывать,<b>Extirper</b> une dent.,<b>Вырвать</b> зуб.,🦷,v
bonnir,врать (арго),Il n'arrête pas de <b>bonnir</b>.,Он не перестаёт <b>врать</b>.,🤥,v
un mât,мачта,Le <b>mât</b> du navire.,<b>Мачта</b> корабля.,⛵,m
une cinquantaine,около пятидесяти,Une <b>cinquantaine</b> d'années.,<b>Около пятидесяти</b> лет.,5️⃣0️⃣,f
déballer,распаковывать,<b>Déballer</b> un cadeau.,<b>Распаковать</b> подарок.,🎁,v
"ignorant, ignorante",невежественный,Un homme <b>ignorant</b>.,<b>Невежественный</b> человек.,📚,adj
rappliquer,приходить,<b>Rappliquer</b> chez quelqu'un.,<b>Заявиться</b> к кому-то.,🚪,v
fauve,рыжевато-жёлтый,Un pelage <b>fauve</b>.,<b>Рыжеватая</b> шерсть.,🦁,adj
un pâtissier,кондитер,Un <b>pâtissier</b> talentueux.,Талантливый <b>кондитер</b>.,🍰,m
acide,кислый,Un goût <b>acide</b>.,<b>Кислый</b> вкус.,🍋,adj
un pèlerinage,паломничество,Un <b>pèlerinage</b> à La Mecque.,<b>Паломничество</b> в Мекку.,⛪,m
un technicien,техник,Un <b>technicien</b> qualifié.,Квалифицированный <b>техник</b>.,🔧,m
"indulgent, indulgente",снисходительный,Un juge <b>indulgent</b>.,<b>Снисходительный</b> судья.,👴,adj
un minou,котёнок,Mon petit <b>minou</b>.,Мой маленький <b>котёнок</b>.,🐱,m
un nombril,пупок,Le <b>nombril</b> du monde.,<b>Пуп</b> земли.,👤,m
une canaille,негодяй,Une <b>canaille</b> notoire.,Известный <b>негодяй</b>.,😈,f
bafouiller,запинаться,<b>Bafouiller</b> une excuse.,<b>Запинаясь</b> произнести извинение.,🗣️,v
simplifier,упрощать,<b>Simplifier</b> le processus.,<b>Упростить</b> процесс.,✅,v
spectaculaire,эффектный,Un saut <b>spectaculaire</b>.,<b>Эффектный</b> прыжок.,🤸,adj
un fléau,бедствие,Le <b>fléau</b> de la guerre.,<b>Бедствие</b> войны.,⚠️,m
inexplicable,необъяснимый,Un phénomène <b>inexplicable</b>.,<b>Необъяснимое</b> явление.,🔮,adj
un attrait,привлекательность,L'<b>attrait</b> de la nouveauté.,<b>Привлекательность</b> новизны.,✨,m
un réveillon,новогодний ужин,Le <b>réveillon</b> de Noël.,<b>Рождественский</b> ужин.,🎄,m
une parenthèse,скобка,Entre <b>parenthèses</b>.,В <b>скобках</b>.,📝,f
exhaler,испускать,<b>Exhaler</b> un parfum.,<b>Испускать</b> аромат.,🌸,v
poétique,поэтичный,Un style <b>poétique</b>.,<b>Поэтичный</b> стиль.,📜,adj
improbable,маловероятный,Un scénario <b>improbable</b>.,<b>Маловероятный</b> сценарий.,🤔,adj
écoeurer,вызывать отвращение,Ça m'<b>écoeure</b>.,Меня <b>тошнит</b> от этого.,🤢,v
fuser,разноситься,Les rires <b>fusent</b>.,Смех <b>разносится</b>.,😂,v
un moniteur,монитор,Un <b>moniteur</b> d'écran.,<b>Монитор</b> экрана.,🖥️,m
un négro,негр (груб.),C'est un <b>négro</b>. (péjoratif),Это <b>негр</b>. (груб.),🚫,m
un décollage,взлёт,Le <b>décollage</b> de l'avion.,<b>Взлёт</b> самолёта.,✈️,m
un intrus,незваный гость,Un <b>intrus</b> dans la maison.,<b>Незваный гость</b> в доме.,👤,m
un préparatif,приготовление,Les <b>préparatifs</b> de voyage.,<b>Приготовления</b> к поездке.,📋,m
"arrogant, arrogante",высокомерный,Un homme <b>arrogant</b>.,<b>Высокомерный</b> человек.,😤,adj
septième,седьмой,Le <b>septième</b> jour.,<b>Седьмой</b> день.,7️⃣,adj
sous-estimer,недооценивать,<b>Sous-estimer</b> l'adversaire.,<b>Недооценить</b> противника.,🤔,v
un sachet,пакетик,Un <b>sachet</b> de thé.,<b>Пакетик</b> чая.,🍵,m
un crissement,скрежет,Le <b>crissement</b> des pneus.,<b>Скрежет</b> шин.,🚗,m
un delta,дельта,Le <b>delta</b> du Nil.,<b>Дельта</b> Нила.,🌊,m
un martyre,мученичество,Subir le <b>martyre</b>.,Претерпеть <b>мученичество</b>.,😣,m
une baby-sitter,няня,Engager une <b>baby-sitter</b>.,Нанять <b>няню</b>.,👶,f
une imprimerie,типография,Travailler dans une <b>imprimerie</b>.,Работать в <b>типографии</b>.,📰,f
une prévision,прогноз,Les <b>prévisions</b> météo.,<b>Прогноз</b> погоды.,🌤️,f
enfreindre,нарушать,<b>Enfreindre</b> la loi.,<b>Нарушить</b> закон.,⚖️,v
un défenseur,защитник,Le <b>défenseur</b> de la patrie.,<b>Защитник</b> отечества.,🛡️,m
un drogué,наркоман,Un <b>drogué</b> en manque.,<b>Наркоман</b> в ломке.,💊,m
circulaire,круговой,Un mouvement <b>circulaire</b>.,<b>Круговое</b> движение.,⭕,adj
une défenseure,защитница,La <b>défenseure</b> des droits.,<b>Защитница</b> прав.,⚖️,f
un grincement,скрип,Le <b>grincement</b> de la porte.,<b>Скрип</b> двери.,🚪,m
une arche,арка,L'<b>arche</b> de Noé.,<b>Ковчег</b> Ноя.,⛵,f
camoufler,маскировать,<b>Camoufler</b> ses intentions.,<b>Маскировать</b> намерения.,🎭,v
"lié, liée",связанный,Des problèmes <b>liés</b>.,<b>Связанные</b> проблемы.,🔗,adj
un mi-chemin,полпути,À <b>mi-chemin</b>.,На <b>полпути</b>.,🚶,m
un pair,ровня,Un jugement de ses <b>pairs</b>.,Суд <b>равных</b>.,👥,m
une cochonnerie,пакость,Quelle <b>cochonnerie</b> !,Какая <b>пакость</b>!,🐷,f
une violeuse,насильница,La <b>violeuse</b> a été condamnée.,<b>Насильницу</b> осудили.,⚖️,f
"effacé, effacée",стёртый,Un souvenir <b>effacé</b>.,<b>Стёртое</b> воспоминание.,🧹,adj
un entier,целое (число),Un nombre <b>entier</b>.,<b>Целое</b> число.,🔢,m
pourchasser,преследовать,<b>Pourchasser</b> un fugitif.,<b>Преследовать</b> беглеца.,🏃,v
"osseux, osseuse",костлявый,Des mains <b>osseuses</b>.,<b>Костлявые</b> руки.,🦴,adj
un caïd,главарь,Le <b>caïd</b> du quartier.,<b>Главарь</b> района.,😎,m
un violeur,насильник,Le <b>violeur</b> a été arrêté.,<b>Насильника</b> задержали.,🚔,m
"orgueilleux, orgueilleuse",гордый,Un homme <b>orgueilleux</b>.,<b>Гордый</b> человек.,👑,adj
une géographie,география,La <b>géographie</b> de la France.,<b>География</b> Франции.,🗺️,f
une enchère,аукцион,Vendre aux <b>enchères</b>.,Продавать на <b>аукционе</b>.,💰,f
une claire,светлая (устрица),Des huîtres <b>claires</b>.,<b>Зелёные</b> устрицы.,🦪,f
une tapette,мухобойка; гей (груб.),Une <b>tapette</b> à mouches.,<b>Мухобойка</b>.,🪰,f
une brasserie,пивоварня,Une <b>brasserie</b> artisanale.,Крафтовая <b>пивоварня</b>.,🍺,f
un hamburger,гамбургер,Un <b>hamburger</b> avec frites.,<b>Гамбургер</b> с картошкой.,🍔,m
un smoking,смокинг,Porter un <b>smoking</b>.,Носить <b>смокинг</b>.,🤵,m
avenue,наступивший (юрид.),Le cas <b>avenu</b>.,<b>Наступивший</b> случай.,📜,adj
"bouleversé, bouleversée",потрясённый,Je suis <b>bouleversé</b>.,Я <b>потрясён</b>.,😢,adj
un bougre,малый (разг.),Un pauvre <b>bougre</b>.,Бедный <b>малый</b>.,👨,m
modeler,лепить,<b>Modeler</b> de l'argile.,<b>Лепить</b> из глины.,🏺,v
"prétendu, prétendue",мнимый,Un <b>prétendu</b> expert.,<b>Мнимый</b> эксперт.,🤔,adj
"croyant, croyante",верующий,Un homme <b>croyant</b>.,<b>Верующий</b> человек.,🙏,adj
une samba,самба,Danser la <b>samba</b>.,Танцевать <b>самбу</b>.,💃,f
"marqué, marquée",отмеченный,Un visage <b>marqué</b>.,<b>Отмеченное</b> лицо.,👤,adj
un gorille,горилла,Un <b>gorille</b> des montagnes.,Горная <b>горилла</b>.,🦍,m
un pet,пук; газы,Lâcher un <b>pet</b>.,<b>Пукнуть</b>.,💨,m
une peluche,плюшевая игрушка,Une <b>peluche</b> douce.,Мягкая <b>плюшевая</b> игрушка.,🧸,f
un foutre,сперма (груб.),Du <b>foutre</b>. (vulgaire),<b>Сперма</b>. (груб.),🔞,m
un boudin,кровяная колбаса,Du <b>boudin</b> noir.,Чёрная <b>кровяная колбаса</b>.,🩸,m
"limité, limitée",ограниченный,Un temps <b>limité</b>.,<b>Ограниченное</b> время.,⏰,adj
"épars, éparse",разрозненный,Des souvenirs <b>épars</b>.,<b>Разрозненные</b> воспоминания.,🧠,adj
déplorer,сожалеть,<b>Déplorer</b> une erreur.,<b>Сожалеть</b> об ошибке.,😔,v
"libéral, libérale",либеральный,Une politique <b>libérale</b>.,<b>Либеральная</b> политика.,🏛️,adj
égaler,равняться,<b>Égaler</b> un record.,<b>Сравняться</b> с рекордом.,🏆,v
"homosexuel, homosexuelle",гомосексуальный,Un couple <b>homosexuel</b>.,<b>Гомосексуальная</b> пара.,🏳️‍🌈,adj
un hameau,хутор,Un petit <b>hameau</b>.,Маленький <b>хутор</b>.,🏘️,m
un pantin,марионетка,Un <b>pantin</b> désarticulé.,Раскрученная <b>марионетка</b>.,🤡,m
"atteint, atteinte",поражённый,<b>Atteint</b> d'une maladie.,<b>Поражённый</b> болезнью.,🤒,adj
"capricieux, capricieuse",капризный,Un enfant <b>capricieux</b>.,<b>Капризный</b> ребёнок.,😤,adj
griser,опьянять,Le succès l'a <b>grisé</b>.,Успех его <b>опьянил</b>.,🤩,v
bluffer,блефовать,<b>Bluffer</b> au poker.,<b>Блефовать</b> в покер.,🃏,v
"fugitif, fugitive",мимолётный,Un instant <b>fugitif</b>.,<b>Мимолётный</b> миг.,⚡,adj
ligoter,связывать,<b>Ligoter</b> un prisonnier.,<b>Связать</b> пленника.,🔗,v
une rouille,ржавчина,Une tache de <b>rouille</b>.,Пятно <b>ржавчины</b>.,🟤,f
un piment,перец (острый),Un <b>piment</b> rouge.,Красный <b>перец</b>.,🌶️,m
crouler,рушиться,Le mur <b>croule</b>.,Стена <b>рушится</b>.,🧱,v
un divertissement,развлечение,Un <b>divertissement</b> agréable.,Приятное <b>развлечение</b>.,🎠,m
une greffe,пересадка,Une <b>greffe</b> de cœur.,<b>Пересадка</b> сердца.,❤️,f
éphémère,эфемерный,Un bonheur <b>éphémère</b>.,<b>Мимолётное</b> счастье.,🌸,adj
mesdemoiselles,мадемуазели,"Bonjour, <b>mesdemoiselles</b>.","Здравствуйте, <b>барышни</b>.",👩‍👩‍👧,f
"détendu, détendue",расслабленный,Une atmosphère <b>détendue</b>.,<b>Расслабленная</b> атмосфера.,😌,adj
un étui,футляр,Un <b>étui</b> à lunettes.,<b>Футляр</b> для очков.,👓,m
une souplesse,гибкость,Avec <b>souplesse</b>.,С <b>гибкостью</b>.,🤸,f
magner,шевелиться,Se <b>magner</b> le train.,<b>Шевелиться</b>.,🏃,v
un mouchard,стукач,Un <b>mouchard</b> de la police.,Полицейский <b>стукач</b>.,👀,m
une virgule,запятая,Mettre une <b>virgule</b>.,Поставить <b>запятую</b>.,✏️,f
un carnage,резня,Un vrai <b>carnage</b>.,Настоящая <b>резня</b>.,😱,m
atteler,запрягать,<b>Atteler</b> les chevaux.,<b>Запрячь</b> лошадей.,🐎,v
une liqueur,ликёр,Une <b>liqueur</b> sucrée.,Сладкий <b>ликёр</b>.,🥃,f
une souveraineté,суверенитет,La <b>souveraineté</b> nationale.,Национальный <b>суверенитет</b>.,🏛️,f
"flatteur, flatteuse",льстивый,Un commentaire <b>flatteur</b>.,<b>Льстивый</b> комментарий.,😊,adj
spécialiser,специализировать,Se <b>spécialiser</b> en médecine.,<b>Специализироваться</b> в медицине.,🎓,v
une ex-femme,бывшая жена,Mon <b>ex-femme</b>.,Моя <b>бывшая жена</b>.,👩,f
"prompt, prompte",быстрый,Une réponse <b>prompte</b>.,<b>Быстрый</b> ответ.,⚡,adj
bonhomme,добродушный,Un air <b>bonhomme</b>.,<b>Добродушный</b> вид.,😊,adj
décomposer,разлагать,<b>Décomposer</b> une phrase.,<b>Разобрать</b> предложение.,📝,v
une végétation,растительность,Une <b>végétation</b> luxuriante.,<b>Пышная</b> растительность.,🌿,f
un doyen,декан,Le <b>doyen</b> de la faculté.,<b>Декан</b> факультета.,🎓,m
involontaire,непроизвольный,Un geste <b>involontaire</b>.,<b>Непроизвольный</b> жест.,🤷,adj
une secte,секта,Une <b>secte</b> dangereuse.,Опасная <b>секта</b>.,⚠️,f
une capsule,капсула,Une <b>capsule</b> spatiale.,Космическая <b>капсула</b>.,🚀,f
"sous-marin, sous-marine",подводный,Un navire <b>sous-marin</b>.,<b>Подводная</b> лодка.,🛥️,adj
une nationalité,национальность,Quelle est votre <b>nationalité</b> ?,Какая ваша <b>национальность</b>?,🛂,f
un supplément,дополнение,Un <b>supplément</b> de prix.,<b>Доплата</b>.,💵,m
"infect, infecte",отвратительный,Un temps <b>infect</b>.,<b>Отвратительная</b> погода.,🤢,adj
"irrégulier, irrégulière",нерегулярный,Un verbe <b>irrégulier</b>.,<b>Неправильный</b> глагол.,📖,adj
une dot,приданое,Elle a une belle <b>dot</b>.,У неё хорошее <b>приданое</b>.,💰,f
un hublot,иллюминатор,Regarder par le <b>hublot</b>.,Смотреть в <b>иллюминатор</b>.,🪟,m
une embuscade,засада,Tomber dans une <b>embuscade</b>.,Попасть в <b>засаду</b>.,⚔️,f
un pommier,яблоня,Un <b>pommier</b> en fleurs.,Цветущая <b>яблоня</b>.,🍎,m
déterrer,выкапывать,<b>Déterrer</b> un trésor.,<b>Выкопать</b> клад.,⛏️,v
appréhender,опасаться,<b>Appréhender</b> le futur.,<b>Опасаться</b> будущего.,😟,v
échauffer,разогревать,S'<b>échauffer</b> avant le sport.,<b>Разогреться</b> перед спортом.,🏃,v
inaudible,неслышный,Un son <b>inaudible</b>.,<b>Неслышный</b> звук.,🔇,adj
un amas,куча,Un <b>amas</b> de pierres.,<b>Куча</b> камней.,🪨,m
éponger,вытирать,<b>Éponger</b> le sol.,<b>Вытереть</b> пол.,🧽,v
livide,мертвенно-бледный,Un teint <b>livide</b>.,<b>Мертвенно-бледный</b> цвет лица.,😨,adj
un flambeau,факел,Porter le <b>flambeau</b>.,Нести <b>факел</b>.,🔥,m
un tirage,тираж,Un <b>tirage</b> limité.,Ограниченный <b>тираж</b>.,📰,m
"attendu, attendue",ожидаемый,Un résultat <b>attendu</b>.,<b>Ожидаемый</b> результат.,⏰,adj
un hospice,приют,Un <b>hospice</b> de vieillards.,Дом <b>престарелых</b>.,🏥,m
"défoncé, défoncée",разбитый,Une route <b>défoncée</b>.,<b>Разбитая</b> дорога.,🛣️,adj
pétrifier,окаменеть,<b>Pétrifier</b> de peur.,<b>Окаменеть</b> от страха.,😱,v
corrompre,развращать,<b>Corrompre</b> un juge.,<b>Подкупить</b> судью.,💰,v
fléchir,сгибать,<b>Fléchir</b> les genoux.,<b>Согнуть</b> колени.,🦵,v
terrer,прятаться,Se <b>terrer</b> chez soi.,<b>Засесть</b> дома.,🏠,v
une gouvernante,гувернантка,Engager une <b>gouvernante</b>.,Нанять <b>гувернантку</b>.,👩,f
soûler,напиваться,Se <b>soûler</b> au whisky.,<b>Напиться</b> виски.,🥃,v
une dévotion,набожность,Avec <b>dévotion</b>.,С <b>набожностью</b>.,🙏,f
romanesque,романтичный,Une histoire <b>romanesque</b>.,<b>Романтичная</b> история.,📖,adj
un réverbère,фонарь,Un <b>réverbère</b> de rue.,Уличный <b>фонарь</b>.,💡,m
"instinctif, instinctive",инстинктивный,Une réaction <b>instinctive</b>.,<b>Инстинктивная</b> реакция.,🧠,adj
une nounou,нянечка,La <b>nounou</b> des enfants.,<b>Нянечка</b> детей.,👶,f
"imposant, imposante",внушительный,Un bâtiment <b>imposant</b>.,<b>Внушительное</b> здание.,🏛️,adj
un enjeu,ставка,Les <b>enjeux</b> du match.,<b>Ставки</b> матча.,🎯,m
une barricade,баррикада,Ériger une <b>barricade</b>.,Воздвигнуть <b>баррикаду</b>.,🧱,f
"rocheux, rocheuse",скалистый,Un terrain <b>rocheux</b>.,<b>Скалистая</b> местность.,🏔️,adj
tâtonner,нащупывать,<b>Tâtonner</b> dans le noir.,<b>Нащупывать</b> в темноте.,👆,v
une rayure,полоса,Une <b>rayure</b> sur le verre.,<b>Полоса</b> на стекле.,➖,f
extra,отличный,Un repas <b>extra</b>.,<b>Отличный</b> обед.,⭐,adj
un croquis,набросок,Faire un <b>croquis</b>.,Сделать <b>набросок</b>.,✏️,m
un effectif,штат,L'<b>effectif</b> de l'entreprise.,<b>Штат</b> предприятия.,👥,m
une attache,привязанность,Une forte <b>attache</b>.,Сильная <b>привязанность</b>.,❤️,f
sillonner,бороздить,<b>Sillonner</b> les mers.,<b>Бороздить</b> моря.,🚢,v
"vigilant, vigilante",бдительный,Rester <b>vigilant</b>.,Оставаться <b>бдительным</b>.,👁️,adj
un caniveau,сточная канава,L'eau dans le <b>caniveau</b>.,Вода в <b>канаве</b>.,🌧️,m
un encens,ладан,Brûler de l'<b>encens</b>.,Жечь <b>ладан</b>.,🔥,m
un somnifère,снотворное,Prendre un <b>somnifère</b>.,Принять <b>снотворное</b>.,💊,m
un versant,склон,Le <b>versant</b> de la montagne.,<b>Склон</b> горы.,⛰️,m
un goulot,горлышко,Le <b>goulot</b> de la bouteille.,<b>Горлышко</b> бутылки.,🍾,m
une sacoche,сумка,Une <b>sacoche</b> de vélo.,Велосипедная <b>сумка</b>.,🚲,f
fiable,надёжный,Une source <b>fiable</b>.,<b>Надёжный</b> источник.,✅,adj
un intendant,управляющий,L'<b>intendant</b> du château.,<b>Управляющий</b> замком.,🏰,m
un peuplier,тополь,Un <b>peuplier</b> au bord de la route.,<b>Тополь</b> у дороги.,🌳,m
une fraude,мошенничество,Une <b>fraude</b> fiscale.,Налоговое <b>мошенничество</b>.,💰,f
une prophétie,пророчество,Une <b>prophétie</b> ancienne.,Древнее <b>пророчество</b>.,🔮,f
"tropical, tropicale",тропический,Un climat <b>tropical</b>.,<b>Тропический</b> климат.,🌴,adj
un gay,гей,Un bar <b>gay</b>.,<b>Гей</b>-бар.,🏳️‍🌈,m
un proverbe,пословица,Un <b>proverbe</b> populaire.,Народная <b>пословица</b>.,📜,m
un opium,опиум,Fumer de l'<b>opium</b>.,Курить <b>опиум</b>.,💨,m
une lingerie,нижнее бельё,Acheter de la <b>lingerie</b>.,Покупать <b>нижнее бельё</b>.,👙,f
un câlin,объятие,Faire un <b>câlin</b>.,Сделать <b>обнимашки</b>.,🤗,m
une fresque,фреска,Une <b>fresque</b> murale.,Настенная <b>фреска</b>.,🖼️,f
une punaise,клоп; кнопка,Une <b>punaise</b> de lit.,Постельный <b>клоп</b>.,🐛,f
patauger,плескаться,<b>Patauger</b> dans la boue.,<b>Плескаться</b> в грязи.,🌧️,v
un calvaire,голгофа,Un vrai <b>calvaire</b>.,Настоящая <b>голгофа</b>.,😫,m
une fournisseuse,поставщица,La <b>fournisseuse</b> a livré.,<b>Поставщица</b> доставила.,📦,f
une guirlande,гирлянда,Une <b>guirlande</b> de Noël.,Рождественская <b>гирлянда</b>.,🎄,f
un grognement,ворчание,Le <b>grognement</b> de l'ours.,<b>Ворчание</b> медведя.,🐻,m
"initial, initiale",начальный,La phase <b>initiale</b>.,<b>Начальная</b> фаза.,🚀,adj
un insigne,знак отличия,Un <b>insigne</b> militaire.,Военный <b>знак</b>.,🎖️,m
un fournisseur,поставщик,Un <b>fournisseur</b> fiable.,<b>Надёжный</b> поставщик.,📦,m
boxer,боксировать,<b>Boxer</b> contre un adversaire.,<b>Боксировать</b> с противником.,🥊,v
friser,завивать,<b>Friser</b> les cheveux.,<b>Завивать</b> волосы.,💇,v
impénétrable,непроницаемый,Un mystère <b>impénétrable</b>.,<b>Непроницаемая</b> тайна.,🔒,adj
un soviet,совет,Le <b>soviet</b> suprême.,Верховный <b>совет</b>.,🇷🇺,m
une fascination,очарование,Une <b>fascination</b> pour l'art.,<b>Очарование</b> искусством.,✨,f
"nourri, nourrie",питающийся,Bien <b>nourri</b>.,Хорошо <b>упитанный</b>.,🍽️,adj
un saule,ива,Un <b>saule</b> pleureur.,Плакучая <b>ива</b>.,🌳,m
un trafiquant,торговец,Un <b>trafiquant</b> de drogue.,<b>Наркоторговец</b>.,⚠️,m
"communal, communale",общинный,Une école <b>communale</b>.,<b>Муниципальная</b> школа.,🏫,adj
"ensoleillé, ensoleillée",солнечный,Une journée <b>ensoleillée</b>.,<b>Солнечный</b> день.,☀️,adj
une supposition,предположение,Une simple <b>supposition</b>.,Простое <b>предположение</b>.,🤔,f
un perdant,проигравший,Un mauvais <b>perdant</b>.,Плохой <b>проигравший</b>.,😤,m
un loto,лотерея,Jouer au <b>loto</b>.,Играть в <b>лотерею</b>.,🎰,m
une guêpe,оса,Une piqûre de <b>guêpe</b>.,Укус <b>осы</b>.,🐝,f
un aplomb,апломб,Avec <b>aplomb</b>.,С <b>апломбом</b>.,😎,m
une amande,миндаль,Une <b>amande</b> grillée.,Жареный <b>миндаль</b>.,🥜,f
une horde,орда,Une <b>horde</b> de barbares.,<b>Орда</b> варваров.,⚔️,f
une vanne,задвижка,Fermer la <b>vanne</b>.,Закрыть <b>задвижку</b>.,🔧,f
"insouciant, insouciante",беззаботный,Un enfant <b>insouciant</b>.,<b>Беззаботный</b> ребёнок.,😊,adj
un amigo,дружище (исп.),"Salut, <b>amigo</b> !","Привет, <b>друг</b>!",🤝,m
athlète,атлет,Un <b>athlète</b> professionnel.,Профессиональный <b>атлет</b>.,🏃,m
un croyant,верующий,Un <b>croyant</b> pratiquant.,Верующий <b>практикующий</b>.,🙏,m
une justesse,точность,Avec <b>justesse</b>.,С <b>точностью</b>.,🎯,f
"vertigineux, vertigineuse",головокружительный,Une hauteur <b>vertigineuse</b>.,<b>Головокружительная</b> высота.,🏔️,adj
altérer,искажать,<b>Altérer</b> la vérité.,<b>Искажать</b> правду.,🤥,v
convier,приглашать,<b>Convier</b> des amis.,<b>Пригласить</b> друзей.,📨,v
purger,очищать,<b>Purger</b> une peine.,<b>Отбывать</b> наказание.,⚖️,v
un brigand,разбойник,Un <b>brigand</b> dangereux.,Опасный <b>разбойник</b>.,🦹,m
une obéissance,послушание,Une <b>obéissance</b> aveugle.,Слепое <b>послушание</b>.,🐕,f
relâche,перерыв,Sans <b>relâche</b>.,Без <b>передышки</b>.,⏰,m
une interdiction,запрет,Une <b>interdiction</b> de fumer.,<b>Запрет</b> на курение.,🚭,f
une lucarne,слуховое окно,Une <b>lucarne</b> sur le toit.,<b>Слуховое окно</b> на крыше.,🪟,f
un ranch,ранчо,Un <b>ranch</b> au Texas.,<b>Ранчо</b> в Техасе.,🤠,m
glauque,мрачный,Un endroit <b>glauque</b>.,<b>Мрачное</b> место.,😨,adj
peloter,лапать,<b>Peloter</b> quelqu'un.,<b>Лапать</b> кого-то.,🙈,v
une détonation,взрыв,Une <b>détonation</b> assourdissante.,Оглушительный <b>взрыв</b>.,💥,f
meubler,обставлять,<b>Meubler</b> un appartement.,<b>Обставить</b> квартиру.,🛋️,v
pupille,зрачок,La <b>pupille</b> de l'œil.,<b>Зрачок</b> глаза.,👁️,m
bégayer,заикаться,<b>Bégayer</b> de peur.,<b>Заикаться</b> от страха.,🗣️,v
une glaise,глина,Une terre de <b>glaise</b>.,<b>Глинистая</b> почва.,🏺,f
une posture,поза,Une <b>posture</b> défensive.,Оборонительная <b>поза</b>.,🧘,f
un archevêque,архиепископ,L'<b>archevêque</b> de Paris.,<b>Архиепископ</b> Парижа.,⛪,m
arborer,красоваться,<b>Arborer</b> un sourire.,<b>Красоваться</b> улыбкой.,😊,v
"humiliant, humiliante",унизительный,Une défaite <b>humiliante</b>.,<b>Унизительное</b> поражение.,😔,adj
un duvet,пух,Un <b>duvet</b> d'oie.,Гусиный <b>пух</b>.,🪶,m
"vertueux, vertueuse",добродетельный,Une vie <b>vertueuse</b>.,<b>Добродетельная</b> жизнь.,😇,adj
une résignation,смирение,Avec <b>résignation</b>.,Со <b>смирением</b>.,😔,f
"autrichien, autrichienne",австрийский,La cuisine <b>autrichienne</b>.,<b>Австрийская</b> кухня.,🇦🇹,adj
un jupon,нижняя юбка,Un <b>jupon</b> de dentelle.,Кружевная <b>нижняя юбка</b>.,👗,m
un exposé,доклад,Faire un <b>exposé</b>.,Сделать <b>доклад</b>.,📊,m
une contribution,вклад,Une <b>contribution</b> importante.,Важный <b>вклад</b>.,👏,f
"établi, établie",установленный,Une règle <b>établie</b>.,<b>Установленное</b> правило.,📋,adj
publicitaire,рекламный,Une campagne <b>publicitaire</b>.,<b>Рекламная</b> кампания.,📺,adj
un oeillet,гвоздика,Un <b>œillet</b> rouge.,Красная <b>гвоздика</b>.,🌸,m
une fanfare,духовой оркестр,Une <b>fanfare</b> militaire.,Военный <b>духовой оркестр</b>.,🎺,f
une bassine,таз,Une <b>bassine</b> d'eau.,<b>Таз</b> с водой.,🪣,f
un ghetto,гетто,Le <b>ghetto</b> de Varsovie.,Варшавское <b>гетто</b>.,🏚️,m
dévaliser,обчищать,<b>Dévaliser</b> une banque.,<b>Обчистить</b> банк.,🏦,v
un gradé,военнослужащий,Un <b>gradé</b> de l'armée.,Военный <b>чин</b>.,🎖️,m
"mesquin, mesquine",мелочный,Un homme <b>mesquin</b>.,<b>Мелочный</b> человек.,😤,adj
pulvériser,распылять,<b>Pulvériser</b> un produit.,<b>Распылить</b> средство.,💨,v
stationner,парковаться,<b>Stationner</b> sa voiture.,<b>Припарковать</b> машину.,🅿️,v
un protecteur,покровитель,Un <b>protecteur</b> des arts.,<b>Покровитель</b> искусств.,🎨,m
un réfectoire,столовая,Le <b>réfectoire</b> de l'école.,Школьная <b>столовая</b>.,🍽️,m
une cocotte,курочка; кастрюля,Une <b>cocotte</b>-minute.,<b>Скороварка</b>.,🍲,f
cambrioler,совершать кражу,<b>Cambrioler</b> une maison.,<b>Обворовать</b> дом.,🏠,v
stresser,стрессовать,Ça me <b>stresse</b>.,Это меня <b>напрягает</b>.,😰,v
un ivoire,слоновая кость,Un bracelet en <b>ivoire</b>.,Браслет из <b>слоновой кости</b>.,🐘,m
une épice,пряность,Les <b>épices</b> orientales.,Восточные <b>пряности</b>.,🌶️,f
une dure,трудная; жёсткая,La vie est <b>dure</b>.,Жизнь <b>трудная</b>.,😓,f
crevé,измученный (разг.),Je suis <b>crevé</b>.,Я <b>вымотан</b>.,😴,adj
ruminer,пережёвывать,<b>Ruminer</b> ses pensées.,<b>Пережёвывать</b> мысли.,🐄,v
embaumer,бальзамировать,<b>Embaumer</b> un corps.,<b>Бальзамировать</b> тело.,⚰️,v
un kit,набор,Un <b>kit</b> de survie.,<b>Набор</b> для выживания.,🎒,m
un frémissement,дрожь,Un <b>frémissement</b> de peur.,<b>Дрожь</b> от страха.,😨,m
une bobine,катушка,Une <b>bobine</b> de fil.,<b>Катушка</b> ниток.,🧵,f
désobéir,не слушаться,<b>Désobéir</b> à ses parents.,<b>Не слушаться</b> родителей.,😤,v
"luxueux, luxueuse",роскошный,Un hôtel <b>luxueux</b>.,<b>Роскошный</b> отель.,🏨,adj
"imprudent, imprudente",неосторожный,Un conducteur <b>imprudent</b>.,<b>Неосторожный</b> водитель.,🚗,adj
assigner,назначать,<b>Assigner</b> une tâche.,<b>Назначить</b> задачу.,📋,v
un ducon,дурак (груб.),Quel <b>ducon</b> !,Какой <b>дурак</b>!,🤬,m
un débutant,новичок,Un <b>débutant</b> en informatique.,<b>Новичок</b> в информатике.,💻,m
aigre,кислый,Un goût <b>aigre</b>.,<b>Кислый</b> вкус.,🍋,adj
une maille,петля,Une <b>maille</b> du tricot.,<b>Петля</b> вязания.,🧶,f
aiguiser,точить,<b>Aiguiser</b> un couteau.,<b>Точить</b> нож.,🔪,v
"surnaturel, surnaturelle",сверхъестественный,Un pouvoir <b>surnaturel</b>.,<b>Сверхъестественная</b> сила.,✨,adj
un consentement,согласие,Donner son <b>consentement</b>.,Дать <b>согласие</b>.,✅,m
un réel,реальность,Le <b>réel</b> et l'imaginaire.,<b>Реальность</b> и воображение.,🌍,m
une norme,норма,Respecter les <b>normes</b>.,Соблюдать <b>нормы</b>.,📋,f
une obsèques,похороны,Assister aux <b>obsèques</b>.,Присутствовать на <b>похоронах</b>.,⚰️,f
une rubrique,рубрика,La <b>rubrique</b> sportive.,Спортивная <b>рубрика</b>.,📰,f
"hollandais, hollandaise",голландский,Le fromage <b>hollandais</b>.,<b>Голландский</b> сыр.,🧀,adj
un chaton,котёнок,Un petit <b>chaton</b>.,Маленький <b>котёнок</b>.,🐱,m
un aventurier,авантюрист,Un <b>aventurier</b> audacieux.,Дерзкий <b>авантюрист</b>.,🤠,m
un papy,дедушка,Mon <b>papy</b> adoré.,Мой любимый <b>дедуля</b>.,👴,m
un patin,конёк,Des <b>patins</b> à glace.,Ледовые <b>коньки</b>.,⛸️,m
un revient,себестоимость,Le prix de <b>revient</b>.,<b>Себестоимость</b>.,💰,m
une utilisation,использование,L'<b>utilisation</b> du produit.,<b>Использование</b> продукта.,📋,f
une asperge,спаржа,Des <b>asperges</b> fraîches.,Свежая <b>спаржа</b>.,🥬,f
une maladresse,неловкость,Une <b>maladresse</b> de jeunesse.,<b>Неловкость</b> молодости.,🤦,f
un brillant,бриллиант,Un <b>brillant</b> de grande taille.,Крупный <b>бриллиант</b>.,💎,m
une performance,показатель,Une <b>performance</b> exceptionnelle.,Исключительный <b>результат</b>.,🏆,f
"arraché, arrachée",вырванный,Une dent <b>arrachée</b>.,<b>Вырванный</b> зуб.,🦷,adj
mimer,изображать,<b>Mimer</b> un animal.,<b>Изображать</b> животное.,🎭,v
un blasphème,богохульство,Proférer un <b>blasphème</b>.,Произносить <b>богохульство</b>.,😱,m
un pépin,косточка; неприятность,Un <b>pépin</b> de pomme.,Яблочная <b>косточка</b>.,🍎,m
siffloter,насвистывать,<b>Siffloter</b> une mélodie.,<b>Насвистывать</b> мелодию.,🎵,v
"blafard, blafarde",бледный,Une lumière <b>blafarde</b>.,<b>Тусклый</b> свет.,💡,adj
"déchirant, déchirante",раздирающий,Un cri <b>déchirant</b>.,<b>Раздирающий</b> крик.,😭,adj
un goûter,полдник,L'heure du <b>goûter</b>.,Время <b>полдника</b>.,🍰,m
une propreté,чистота,La <b>propreté</b> du lieu.,<b>Чистота</b> места.,✨,f
épaissir,густеть,La sauce <b>épaissit</b>.,Соус <b>густеет</b>.,🍲,v
"rigoureux, rigoureuse",строгий,Un hiver <b>rigoureux</b>.,<b>Суровая</b> зима.,❄️,adj
somnoler,дремать,<b>Somnoler</b> sur le canapé.,<b>Дремать</b> на диване.,😴,v
un glacier,ледник,Un <b>glacier</b> alpin.,Альпийский <b>ледник</b>.,🏔️,m
délaisser,забрасывать,<b>Délaisser</b> ses amis.,<b>Забросить</b> друзей.,😔,v
un fugitif,беглец,Un <b>fugitif</b> recherché.,Разыскиваемый <b>беглец</b>.,🏃,m
clamer,провозглашать,<b>Clamer</b> son innocence.,<b>Провозглашать</b> невиновность.,📢,v
un auditeur,слушатель,Un <b>auditeur</b> attentif.,Внимательный <b>слушатель</b>.,👂,m
un chômeur,безработный,Un <b>chômeur</b> de longue durée.,<b>Безработный</b> с большим стажем.,😔,m
un max,максимум,Un <b>max</b> de chance.,<b>Максимум</b> удачи.,⬆️,m
un solo,соло,Jouer un <b>solo</b> de guitare.,Играть <b>соло</b> на гитаре.,🎸,m
"forestier, forestière",лесной,Un chemin <b>forestier</b>.,<b>Лесная</b> тропа.,🌲,adj
"routier, routière",дорожный,Un réseau <b>routier</b>.,<b>Дорожная</b> сеть.,🛣️,adj
un chiot,щенок,Un adorable <b>chiot</b>.,Очаровательный <b>щенок</b>.,🐶,m
un chausson,тапочка,Mettre ses <b>chaussons</b>.,Надеть <b>тапочки</b>.,🥿,m
un spécimen,экземпляр,Un rare <b>spécimen</b>.,Редкий <b>экземпляр</b>.,🦋,m
un pardessus,пальто,Un <b>pardessus</b> noir.,Чёрное <b>пальто</b>.,🧥,m
"précipité, précipitée",поспешный,Un départ <b>précipité</b>.,<b>Поспешный</b> отъезд.,🏃,adj
une latte,планка,Une <b>latte</b> de bois.,Деревянная <b>планка</b>.,🪵,f
une partition,партитура,La <b>partition</b> musicale.,Музыкальная <b>партитура</b>.,🎵,f
pivoter,вращаться,<b>Pivoter</b> sur place.,<b>Вращаться</b> на месте.,🔄,v
abréger,сокращать,<b>Abréger</b> son discours.,<b>Сократить</b> речь.,✂️,v
un hêtre,бук,Un <b>hêtre</b> centenaire.,Столетний <b>бук</b>.,🌳,m
un saucisson,колбаса,Un <b>saucisson</b> sec.,Сухая <b>колбаса</b>.,🍖,m
"musicien, musicienne",музыкальный,Un talent <b>musicien</b>.,<b>Музыкальный</b> талант.,🎵,adj
vernir,лакировать,<b>Vernir</b> un meuble.,<b>Лакировать</b> мебель.,✨,v
estomper,размывать,<b>Estomper</b> les contours.,<b>Размыть</b> контуры.,🎨,v
piler,резко тормозить,<b>Piler</b> sur les freins.,<b>Резко затормозить</b>.,🚗,v
un déménagement,переезд,Un <b>déménagement</b> difficile.,Трудный <b>переезд</b>.,📦,m
Noël,Рождество,Joyeux <b>Noël</b> !,Счастливого <b>Рождества</b>!,🎄,m
un successeur,преемник,Le <b>successeur</b> du roi.,<b>Преемник</b> короля.,👑,m
"hargneux, hargneuse",злобный,Un chien <b>hargneux</b>.,<b>Злобная</b> собака.,🐕,adj
un module,модуль,Un <b>module</b> de formation.,<b>Модуль</b> обучения.,📚,m
un néné,сиська (разг.),De gros <b>nénés</b>.,Большие <b>сиськи</b>.,🔞,m
une laideur,уродство,La <b>laideur</b> du bâtiment.,<b>Уродство</b> здания.,🏚️,f
une successeure,преемница,La <b>successeure</b> du directeur.,<b>Преемница</b> директора.,👩‍💼,f
un débarras,чулан,Un <b>débarras</b> encombré.,Захламлённый <b>чулан</b>.,🗃️,m
un pourri,гнилой человек,Quel <b>pourri</b> !,Какой <b>гнилой</b> тип!,😤,m
une ampleur,масштаб,L'<b>ampleur</b> du problème.,<b>Масштаб</b> проблемы.,📊,f
un potage,суп,Un <b>potage</b> de légumes.,Овощной <b>суп</b>.,🍲,m
faner,увядать,Les fleurs <b>fanent</b>.,Цветы <b>увядают</b>.,🥀,v
réglo,честный (разг.),Un type <b>réglo</b>.,<b>Честный</b> парень.,✅,adj
un eunuque,евнух,Un <b>eunuque</b> du palais.,Дворцовый <b>евнух</b>.,👤,m
une veilleuse,ночник,Une <b>veilleuse</b> pour enfant.,Детский <b>ночник</b>.,💡,f
avare,скупой,Un homme <b>avare</b>.,<b>Скупой</b> человек.,💰,adj
"ferré, ferrée",железный,Une voie <b>ferrée</b>.,<b>Железная</b> дорога.,🚂,adj
une défaillance,сбой,Une <b>défaillance</b> technique.,Технический <b>сбой</b>.,⚠️,f
"entrouvert, entrouverte",приоткрытый,Une porte <b>entrouverte</b>.,<b>Приоткрытая</b> дверь.,🚪,adj
mouler,формовать,<b>Mouler</b> du chocolat.,<b>Формовать</b> шоколад.,🍫,v
ravaler,проглатывать,<b>Ravaler</b> sa fierté.,<b>Проглотить</b> гордость.,😤,v
un traumatisme,травма,Un <b>traumatisme</b> crânien.,Черепно-мозговая <b>травма</b>.,🏥,m
une statistique,статистика,Les <b>statistiques</b> officielles.,Официальная <b>статистика</b>.,📊,f
une morue,треска,De la <b>morue</b> salée.,Солёная <b>треска</b>.,🐟,f
"colossal, colossale",колоссальный,Une statue <b>colossale</b>.,<b>Колоссальная</b> статуя.,🗿,adj
une dérive,дрейф,Une <b>dérive</b> des continents.,<b>Дрейф</b> континентов.,🌍,f
un bourbon,бурбон,Un verre de <b>bourbon</b>.,Стакан <b>бурбона</b>.,🥃,m
"réglé, réglée",отрегулированный,Une affaire <b>réglée</b>.,<b>Решённое</b> дело.,✅,adj
amplifier,усиливать,<b>Amplifier</b> le son.,<b>Усилить</b> звук.,🔊,v
soustraire,вычитать; похищать,<b>Soustraire</b> un nombre.,<b>Вычесть</b> число.,➖,v
"adolescent, adolescente",подростковый,L'âge <b>adolescent</b>.,<b>Подростковый</b> возраст.,🧒,adj
un guignol,гиньоль; паяц,Faire le <b>guignol</b>.,Паясничать.,🤡,m
une comptabilité,бухгалтерия,La <b>comptabilité</b> de l'entreprise.,<b>Бухгалтерия</b> компании.,📊,f
surcharger,перегружать,<b>Surcharger</b> le camion.,<b>Перегрузить</b> грузовик.,📦,v
une clameur,крик; вопль,Une <b>clameur</b> de joie.,<b>Крик</b> радости.,📢,f
une radiation,излучение; исключение,Une <b>radiation</b> nucléaire.,Ядерное <b>излучение</b>.,☢️,f
une anarchie,анархия,C'est l'<b>anarchie</b> totale !,Это полная <b>анархия</b>!,⚠️,f
une alternative,альтернатива,Il n'y a pas d'<b>alternative</b>.,Нет <b>альтернативы</b>.,🔀,f
une baïonnette,штык,Charger à la <b>baïonnette</b>.,Атаковать в <b>штыковую</b>.,🗡️,f
une peseta,песета,La <b>peseta</b> espagnole.,Испанская <b>песета</b>.,💰,f
côtoyer,соседствовать,<b>Côtoyer</b> des gens riches.,<b>Общаться</b> с богатыми.,🤝,v
une dictature,диктатура,Vivre sous une <b>dictature</b>.,Жить при <b>диктатуре</b>.,⚠️,f
un filon,жила; золотая жила,Trouver un bon <b>filon</b>.,Найти хороший <b>источник</b>.,💰,m
regrouper,объединять,<b>Regrouper</b> les données.,<b>Объединить</b> данные.,📊,v
un coach,тренер,Mon <b>coach</b> sportif.,Мой спортивный <b>тренер</b>.,🏋️,m
"plan, plane",плоский; ровный,Une surface <b>plane</b>.,<b>Плоская</b> поверхность.,📐,adj
"jeté, jetée",выброшенный,Un objet <b>jeté</b>.,<b>Выброшенный</b> предмет.,🗑️,adj
magnétique,магнитный,Un champ <b>magnétique</b>.,<b>Магнитное</b> поле.,🧲,adj
un dédain,презрение,Regarder avec <b>dédain</b>.,Смотреть с <b>презрением</b>.,😒,m
une salutation,приветствие,Mes <b>salutations</b>.,Мои <b>приветствия</b>.,👋,f
colorer,окрашивать,<b>Colorer</b> un dessin.,<b>Раскрасить</b> рисунок.,🎨,v
monstre,чудовищный; огромный,Un succès <b>monstre</b>.,<b>Огромный</b> успех.,🔥,adj
une forge,кузница,La <b>forge</b> du village.,Деревенская <b>кузница</b>.,🔨,f
une meute,свора; стая,Une <b>meute</b> de loups.,<b>Стая</b> волков.,🐺,f
une imposteure,самозванка,L'<b>imposteure</b> a été démasquée.,<b>Самозванку</b> разоблачили.,🎭,f
chuter,падать; снижаться,Les ventes ont <b>chuté</b>.,Продажи <b>упали</b>.,📉,v
un imposteur,самозванец,C'est un <b>imposteur</b> !,Он <b>самозванец</b>!,🎭,m
harper,хватать; цеплять,<b>Harper</b> quelque chose.,<b>Схватить</b> что-то.,🤏,v
une atteinte,покушение; ущерб,Une <b>atteinte</b> à la liberté.,<b>Покушение</b> на свободу.,⚠️,f
une finale,финал,La <b>finale</b> de la coupe.,<b>Финал</b> кубка.,🏆,f
un brancard,носилки,Porter sur un <b>brancard</b>.,Нести на <b>носилках</b>.,🏥,m
"pensif, pensive",задумчивый,Un air <b>pensif</b>.,<b>Задумчивый</b> вид.,🤔,adj
un vaincu,побеждённый,Les <b>vaincus</b> de la guerre.,<b>Побеждённые</b> на войне.,😔,m
divertir,развлекать,<b>Divertir</b> le public.,<b>Развлекать</b> публику.,🎭,v
confectionner,изготавливать,<b>Confectionner</b> un gâteau.,<b>Приготовить</b> торт.,🎂,v
inépuisable,неисчерпаемый,Une source <b>inépuisable</b>.,<b>Неисчерпаемый</b> источник.,💧,adj
un couillon,дурак (груб.),Quel <b>couillon</b> !,Какой <b>дурак</b>!,🤦,m
une bâtisse,строение; здание,Une vieille <b>bâtisse</b>.,Старое <b>здание</b>.,🏚️,f
une crève,простуда (разг.),J'ai chopé la <b>crève</b>.,Я <b>простудился</b>.,🤧,f
un thon,тунец,Du <b>thon</b> en conserve.,Консервированный <b>тунец</b>.,🐟,m
un sacré,священное; чертовски,Un <b>sacré</b> menteur !,<b>Чертов</b> лжец!,😤,m
un toutou,собачка (разг.),Mon petit <b>toutou</b>.,Мой <b>пёсик</b>.,🐕,m
un outrage,оскорбление; надругательство,Un <b>outrage</b> à la justice.,<b>Оскорбление</b> правосудия.,⚖️,m
jucher,усаживать высоко,Se <b>jucher</b> sur une branche.,<b>Взобраться</b> на ветку.,🌳,v
persécuter,преследовать,<b>Persécuter</b> les minorités.,<b>Преследовать</b> меньшинства.,😢,v
der,последний (разг.),C'est le <b>der</b> des ders.,Это <b>последний</b> из последних.,🔚,m
un fagot,вязанка (дров),Un <b>fagot</b> de bois.,<b>Вязанка</b> дров.,🪵,m
faiblir,слабеть,Ses forces <b>faiblissent</b>.,Его силы <b>слабеют</b>.,😓,v
un parterre,клумба; партер,Le <b>parterre</b> de fleurs.,<b>Клумба</b> цветов.,🌷,m
épingler,прикалывать; поймать,<b>Épingler</b> un criminel.,<b>Поймать</b> преступника.,📌,v
un chuchotement,шёпот,Un <b>chuchotement</b> dans la nuit.,<b>Шёпот</b> в ночи.,🤫,m
un format,формат,Le <b>format</b> du fichier.,<b>Формат</b> файла.,📐,m
un paradoxe,парадокс,C'est un <b>paradoxe</b>.,Это <b>парадокс</b>.,🤔,m
barbouiller,пачкать; мазать,<b>Barbouiller</b> le mur.,<b>Размалевать</b> стену.,🎨,v
une vitamine,витамин,Prendre des <b>vitamines</b>.,Принимать <b>витамины</b>.,💊,f
asperger,обрызгивать,<b>Asperger</b> d'eau.,<b>Обрызгать</b> водой.,💦,v
stimuler,стимулировать,<b>Stimuler</b> l'économie.,<b>Стимулировать</b> экономику.,📈,v
démentir,опровергать,<b>Démentir</b> une rumeur.,<b>Опровергнуть</b> слух.,🚫,v
une louange,хвала; похвала,Chanter les <b>louanges</b>.,Петь <b>хвалу</b>.,🙌,f
neutraliser,нейтрализовать,<b>Neutraliser</b> l'ennemi.,<b>Нейтрализовать</b> врага.,⚔️,v
"embarrassé, embarrassée",смущённый,Un air <b>embarrassé</b>.,<b>Смущённый</b> вид.,😳,adj
"musclé, musclée",мускулистый,Un homme <b>musclé</b>.,<b>Мускулистый</b> мужчина.,💪,adj
un magistrat,судья; магистрат,Le <b>magistrat</b> rend son verdict.,<b>Судья</b> выносит вердикт.,⚖️,m
"breton, bretonne",бретонский,La culture <b>bretonne</b>.,<b>Бретонская</b> культура.,🇫🇷,adj
un médium,медиум; средний,Consulter un <b>médium</b>.,Обратиться к <b>медиуму</b>.,🔮,m
une aisselle,подмышка,Sous l'<b>aisselle</b>.,Под <b>мышкой</b>.,💪,f
une moutarde,горчица,De la <b>moutarde</b> de Dijon.,Дижонская <b>горчица</b>.,🌭,f
un marécage,болото,Un <b>marécage</b> dangereux.,Опасное <b>болото</b>.,🏞️,m
"protégé, protégée",защищённый,Une espèce <b>protégée</b>.,<b>Защищённый</b> вид.,🛡️,adj
recopier,переписывать,<b>Recopier</b> un texte.,<b>Переписать</b> текст.,✍️,v
un millimètre,миллиметр,Un <b>millimètre</b> près.,С точностью до <b>миллиметра</b>.,📏,m
une brioche,бриошь,Une <b>brioche</b> au beurre.,<b>Бриошь</b> с маслом.,🥐,f
"douillet, douillette",уютный; изнеженный,Un lit <b>douillet</b>.,<b>Уютная</b> кровать.,🛏️,adj
"irlandais, irlandaise",ирландский,La bière <b>irlandaise</b>.,<b>Ирландское</b> пиво.,🍀,adj
raciste,расист,Un propos <b>raciste</b>.,<b>Расистское</b> высказывание.,🚫,adj
un batteur,ударник; венчик,Le <b>batteur</b> du groupe.,<b>Ударник</b> группы.,🥁,m
"froissé, froissée",смятый; обиженный,Une chemise <b>froissée</b>.,<b>Мятая</b> рубашка.,👔,adj
inséparable,неразлучный,Des amis <b>inséparables</b>.,<b>Неразлучные</b> друзья.,👯,adj
un colosse,колосс; великан,Un <b>colosse</b> aux pieds d'argile.,<b>Колосс</b> на глиняных ногах.,🗿,m
un district,район; округ,Le <b>district</b> fédéral.,Федеральный <b>округ</b>.,🏛️,m
un tram,трамвай,Prendre le <b>tram</b>.,Сесть на <b>трамвай</b>.,🚋,m
une intonation,интонация,L'<b>intonation</b> de la voix.,<b>Интонация</b> голоса.,🗣️,f
accro,зависимый (разг.),Être <b>accro</b> au café.,Быть <b>зависимым</b> от кофе.,☕,adj
une impératrice,императрица,L'<b>impératrice</b> Joséphine.,<b>Императрица</b> Жозефина.,👑,f
"laiteux, laiteuse",молочный; белёсый,Un teint <b>laiteux</b>.,<b>Молочная</b> кожа.,🥛,adj
une irritation,раздражение,Une <b>irritation</b> de la peau.,<b>Раздражение</b> кожи.,😣,f
une orthographe,орфография,Faute d'<b>orthographe</b>.,Орфографическая ошибка.,📝,f
un froissement,шорох; обида,Le <b>froissement</b> du papier.,<b>Шорох</b> бумаги.,📄,m
une clochette,колокольчик,La <b>clochette</b> tinte.,<b>Колокольчик</b> звенит.,🔔,f
un collant,колготки,Porter des <b>collants</b>.,Носить <b>колготки</b>.,🩱,m
un lavage,мытьё; стирка,Le <b>lavage</b> du linge.,<b>Стирка</b> белья.,🧺,m
un puissant,могущественный (субст.),Les <b>puissants</b> de ce monde.,<b>Власть имущие</b>.,💪,m
une idiotie,глупость,Dire des <b>idioties</b>.,Говорить <b>глупости</b>.,🤦,f
une puissante,могущественная,Une femme <b>puissante</b>.,<b>Влиятельная</b> женщина.,👩‍💼,f
labourer,пахать,<b>Labourer</b> un champ.,<b>Пахать</b> поле.,🚜,v
une provenance,происхождение,Pays de <b>provenance</b>.,Страна <b>происхождения</b>.,📍,f
"abattu, abattue",сражённый; подавленный,Un air <b>abattu</b>.,<b>Подавленный</b> вид.,😔,adj
"montant, montante",восходящий; поднимающийся,La marée <b>montante</b>.,<b>Прилив</b>.,🌊,adj
une banalité,банальность,Dire des <b>banalités</b>.,Говорить <b>банальности</b>.,😐,f
un coffre-fort,сейф,Mettre dans le <b>coffre-fort</b>.,Положить в <b>сейф</b>.,🔐,m
"convaincant, convaincante",убедительный,Un argument <b>convaincant</b>.,<b>Убедительный</b> аргумент.,✅,adj
un papi,дедушка (разг.),Mon <b>papi</b> est gentil.,Мой <b>дедушка</b> добрый.,👴,m
retrousser,засучивать; подворачивать,<b>Retrousser</b> ses manches.,<b>Засучить</b> рукава.,💪,v
un zèbre,зебра,Le <b>zèbre</b> a des rayures.,У <b>зебры</b> полоски.,🦓,m
"pressant, pressante",срочный; настойчивый,Un besoin <b>pressant</b>.,<b>Срочная</b> нужда.,⚡,adj
"raté, ratée",неудавшийся; бракованный,Un tir <b>raté</b>.,<b>Промах</b>.,❌,adj
un support,опора; носитель,Un <b>support</b> publicitaire.,Рекламный <b>носитель</b>.,📱,m
embraser,воспламенять,<b>Embraser</b> les coeurs.,<b>Зажигать</b> сердца.,🔥,v
une mosquée,мечеть,Prier à la <b>mosquée</b>.,Молиться в <b>мечети</b>.,🕌,f
un saindoux,свиной жир,Cuire au <b>saindoux</b>.,Жарить на <b>смальце</b>.,🥓,m
un épuisement,истощение,L'<b>épuisement</b> nerveux.,Нервное <b>истощение</b>.,😴,m
une attribution,присвоение; компетенция,L'<b>attribution</b> des prix.,<b>Присуждение</b> премий.,🏆,f
un cornet,рожок; кулёк,Un <b>cornet</b> de glace.,<b>Рожок</b> мороженого.,🍦,m
une nouille,лапша,Des <b>nouilles</b> chinoises.,Китайская <b>лапша</b>.,🍜,f
un matériau,материал,Un <b>matériau</b> de construction.,Строительный <b>материал</b>.,🧱,m
"méprisant, méprisante",презрительный,Un ton <b>méprisant</b>.,<b>Презрительный</b> тон.,😒,adj
une compensation,компенсация,Recevoir une <b>compensation</b>.,Получить <b>компенсацию</b>.,💰,f
une maquette,макет,La <b>maquette</b> du projet.,<b>Макет</b> проекта.,📐,f
une bienveillance,доброжелательность,Avec <b>bienveillance</b>.,С <b>доброжелательностью</b>.,😊,f
excéder,превышать; раздражать,<b>Excéder</b> les limites.,<b>Превысить</b> пределы.,📈,v
flâner,бродить; прогуливаться,<b>Flâner</b> dans les rues.,<b>Бродить</b> по улицам.,🚶,v
moisir,плесневеть; прозябать,Le pain a <b>moisi</b>.,Хлеб <b>заплесневел</b>.,🍞,v
un hectare,гектар,Un terrain de dix <b>hectares</b>.,Участок в десять <b>гектаров</b>.,🌾,m
un jockey,жокей,Le <b>jockey</b> monte le cheval.,<b>Жокей</b> на лошади.,🏇,m
"bronzé, bronzée",загорелый,Une peau <b>bronzée</b>.,<b>Загорелая</b> кожа.,☀️,adj
une conspiration,заговор,Une <b>conspiration</b> secrète.,Тайный <b>заговор</b>.,🤫,f
affliger,огорчать; поражать,Cette nouvelle m'<b>afflige</b>.,Эта новость меня <b>огорчает</b>.,😢,v
sommer,требовать; приказывать,<b>Sommer</b> quelqu'un de partir.,"<b>Потребовать</b>, чтобы кто-то ушёл.",⚠️,v
un bahut,комод; лицей (разг.),Le <b>bahut</b> est fermé.,<b>Лицей</b> закрыт.,🏫,m
un parachute,парашют,Sauter en <b>parachute</b>.,Прыгать с <b>парашютом</b>.,🪂,m
une recrue,новобранец,Une nouvelle <b>recrue</b>.,Новый <b>новобранец</b>.,🎖️,f
une houle,зыбь; волнение,La <b>houle</b> de l'océan.,<b>Зыбь</b> океана.,🌊,f
riposter,давать отпор,<b>Riposter</b> à une attaque.,<b>Дать отпор</b> атаке.,⚔️,v
une chouette,сова,La <b>chouette</b> hulule.,<b>Сова</b> ухает.,🦉,f
une froideur,холодность,Accueillir avec <b>froideur</b>.,Встретить <b>холодно</b>.,❄️,f
une immensité,необъятность,L'<b>immensité</b> de l'univers.,<b>Бесконечность</b> вселенной.,🌌,f
fouiner,рыться; совать нос,<b>Fouiner</b> dans les affaires.,<b>Рыться</b> в делах.,🔍,v
une coulée,поток; отливка,Une <b>coulée</b> de lave.,<b>Поток</b> лавы.,🌋,f
"bouclé, bouclée",кудрявый; завершённый,Des cheveux <b>bouclés</b>.,<b>Кудрявые</b> волосы.,👩‍🦱,adj
une mercerie,галантерея,Acheter du fil à la <b>mercerie</b>.,Купить нитки в <b>галантерее</b>.,🧵,f
un ricanement,хихиканье; ухмылка,Un <b>ricanement</b> moqueur.,Насмешливое <b>хихиканье</b>.,😏,m
"changé, changée",изменённый,Un homme <b>changé</b>.,<b>Изменившийся</b> человек.,🔄,adj
un reporter,репортёр,Le <b>reporter</b> interviewe.,<b>Репортёр</b> берёт интервью.,📰,m
"vaincu, vaincue",побеждённый,L'armée <b>vaincue</b>.,<b>Побеждённая</b> армия.,🏳️,adj
informe,бесформенный,Une masse <b>informe</b>.,<b>Бесформенная</b> масса.,🫠,adj
"insuffisant, insuffisante",недостаточный,Un salaire <b>insuffisant</b>.,<b>Недостаточная</b> зарплата.,💸,adj
une batte,бита,Une <b>batte</b> de baseball.,Бейсбольная <b>бита</b>.,🏏,f
"qualifié, qualifiée",квалифицированный,Un ouvrier <b>qualifié</b>.,<b>Квалифицированный</b> рабочий.,👷,adj
trôner,восседать; красоваться,Le vase <b>trône</b> sur la table.,Ваза <b>красуется</b> на столе.,👑,v
un entonnoir,воронка,Verser avec un <b>entonnoir</b>.,Наливать через <b>воронку</b>.,🔻,m
"piquant, piquante",острый; колючий,Une sauce <b>piquante</b>.,<b>Острый</b> соус.,🌶️,adj
un amour-propre,самолюбие,Blesser l'<b>amour-propre</b>.,Задеть <b>самолюбие</b>.,💔,m
un observateur,наблюдатель,Un <b>observateur</b> attentif.,Внимательный <b>наблюдатель</b>.,👁️,m
"joueur, joueuse",игривый; азартный,Un chat <b>joueur</b>.,<b>Игривый</b> кот.,🎮,adj
une intrusion,вторжение,Une <b>intrusion</b> dans la vie privée.,<b>Вторжение</b> в личную жизнь.,🚪,f
une visière,козырёк,La <b>visière</b> de la casquette.,<b>Козырёк</b> кепки.,🧢,f
"stupéfiant, stupéfiante",ошеломляющий,Une nouvelle <b>stupéfiante</b>.,<b>Ошеломляющая</b> новость.,😲,adj
un courtisan,придворный,Le <b>courtisan</b> flatte le roi.,<b>Придворный</b> льстит королю.,🤴,m
une tiédeur,теплота; прохладность,La <b>tiédeur</b> de l'eau.,<b>Тепловатость</b> воды.,🌡️,f
une trouvaille,находка,Quelle <b>trouvaille</b> !,Какая <b>находка</b>!,💎,f
épouvanter,ужасать,Cette idée m'<b>épouvante</b>.,Эта идея меня <b>ужасает</b>.,😱,v
motiver,мотивировать,<b>Motiver</b> les employés.,<b>Мотивировать</b> сотрудников.,💪,v
séjourner,гостить; пребывать,<b>Séjourner</b> à l'hôtel.,<b>Остановиться</b> в отеле.,🏨,v
un campus,кампус,Le <b>campus</b> universitaire.,Университетский <b>кампус</b>.,🎓,m
un livreur,курьер; доставщик,Le <b>livreur</b> de pizzas.,<b>Доставщик</b> пиццы.,📦,m
un signor,синьор,"Bonjour, <b>signor</b>.","Здравствуйте, <b>синьор</b>.",🎩,m
"assassiné, assassinée",убитый,Un homme <b>assassiné</b>.,<b>Убитый</b> мужчина.,🔪,adj
métamorphoser,преображать,Se <b>métamorphoser</b>.,<b>Преображаться</b>.,🦋,v
un chargeur,зарядное; обойма,Le <b>chargeur</b> du téléphone.,<b>Зарядка</b> телефона.,🔌,m
"vocal, vocale",голосовой,Les cordes <b>vocales</b>.,<b>Голосовые</b> связки.,🎤,adj
consigner,записывать; сдавать,<b>Consigner</b> les faits.,<b>Записать</b> факты.,📝,v
maximum,максимальный,La vitesse <b>maximum</b>.,<b>Максимальная</b> скорость.,⬆️,adj
une coupole,купол,La <b>coupole</b> de l'église.,<b>Купол</b> церкви.,⛪,f
entonner,затягивать (песню),<b>Entonner</b> un hymne.,<b>Затянуть</b> гимн.,🎵,v
une calomnie,клевета,C'est une <b>calomnie</b> !,Это <b>клевета</b>!,🤥,f
un baigneur,купальщик,Les <b>baigneurs</b> à la plage.,<b>Купальщики</b> на пляже.,🏊,m
"théâtral, théâtrale",театральный,Un geste <b>théâtral</b>.,<b>Театральный</b> жест.,🎭,adj
un vallon,долина,Un <b>vallon</b> verdoyant.,Зелёная <b>долина</b>.,🏞️,m
humer,нюхать; вдыхать,<b>Humer</b> l'air frais.,<b>Вдыхать</b> свежий воздух.,👃,v
morose,мрачный; угрюмый,Un temps <b>morose</b>.,<b>Мрачная</b> погода.,😔,adj
un piaillement,писк; щебетание,Le <b>piaillement</b> des oiseaux.,<b>Щебетание</b> птиц.,🐦,m
une échine,хребет; спина,Courber l'<b>échine</b>.,<b>Гнуть спину</b>.,🦴,f
un annuaire,справочник,L'<b>annuaire</b> téléphonique.,Телефонный <b>справочник</b>.,📖,m
un apôtre,апостол,Les douze <b>apôtres</b>.,Двенадцать <b>апостолов</b>.,⛪,m
un bridge,бридж,Jouer au <b>bridge</b>.,Играть в <b>бридж</b>.,🃏,m
morbide,болезненный,Une curiosité <b>morbide</b>.,<b>Болезненное</b> любопытство.,😷,adj
une polka,полька (танец),Danser la <b>polka</b>.,Танцевать <b>польку</b>.,💃,f
une animation,анимация,Une <b>animation</b> pour enfants.,Детская <b>анимация</b>.,🎬,f
pouffer,фыркать,<b>Pouffer</b> de rire.,<b>Фыркнуть</b> от смеха.,😂,v
un millénaire,тысячелетие,Le troisième <b>millénaire</b>.,Третье <b>тысячелетие</b>.,📅,m
démoniaque,демонический,Un rire <b>démoniaque</b>.,<b>Демонический</b> смех.,😈,adj
tresser,плести,<b>Tresser</b> des cheveux.,<b>Плести</b> косу.,💇,v
une douanière,таможенница,La <b>douanière</b> vérifie les bagages.,<b>Таможенница</b> проверяет багаж.,🛃,f
une émeraude,изумруд,Une <b>émeraude</b> précieuse.,Драгоценный <b>изумруд</b>.,💎,f
un veinard,везунчик,Quel <b>veinard</b> !,Какой <b>везунчик</b>!,🍀,m
un douanier,таможенник,Le <b>douanier</b> vérifie les bagages.,<b>Таможенник</b> проверяет багаж.,🛃,m
une halle,крытый рынок,La <b>halle</b> aux poissons.,Рыбный <b>рынок</b>.,🏛️,f
un avortement,аборт,Un <b>avortement</b> spontané.,Спонтанный <b>аборт</b>.,🏥,m
attester,свидетельствовать,<b>Attester</b> la vérité.,<b>Свидетельствовать</b> правду.,📜,v
"dansant, dansante",танцевальный,Une soirée <b>dansante</b>.,<b>Танцевальный</b> вечер.,💃,adj
incrédule,недоверчивый,Un regard <b>incrédule</b>.,<b>Недоверчивый</b> взгляд.,🤨,adj
une trombe,смерч,Une <b>trombe</b> d'eau.,Водяной <b>смерч</b>.,🌊,f
une cache,тайник,Une <b>cache</b> secrète.,Тайный <b>тайник</b>.,🗝️,f
rafler,сгребать,<b>Rafler</b> tous les prix.,<b>Сгрести</b> все призы.,🏆,v
une fourche,вилы,Une <b>fourche</b> de jardin.,Садовые <b>вилы</b>.,🔱,f
"approprié, appropriée",подходящий,Une réponse <b>appropriée</b>.,<b>Подходящий</b> ответ.,✅,adj
roupiller,дрыхнуть,<b>Roupiller</b> toute la journée.,<b>Дрыхнуть</b> весь день.,😴,v
antiquaire,антиквар,Un <b>antiquaire</b> réputé.,Известный <b>антиквар</b>.,🏺,m
une révérence,реверанс,Faire une <b>révérence</b>.,Сделать <b>реверанс</b>.,🎭,f
omettre,упускать,<b>Omettre</b> un détail.,<b>Упустить</b> деталь.,❌,v
un sceau,печать,Le <b>sceau</b> royal.,Королевская <b>печать</b>.,🔏,m
une retrouvaille,встреча (после разлуки),Des <b>retrouvailles</b> émouvantes.,Трогательная <b>встреча</b>.,🤗,f
"haletant, haletante",задыхающийся,Une voix <b>haletante</b>.,<b>Задыхающийся</b> голос.,😮‍💨,adj
optimiste,оптимистичный,Une vision <b>optimiste</b>.,<b>Оптимистичный</b> взгляд.,😊,adj
un hoquet,икота,Avoir le <b>hoquet</b>.,У меня <b>икота</b>.,🗣️,m
un sous-officier,унтер-офицер,Un <b>sous-officier</b> de l'armée.,Армейский <b>унтер-офицер</b>.,🎖️,m
"barbu, barbue",бородатый,Un homme <b>barbu</b>.,<b>Бородатый</b> мужчина.,🧔,adj
"buté, butée",упрямый,Un enfant <b>buté</b>.,<b>Упрямый</b> ребёнок.,😤,adj
une sous-officière,сержант (ж.р.),La <b>sous-officière</b> commande.,<b>Сержант</b> командует.,🎖️,f
un feuilleton,сериал,Un <b>feuilleton</b> télévisé.,Телевизионный <b>сериал</b>.,📺,m
un clerc,клерк,Un <b>clerc</b> de notaire.,<b>Клерк</b> нотариуса.,📋,m
une hérésie,ересь,C'est une <b>hérésie</b> !,Это <b>ересь</b>!,⚠️,f
attrister,печалить,Cette nouvelle m'<b>attriste</b>.,Эта новость меня <b>печалит</b>.,😢,v
un hibou,сова,Un <b>hibou</b> dans la nuit.,<b>Сова</b> в ночи.,🦉,m
une doctrine,доктрина,Une <b>doctrine</b> politique.,Политическая <b>доктрина</b>.,📖,f
"déplaisant, déplaisante",неприятный,Une situation <b>déplaisante</b>.,<b>Неприятная</b> ситуация.,😕,adj
un emmerdeur,зануда (груб.),Quel <b>emmerdeur</b> !,Какой <b>зануда</b>!,😤,m
invincible,непобедимый,Une armée <b>invincible</b>.,<b>Непобедимая</b> армия.,🛡️,adj
un coudrier,орешник,Le <b>coudrier</b> est un arbuste.,<b>Орешник</b> — кустарник.,🌳,m
damner,проклинать,<b>Damner</b> son âme.,<b>Проклясть</b> душу.,😈,v
une intégrité,целостность,L'<b>intégrité</b> territoriale.,Территориальная <b>целостность</b>.,🗺️,f
une meule,жёрнов,Une <b>meule</b> de moulin.,Мельничный <b>жёрнов</b>.,🌾,f
"dru, drue",густой,Une pluie <b>drue</b>.,<b>Густой</b> дождь.,🌧️,adj
déambuler,прогуливаться,<b>Déambuler</b> dans la rue.,<b>Прогуливаться</b> по улице.,🚶,v
un levier,рычаг,Actionner le <b>levier</b>.,Нажать на <b>рычаг</b>.,🔧,m
une particule,частица,Une <b>particule</b> de poussière.,<b>Частица</b> пыли.,🔬,f
sévir,свирепствовать,L'épidémie <b>sévit</b>.,Эпидемия <b>свирепствует</b>.,⚠️,v
accoutumer,приучать,S'<b>accoutumer</b> au froid.,<b>Привыкнуть</b> к холоду.,🌡️,v
ratisser,сгребать граблями,<b>Ratisser</b> les feuilles.,<b>Сгребать</b> листья.,🍂,v
"tombant, tombante",ниспадающий,Des épaules <b>tombantes</b>.,<b>Покатые</b> плечи.,👤,adj
une fragilité,хрупкость,La <b>fragilité</b> du verre.,<b>Хрупкость</b> стекла.,💎,f
gelé,замороженный; замёрзший,Les mains <b>gelées</b>.,<b>Замёрзшие</b> руки.,🥶,adj
un enclos,загон,Un <b>enclos</b> pour animaux.,<b>Загон</b> для животных.,🐄,m
un baseball,бейсбол,Jouer au <b>baseball</b>.,Играть в <b>бейсбол</b>.,⚾,m
un vitrail,витраж,Un <b>vitrail</b> d'église.,Церковный <b>витраж</b>.,🏰,m
assimiler,усваивать,<b>Assimiler</b> des connaissances.,<b>Усваивать</b> знания.,📚,v
barder,накаляться,Ça va <b>barder</b> !,Сейчас <b>начнётся</b>!,🔥,v
un halo,ореол,Un <b>halo</b> de lumière.,<b>Ореол</b> света.,✨,m
un surveillant,надзиратель,Le <b>surveillant</b> de prison.,Тюремный <b>надзиратель</b>.,👮,m
une dérision,насмешка,Tourner en <b>dérision</b>.,Подвергать <b>насмешке</b>.,😏,f
une sonde,зонд,Une <b>sonde</b> spatiale.,Космический <b>зонд</b>.,🛸,f
patriote,патриот,Un <b>patriote</b> convaincu.,Убеждённый <b>патриот</b>.,🏳️,m
une volaille,птица (мясо),De la <b>volaille</b> rôtie.,Жареная <b>птица</b>.,🍗,f
"écossais, écossaise",шотландский,Un kilt <b>écossais</b>.,<b>Шотландский</b> килт.,🏴󠁧󠁢󠁳󠁣󠁴󠁿,adj
extraterrestre,инопланетный,Une vie <b>extraterrestre</b>.,<b>Инопланетная</b> жизнь.,👽,adj
"rugueux, rugueuse",шершавый,Une surface <b>rugueuse</b>.,<b>Шершавая</b> поверхность.,🪨,adj
"impur, impure",нечистый,Une eau <b>impure</b>.,<b>Нечистая</b> вода.,💧,adj
joncher,устилать,Des feuilles <b>jonchent</b> le sol.,Листья <b>устилают</b> землю.,🍂,v
une échéance,срок,À courte <b>échéance</b>.,В краткосрочной <b>перспективе</b>.,📅,f
similaire,похожий,Un cas <b>similaire</b>.,<b>Похожий</b> случай.,🔄,adj
un comprimé,таблетка,Prendre un <b>comprimé</b>.,Принять <b>таблетку</b>.,💊,m
dégouliner,стекать,L'eau <b>dégouline</b>.,Вода <b>стекает</b>.,💧,v
un bandeau,повязка,Un <b>bandeau</b> sur les yeux.,<b>Повязка</b> на глазах.,🎭,m
un los,хвала (устар.),Chanter les <b>los</b>.,Петь <b>хвалу</b>.,🎵,m
une pénitence,покаяние,Faire <b>pénitence</b>.,Совершать <b>покаяние</b>.,🙏,f
lunaire,лунный,Un paysage <b>lunaire</b>.,<b>Лунный</b> пейзаж.,🌙,adj
un feuillet,листок,Un <b>feuillet</b> de papier.,<b>Листок</b> бумаги.,📄,m
licencier,увольнять,<b>Licencier</b> un employé.,<b>Уволить</b> сотрудника.,📋,v
une frénésie,неистовство,Avec <b>frénésie</b>.,С <b>неистовством</b>.,🔥,f
voguer,плыть,<b>Voguer</b> sur les flots.,<b>Плыть</b> по волнам.,⛵,v
"craintif, craintive",боязливый,Un regard <b>craintif</b>.,<b>Боязливый</b> взгляд.,😨,adj
truquer,фальсифицировать,<b>Truquer</b> les élections.,<b>Фальсифицировать</b> выборы.,🗳️,v
une virilité,мужественность,Prouver sa <b>virilité</b>.,Доказать свою <b>мужественность</b>.,💪,f
moucher,сморкаться,Se <b>moucher</b> bruyamment.,Громко <b>сморкаться</b>.,🤧,v
une métaphore,метафора,Une belle <b>métaphore</b>.,Красивая <b>метафора</b>.,📝,f
éprendre,влюбляться,S'<b>éprendre</b> de quelqu'un.,<b>Влюбиться</b> в кого-то.,❤️,v
importuner,докучать,<b>Importuner</b> quelqu'un.,<b>Докучать</b> кому-то.,😤,v
un paiement,платёж,Un <b>paiement</b> en ligne.,Онлайн <b>платёж</b>.,💳,m
enquérir,осведомляться,S'<b>enquérir</b> de la santé.,<b>Справиться</b> о здоровье.,❓,v
nécessiter,требовать,Cela <b>nécessite</b> du temps.,Это <b>требует</b> времени.,⏰,v
un intestin,кишечник,L'<b>intestin</b> grêle.,Тонкий <b>кишечник</b>.,🏥,m
"moqueur, moqueuse",насмешливый,Un ton <b>moqueur</b>.,<b>Насмешливый</b> тон.,😏,adj
un val,долина,Un <b>val</b> verdoyant.,Зелёная <b>долина</b>.,🏞️,m
éclair,молниеносный,Une visite <b>éclair</b>.,<b>Молниеносный</b> визит.,⚡,adj
"pénal, pénale",уголовный,Le code <b>pénal</b>.,<b>Уголовный</b> кодекс.,⚖️,adj
"saillant, saillante",выступающий,Une mâchoire <b>saillante</b>.,<b>Выступающая</b> челюсть.,👤,adj
torcher,вытирать,<b>Torcher</b> un bébé.,<b>Вытереть</b> младенца.,👶,v
une désinvolture,непринуждённость,Avec <b>désinvolture</b>.,С <b>непринуждённостью</b>.,😎,f
un émoi,волнение,En grand <b>émoi</b>.,В большом <b>волнении</b>.,😰,m
un thanksgiving,День благодарения,Fêter <b>Thanksgiving</b>.,Праздновать <b>День благодарения</b>.,🦃,m
acceptable,приемлемый,Une offre <b>acceptable</b>.,<b>Приемлемое</b> предложение.,✅,adj
défigurer,обезображивать,<b>Défigurer</b> un visage.,<b>Обезобразить</b> лицо.,😱,v
un accordéon,аккордеон,Jouer de l'<b>accordéon</b>.,Играть на <b>аккордеоне</b>.,🪗,m
une moralité,мораль,La <b>moralité</b> de l'histoire.,<b>Мораль</b> истории.,📖,f
"cultivé, cultivée",образованный,Une personne <b>cultivée</b>.,<b>Образованный</b> человек.,🎓,adj
gorger,насыщать,Se <b>gorger</b> d'eau.,<b>Напитаться</b> водой.,💧,v
une cavale,бегство,Être en <b>cavale</b>.,Быть в <b>бегах</b>.,🏃,f
une contemplation,созерцание,En <b>contemplation</b> devant le paysage.,В <b>созерцании</b> пейзажа.,🌅,f
un ravisseur,похититель,Le <b>ravisseur</b> de l'enfant.,<b>Похититель</b> ребёнка.,👤,m
un marronnier,каштан,Un <b>marronnier</b> en fleurs.,Цветущий <b>каштан</b>.,🌳,m
juridique,юридический,Un conseil <b>juridique</b>.,<b>Юридическая</b> консультация.,⚖️,adj
un imprévu,неожиданность,Un <b>imprévu</b> de dernière minute.,<b>Неожиданность</b> в последний момент.,😮,m
un livret,книжечка,Un <b>livret</b> d'épargne.,Сберегательная <b>книжка</b>.,📘,m
cheminer,продвигаться,<b>Cheminer</b> lentement.,<b>Продвигаться</b> медленно.,🚶,v
une péniche,баржа,Vivre sur une <b>péniche</b>.,Жить на <b>барже</b>.,🚢,f
dérailler,сходить с рельсов,Le train <b>déraille</b>.,Поезд <b>сходит с рельсов</b>.,🚂,v
une doublure,подкладка,La <b>doublure</b> du manteau.,<b>Подкладка</b> пальто.,🧥,f
un crac,крах; треск,Le <b>crac</b> de 1929.,<b>Крах</b> 1929 года.,📉,m
une navigation,навигация,La <b>navigation</b> maritime.,Морская <b>навигация</b>.,🧭,f
un ranger,рейнджер,Le <b>ranger</b> du parc.,<b>Рейнджер</b> парка.,🌲,m
un trèfle,клевер,Un <b>trèfle</b> à quatre feuilles.,Четырёхлистный <b>клевер</b>.,🍀,m
une faïence,фаянс,De la <b>faïence</b> bleue.,Голубой <b>фаянс</b>.,🍶,f
un campement,лагерь,Un <b>campement</b> de fortune.,Временный <b>лагерь</b>.,⛺,m
un croisement,перекрёсток,Au <b>croisement</b> des routes.,На <b>перекрёстке</b> дорог.,🚦,m
pacifique,мирный,Une solution <b>pacifique</b>.,<b>Мирное</b> решение.,☮️,adj
"écoeurant, écoeurante",тошнотворный,Une odeur <b>écoeurante</b>.,<b>Тошнотворный</b> запах.,🤢,adj
un proviseur,директор школы,Le <b>proviseur</b> du lycée.,<b>Директор</b> лицея.,🏫,m
une carapace,панцирь,La <b>carapace</b> de tortue.,<b>Панцирь</b> черепахи.,🐢,f
un hareng,сельдь,Un <b>hareng</b> fumé.,Копчёная <b>сельдь</b>.,🐟,m
un mammouth,мамонт,Un <b>mammouth</b> préhistorique.,Доисторический <b>мамонт</b>.,🦣,m
un évangile,евангелие,L'<b>Évangile</b> selon Saint Jean.,<b>Евангелие</b> от Иоанна.,📖,m
"moustachu, moustachue",усатый,Un homme <b>moustachu</b>.,<b>Усатый</b> мужчина.,🥸,adj
renouer,возобновлять,<b>Renouer</b> une amitié.,<b>Возобновить</b> дружбу.,🤝,v
une proviseure,директор (ж.р.),La <b>proviseure</b> du lycée.,<b>Директор</b> лицея.,👩‍🏫,f
une anatomie,анатомия,L'<b>anatomie</b> humaine.,Человеческая <b>анатомия</b>.,🏥,f
embellir,украшать,<b>Embellir</b> la maison.,<b>Украсить</b> дом.,🏡,v
arnaquer,обманывать,Se faire <b>arnaquer</b>.,<b>Обмануться</b>.,💸,v
déboutonner,расстёгивать,<b>Déboutonner</b> sa chemise.,<b>Расстегнуть</b> рубашку.,👔,v
un embarquement,посадка,L'<b>embarquement</b> des passagers.,<b>Посадка</b> пассажиров.,✈️,m
une flanelle,фланель,Un pyjama en <b>flanelle</b>.,Пижама из <b>фланели</b>.,🧵,f
un clodo,бомж,Un pauvre <b>clodo</b>.,Бедный <b>бомж</b>.,🧔,m
une croissance,рост,La <b>croissance</b> économique.,Экономический <b>рост</b>.,📈,f
un cru,сорт вина,Un grand <b>cru</b>.,Великий <b>сорт</b>.,🍷,m
"gâté, gâtée",избалованный,Un enfant <b>gâté</b>.,<b>Избалованный</b> ребёнок.,👶,adj
un emprunt,заём,Faire un <b>emprunt</b>.,Взять <b>заём</b>.,💰,m
une contrainte,ограничение,Sans <b>contrainte</b>.,Без <b>ограничений</b>.,🚫,f
"essoufflé, essoufflée",запыхавшийся,Arriver <b>essoufflé</b>.,Прибежать <b>запыхавшись</b>.,😮‍💨,adj
un parchemin,пергамент,Un vieux <b>parchemin</b>.,Старый <b>пергамент</b>.,📜,m
une grossièreté,грубость,Dire des <b>grossièretés</b>.,Говорить <b>грубости</b>.,😤,f
un huissier,судебный пристав,L'<b>huissier</b> de justice.,Судебный <b>пристав</b>.,⚖️,m
un réduit,чулан,Un petit <b>réduit</b>.,Маленький <b>чулан</b>.,🚪,m
un tintement,звон,Le <b>tintement</b> des cloches.,<b>Звон</b> колоколов.,🔔,m
une béquille,костыль,Marcher avec des <b>béquilles</b>.,Ходить на <b>костылях</b>.,🏥,f
une huissière,судебный пристав (ж.р.),L'<b>huissière</b> signifie l'acte.,<b>Пристав</b> вручает акт.,⚖️,f
une pédale,педаль,Appuyer sur la <b>pédale</b>.,Нажать на <b>педаль</b>.,🚲,f
"anodin, anodine",безобидный,Une remarque <b>anodine</b>.,<b>Безобидное</b> замечание.,😊,adj
pourpre,пурпурный,Une robe <b>pourpre</b>.,<b>Пурпурное</b> платье.,🟣,adj
un ogre,людоед,Un <b>ogre</b> affamé.,Голодный <b>людоед</b>.,👹,m
une oppression,угнетение,Vivre sous l'<b>oppression</b>.,Жить под <b>гнётом</b>.,😔,f
un carburant,топливо,Le prix du <b>carburant</b>.,Цена <b>топлива</b>.,⛽,m
sautiller,подпрыгивать,<b>Sautiller</b> de joie.,<b>Подпрыгивать</b> от радости.,🐰,v
une avant-garde,авангард,L'<b>avant-garde</b> artistique.,Художественный <b>авангард</b>.,🎨,f
vénérable,почтенный,Un <b>vénérable</b> vieillard.,<b>Почтенный</b> старец.,👴,adj
"délirant, délirante",бредовый,Une idée <b>délirante</b>.,<b>Бредовая</b> идея.,🤯,adj
une camelote,барахло,De la <b>camelote</b> bon marché.,Дешёвое <b>барахло</b>.,📦,f
"désastreux, désastreuse",катастрофический,Un résultat <b>désastreux</b>.,<b>Катастрофический</b> результат.,💥,adj
refouler,подавлять,<b>Refouler</b> ses émotions.,<b>Подавлять</b> эмоции.,😶,v
un descendant,потомок,Les <b>descendants</b> du roi.,<b>Потомки</b> короля.,👪,m
une bannière,знамя,Brandir une <b>bannière</b>.,Размахивать <b>знаменем</b>.,🚩,f
"objectif, objective",объективный,Un jugement <b>objectif</b>.,<b>Объективное</b> суждение.,⚖️,adj
"verbal, verbale",устный,Un accord <b>verbal</b>.,<b>Устная</b> договорённость.,🗣️,adj
loucher,косить,<b>Loucher</b> légèrement.,Слегка <b>косить</b>.,👀,v
"ténébreux, ténébreuse",мрачный,Un regard <b>ténébreux</b>.,<b>Мрачный</b> взгляд.,🌑,adj
un bestiau,скотина (разг.),Un gros <b>bestiau</b>.,Большая <b>скотина</b>.,🐄,m
un déserteur,дезертир,Le <b>déserteur</b> a fui.,<b>Дезертир</b> сбежал.,🏃,m
un penchant,склонность,Avoir un <b>penchant</b> pour l'art.,Иметь <b>склонность</b> к искусству.,🎨,m
un villageois,сельский житель,Les <b>villageois</b> se réunissent.,<b>Сельские жители</b> собираются.,🏘️,m
une déserteuse,дезертир (ж.р.),La <b>déserteuse</b> a été arrêtée.,<b>Дезертира</b> задержали.,🏃‍♀️,f
hospitaliser,госпитализировать,<b>Hospitaliser</b> un patient.,<b>Госпитализировать</b> пациента.,🏥,v
une quille,кегля,Renverser les <b>quilles</b>.,Сбить <b>кегли</b>.,🎳,f
une traverse,шпала,Une <b>traverse</b> de chemin de fer.,Железнодорожная <b>шпала</b>.,🚂,f
"cadet, cadette",младший,Mon frère <b>cadet</b>.,Мой <b>младший</b> брат.,👦,adj
un traducteur,переводчик,Un <b>traducteur</b> professionnel.,Профессиональный <b>переводчик</b>.,📝,m
une mentalité,менталитет,Changer de <b>mentalité</b>.,Сменить <b>менталитет</b>.,🧠,f
indigène,коренной,Une population <b>indigène</b>.,<b>Коренное</b> население.,🌍,m
un matos,снаряжение,Préparer le <b>matos</b>.,Подготовить <b>снаряжение</b>.,🎒,m
traire,доить,<b>Traire</b> les vaches.,<b>Доить</b> коров.,🐄,v
une virée,вылазка,Une <b>virée</b> en voiture.,<b>Вылазка</b> на машине.,🚗,f
un bandage,повязка,Mettre un <b>bandage</b>.,Наложить <b>повязку</b>.,🩹,m
une astuce,хитрость,Une <b>astuce</b> pratique.,Практичная <b>хитрость</b>.,💡,f
approfondir,углублять,<b>Approfondir</b> ses connaissances.,<b>Углублять</b> знания.,📚,v
un fard,грим,Se mettre du <b>fard</b>.,Наносить <b>грим</b>.,🎭,m
un radeau,плот,Construire un <b>radeau</b>.,Построить <b>плот</b>.,🚣,m
un yaourt,йогурт,Manger un <b>yaourt</b>.,Есть <b>йогурт</b>.,🥛,m
une milicienne,ополченка,La <b>milicienne</b> patrouille.,<b>Ополченка</b> патрулирует.,👩‍✈️,f
recharger,перезаряжать,<b>Recharger</b> le téléphone.,<b>Перезарядить</b> телефон.,🔋,v
rugir,рычать,Le lion <b>rugit</b>.,Лев <b>рычит</b>.,🦁,v
une excursion,экскурсия,Une <b>excursion</b> en montagne.,<b>Экскурсия</b> в горы.,🏔️,f
une traction,тяга,La <b>traction</b> avant.,Передняя <b>тяга</b>.,🚗,f
un aspirateur,пылесос,Passer l'<b>aspirateur</b>.,Пропылесосить.,🧹,m
un crash,крушение,Un <b>crash</b> aérien.,Авиа<b>катастрофа</b>.,✈️,m
un dessinateur,чертёжник,Un <b>dessinateur</b> industriel.,Промышленный <b>чертёжник</b>.,✏️,m
un milicien,ополченец,Le <b>milicien</b> garde la frontière.,<b>Ополченец</b> охраняет границу.,👮,m
une prune,слива,Une <b>prune</b> mûre.,Спелая <b>слива</b>.,🍑,f
façonner,формировать,<b>Façonner</b> l'argile.,<b>Формировать</b> глину.,🏺,v
astronaute,космонавт,Un <b>astronaute</b> en mission.,<b>Космонавт</b> на миссии.,👨‍🚀,m
un script,сценарий,Écrire un <b>script</b>.,Написать <b>сценарий</b>.,📝,m
jaunâtre,желтоватый,Une couleur <b>jaunâtre</b>.,<b>Желтоватый</b> цвет.,🟡,adj
"engagé, engagée",активный,Un artiste <b>engagé</b>.,<b>Ангажированный</b> артист.,✊,adj
une directive,директива,Suivre les <b>directives</b>.,Следовать <b>директивам</b>.,📋,f
"poisseux, poisseuse",липкий,Des mains <b>poisseuses</b>.,<b>Липкие</b> руки.,🤚,adj
un cadran,циферблат,Le <b>cadran</b> de la montre.,<b>Циферблат</b> часов.,⏰,m
une broussaille,кустарник,Des <b>broussailles</b> épaisses.,Густой <b>кустарник</b>.,🌿,f
jacter,болтать,<b>Jacter</b> sans arrêt.,<b>Болтать</b> без остановки.,🗣️,v
un potentiel,потенциал,Un grand <b>potentiel</b>.,Большой <b>потенциал</b>.,📈,m
"énervé, énervée",раздражённый,Il est <b>énervé</b>.,Он <b>раздражён</b>.,😠,adj
"noyé, noyée",утонувший,Un homme <b>noyé</b>.,<b>Утонувший</b> человек.,💀,adj
sécuriser,обезопасить,<b>Sécuriser</b> la zone.,<b>Обезопасить</b> зону.,🔒,v
un tee-shirt,футболка,Un <b>tee-shirt</b> blanc.,Белая <b>футболка</b>.,👕,m
tatouer,татуировать,Se faire <b>tatouer</b>.,Сделать <b>татуировку</b>.,🎨,v
un renvoi,увольнение,Un <b>renvoi</b> injuste.,Несправедливое <b>увольнение</b>.,📋,m
un fonctionnement,функционирование,Le <b>fonctionnement</b> du système.,<b>Функционирование</b> системы.,⚙️,m
une milice,ополчение,Une <b>milice</b> armée.,Вооружённое <b>ополчение</b>.,⚔️,f
un infant,инфант,L'<b>infant</b> d'Espagne.,<b>Инфант</b> Испании.,👑,m
sonder,зондировать,<b>Sonder</b> le terrain.,<b>Прозондировать</b> почву.,🔍,v
une immortalité,бессмертие,L'<b>immortalité</b> de l'âme.,<b>Бессмертие</b> души.,✨,f
une netteté,чёткость,La <b>netteté</b> de l'image.,<b>Чёткость</b> изображения.,📷,f
"ambulant, ambulante",бродячий,Un marchand <b>ambulant</b>.,<b>Бродячий</b> торговец.,🚶,adj
un forgeron,кузнец,Le <b>forgeron</b> frappe le fer.,<b>Кузнец</b> куёт железо.,🔨,m
charitable,благотворительный,Une œuvre <b>charitable</b>.,<b>Благотворительная</b> организация.,❤️,adj
"végétal, végétale",растительный,Une huile <b>végétale</b>.,<b>Растительное</b> масло.,🌱,adj
"palpitant, palpitante",захватывающий,Une histoire <b>palpitante</b>.,<b>Захватывающая</b> история.,😮,adj
"étouffant, étouffante",душный,Une chaleur <b>étouffante</b>.,<b>Душная</b> жара.,🥵,adj
replacer,переставлять,<b>Replacer</b> les meubles.,<b>Переставить</b> мебель.,🪑,v
"travailleur, travailleuse",трудолюбивый,Un employé <b>travailleur</b>.,<b>Трудолюбивый</b> сотрудник.,💼,adj
un sabotage,саботаж,Un acte de <b>sabotage</b>.,Акт <b>саботажа</b>.,💥,m
une publication,публикация,Une <b>publication</b> scientifique.,Научная <b>публикация</b>.,📄,f
apitoyer,вызывать жалость,<b>Apitoyer</b> les gens.,<b>Вызывать жалость</b> у людей.,😢,v
braver,бросать вызов,<b>Braver</b> le danger.,<b>Бросить вызов</b> опасности.,💪,v
dégrader,ухудшать,<b>Dégrader</b> l'environnement.,<b>Ухудшать</b> окружающую среду.,🌍,v
"garanti, garantie",гарантированный,Un succès <b>garanti</b>.,<b>Гарантированный</b> успех.,✅,adj
un enchantement,очарование,Quel <b>enchantement</b> !,Какое <b>очарование</b>!,✨,m
"visqueux, visqueuse",вязкий,Un liquide <b>visqueux</b>.,<b>Вязкая</b> жидкость.,🧪,adj
"sensationnel, sensationnelle",сенсационный,Une nouvelle <b>sensationnelle</b>.,<b>Сенсационная</b> новость.,📰,adj
un conservatoire,консерватория,Le <b>conservatoire</b> de musique.,Музыкальная <b>консерватория</b>.,🎵,m
un vestige,след,Les <b>vestiges</b> du passé.,<b>Следы</b> прошлого.,🏛️,m
écarquiller,широко раскрывать,<b>Écarquiller</b> les yeux.,<b>Широко раскрыть</b> глаза.,👀,v
un blaireau,барсук,Un <b>blaireau</b> nocturne.,Ночной <b>барсук</b>.,🦡,m
coïncider,совпадать,Les dates <b>coïncident</b>.,Даты <b>совпадают</b>.,📅,v
"collant, collante",липкий,Des bonbons <b>collants</b>.,<b>Липкие</b> конфеты.,🍬,adj
un vinaigre,уксус,Un filet de <b>vinaigre</b>.,Немного <b>уксуса</b>.,🍶,m
un merdier,бардак (груб.),C'est le <b>merdier</b> !,Это <b>бардак</b>!,🤬,m
une virginité,девственность,Perdre sa <b>virginité</b>.,Потерять <b>девственность</b>.,💫,f
une illustration,иллюстрация,Une belle <b>illustration</b>.,Красивая <b>иллюстрация</b>.,🖼️,f
une maternité,материнство,La joie de la <b>maternité</b>.,Радость <b>материнства</b>.,👩‍👧,f
une connasse,дура (груб.),Quelle <b>connasse</b> !,Какая <b>дура</b>!,🤬,f
une salve,залп,Une <b>salve</b> d'applaudissements.,<b>Залп</b> аплодисментов.,👏,f
un séminaire,семинар,Assister à un <b>séminaire</b>.,Посетить <b>семинар</b>.,📚,m
alarmer,тревожить,<b>Alarmer</b> la population.,<b>Встревожить</b> население.,🚨,v
un spasme,спазм,Un <b>spasme</b> musculaire.,Мышечный <b>спазм</b>.,💪,m
une fréquentation,посещаемость,La <b>fréquentation</b> du musée.,<b>Посещаемость</b> музея.,🏛️,f
une motte,ком,Une <b>motte</b> de terre.,<b>Ком</b> земли.,🌍,f
substituer,заменять,<b>Substituer</b> un produit.,<b>Заменить</b> продукт.,🔄,v
une chimère,химера,Poursuivre des <b>chimères</b>.,Гоняться за <b>химерами</b>.,🦄,f
un terminus,конечная,Arriver au <b>terminus</b>.,Приехать на <b>конечную</b>.,🚌,m
"fuyant, fuyante",уклончивый,Un regard <b>fuyant</b>.,<b>Уклончивый</b> взгляд.,👀,adj
une jeep,джип,Rouler en <b>jeep</b>.,Ехать на <b>джипе</b>.,🚙,f
une réduction,скидка,Une <b>réduction</b> de prix.,<b>Скидка</b> на цену.,💸,f
"extravagant, extravagante",экстравагантный,Une tenue <b>extravagante</b>.,<b>Экстравагантный</b> наряд.,👗,adj
une interruption,прерывание,Sans <b>interruption</b>.,Без <b>прерывания</b>.,⏸️,f
un sandwich,сэндвич,Manger un <b>sandwich</b>.,Есть <b>сэндвич</b>.,🥪,m
un ralliement,сплочение,Un point de <b>ralliement</b>.,Точка <b>сбора</b>.,📍,m
un rondin,бревно,Un <b>rondin</b> de bois.,Деревянное <b>бревно</b>.,🪵,m
un costaud,крепыш,Un <b>costaud</b> impressionnant.,Впечатляющий <b>крепыш</b>.,💪,m
une antichambre,приёмная,Attendre dans l'<b>antichambre</b>.,Ждать в <b>приёмной</b>.,🚪,f
une sierra,сьерра (горы),La <b>Sierra</b> Nevada.,<b>Сьерра</b> Невада.,🏔️,f
une rébellion,мятеж,Une <b>rébellion</b> armée.,Вооружённый <b>мятеж</b>.,⚔️,f
une station-service,заправка,S'arrêter à la <b>station-service</b>.,Остановиться на <b>заправке</b>.,⛽,f
une piété,благочестие,Avec <b>piété</b>.,С <b>благочестием</b>.,🙏,f
gazer,травить газом,<b>Gazer</b> les insectes.,<b>Травить</b> насекомых.,💨,v
ferrer,подковывать,<b>Ferrer</b> un cheval.,<b>Подковать</b> лошадь.,🐴,v
verdâtre,зеленоватый,Une couleur <b>verdâtre</b>.,<b>Зеленоватый</b> цвет.,🟢,adj
une fonte,чугун,Une casserole en <b>fonte</b>.,Чугунная <b>кастрюля</b>.,🍳,f
surplomber,нависать,Le rocher <b>surplombe</b> la vallée.,Скала <b>нависает</b> над долиной.,🏔️,v
teindre,красить,<b>Teindre</b> les cheveux.,<b>Красить</b> волосы.,💇,v
un morveux,сопляк,Un petit <b>morveux</b>.,Маленький <b>сопляк</b>.,🧒,m
"méticuleux, méticuleuse",педантичный,Un travail <b>méticuleux</b>.,<b>Педантичная</b> работа.,🔍,adj
trimer,вкалывать,<b>Trimer</b> toute la journée.,<b>Вкалывать</b> весь день.,💪,v
une ortie,крапива,Piqûre d'<b>ortie</b>.,Укол <b>крапивы</b>.,🌿,f
bagarrer,драться,Se <b>bagarrer</b> dans la rue.,<b>Драться</b> на улице.,👊,v
une précipitation,поспешность,Agir avec <b>précipitation</b>.,Действовать с <b>поспешностью</b>.,⚡,f
éjecter,катапультировать,<b>Éjecter</b> le pilote.,<b>Катапультировать</b> пилота.,✈️,v
un rechange,запасной,Une roue de <b>rechange</b>.,<b>Запасное</b> колесо.,🛞,m
un compositeur,композитор,Un grand <b>compositeur</b>.,Великий <b>композитор</b>.,🎼,m
un relevé,выписка,Un <b>relevé</b> bancaire.,Банковская <b>выписка</b>.,📄,m
cramer,сгорать,Le rôti a <b>cramé</b>.,Жаркое <b>сгорело</b>.,🔥,v
un patois,диалект,Parler le <b>patois</b> local.,Говорить на местном <b>диалекте</b>.,🗣️,m
une éventualité,возможность,Envisager toutes les <b>éventualités</b>.,Предусмотреть все <b>возможности</b>.,🤔,f
duper,обманывать,Se laisser <b>duper</b>.,Дать себя <b>обмануть</b>.,🎭,v
un coursier,курьер,Le <b>coursier</b> livre le colis.,<b>Курьер</b> доставляет посылку.,📦,m
un roll,ролл; рок-н-ролл,Le rock and <b>roll</b>.,<b>Рок-н-ролл</b>.,🎸,m
"rayé, rayée",полосатый,Un tissu <b>rayé</b>.,<b>Полосатая</b> ткань.,👔,adj
abrutir,отупеть,La télé l'<b>abrutit</b>.,Телевизор его <b>отупляет</b>.,📺,v
une poisse,невезение,Quelle <b>poisse</b> !,Какое <b>невезение</b>!,😩,f
soprano,сопрано,Une voix de <b>soprano</b>.,Голос <b>сопрано</b>.,🎤,m
géomètre,геодезист,Un <b>géomètre</b> expert.,<b>Геодезист</b>-эксперт.,📐,m
fortifier,укреплять,<b>Fortifier</b> les défenses.,<b>Укрепить</b> оборону.,🏰,v
infaillible,безошибочный,Une méthode <b>infaillible</b>.,<b>Безошибочный</b> метод.,✅,adj
une relique,реликвия,Une <b>relique</b> sacrée.,Священная <b>реликвия</b>.,⛪,f
"retenu, retenue",сдержанный,Un ton <b>retenu</b>.,<b>Сдержанный</b> тон.,😐,adj
un fondateur,основатель,Le <b>fondateur</b> de l'entreprise.,<b>Основатель</b> компании.,🏢,m
"classé, classée",засекреченный,Un document <b>classé</b>.,<b>Засекреченный</b> документ.,🔒,adj
frimer,выпендриваться,Il aime <b>frimer</b>.,Он любит <b>выпендриваться</b>.,😎,v
un voyeur,вуайерист,Un <b>voyeur</b> curieux.,Любопытный <b>вуайерист</b>.,👀,m
un couché,закат; положение лёжа,Le <b>coucher</b> du soleil.,<b>Закат</b> солнца.,🌅,m
un arrondissement,округ,Le premier <b>arrondissement</b>.,Первый <b>округ</b>.,🗺️,m
une avalanche,лавина,Une <b>avalanche</b> de neige.,Снежная <b>лавина</b>.,🏔️,f
une demi-soeur,сводная сестра,Ma <b>demi-soeur</b> habite loin.,Моя <b>сводная сестра</b> живёт далеко.,👧,f
une violette,фиалка,Un bouquet de <b>violettes</b>.,Букет <b>фиалок</b>.,💜,f
une absurdité,абсурдность,Quelle <b>absurdité</b> !,Какая <b>абсурдность</b>!,🤦,f
une anguille,угорь,Une <b>anguille</b> fumée.,Копчёный <b>угорь</b>.,🐍,f
un agrément,одобрение,Donner son <b>agrément</b>.,Дать <b>одобрение</b>.,✅,m
hypnotiser,гипнотизировать,<b>Hypnotiser</b> un patient.,<b>Загипнотизировать</b> пациента.,🌀,v
un éperon,шпора,Les <b>éperons</b> du cavalier.,<b>Шпоры</b> всадника.,🐴,m
une homosexualité,гомосексуальность,L'<b>homosexualité</b> est naturelle.,<b>Гомосексуальность</b> естественна.,🏳️‍🌈,f
une occurrence,случай,En l'<b>occurrence</b>.,В данном <b>случае</b>.,📝,f
"mutuel, mutuelle",взаимный,Un accord <b>mutuel</b>.,<b>Взаимное</b> согласие.,🤝,adj
un suédois,швед,Mon ami est <b>suédois</b>.,Мой друг — <b>швед</b>.,🇸🇪,m
"bâtard, bâtarde",ублюдочный,Un chien <b>bâtard</b>.,<b>Дворняга</b>.,🐕,adj
gourer,ошибаться,Se <b>gourer</b> de chemin.,<b>Ошибиться</b> дорогой.,❌,v
maritime,морской,Un port <b>maritime</b>.,<b>Морской</b> порт.,🚢,adj
un promeneur,прохожий,Un <b>promeneur</b> solitaire.,Одинокий <b>прохожий</b>.,🚶,m
une menuisière,столярша,La <b>menuisière</b> fabrique des meubles.,<b>Столяр</b> изготавливает мебель.,🪵,f
une prospérité,процветание,La <b>prospérité</b> économique.,Экономическое <b>процветание</b>.,📈,f
"cavalier, cavalière",небрежный,Une attitude <b>cavalière</b>.,<b>Небрежное</b> отношение.,😏,adj
redemander,переспрашивать,<b>Redemander</b> l'adresse.,<b>Переспросить</b> адрес.,❓,v
un menuisier,столяр,Un <b>menuisier</b> qualifié.,Квалифицированный <b>столяр</b>.,🪚,m
"triomphal, triomphale",триумфальный,Un arc <b>triomphal</b>.,<b>Триумфальная</b> арка.,🏛️,adj
un rapprochement,сближение,Un <b>rapprochement</b> diplomatique.,Дипломатическое <b>сближение</b>.,🤝,m
une révision,пересмотр,Une <b>révision</b> du contrat.,<b>Пересмотр</b> контракта.,📋,f
affluer,стекаться,Les touristes <b>affluent</b>.,Туристы <b>стекаются</b>.,👥,v
un correspondant,корреспондент,Un <b>correspondant</b> de guerre.,Военный <b>корреспондент</b>.,📰,m
un historien,историк,Un <b>historien</b> célèbre.,Знаменитый <b>историк</b>.,📖,m
déjouer,расстраивать,<b>Déjouer</b> un complot.,<b>Расстроить</b> заговор.,🎭,v
relayer,сменять,Se <b>relayer</b> au volant.,<b>Сменяться</b> за рулём.,🚗,v
un homosexuel,гомосексуал,Un <b>homosexuel</b> assumé.,Открытый <b>гомосексуал</b>.,🏳️‍🌈,m
écarlate,алый,Devenir <b>écarlate</b>.,Покраснеть <b>как рак</b>.,🔴,adj
"minutieux, minutieuse",тщательный,Un examen <b>minutieux</b>.,<b>Тщательный</b> осмотр.,🔍,adj
compréhensible,понятный,Une explication <b>compréhensible</b>.,<b>Понятное</b> объяснение.,✅,adj
vétérinaire,ветеринар,Le <b>vétérinaire</b> soigne les animaux.,<b>Ветеринар</b> лечит животных.,🐕,m
une divinité,божество,Une <b>divinité</b> antique.,Античное <b>божество</b>.,⚡,f
endommager,повреждать,<b>Endommager</b> la voiture.,<b>Повредить</b> машину.,🚗,v
un rôti,жаркое,Un <b>rôti</b> de bœuf.,<b>Жаркое</b> из говядины.,🥩,m
une mathématique,математика,Les <b>mathématiques</b> appliquées.,Прикладная <b>математика</b>.,📐,f
un désaccord,разногласие,Un profond <b>désaccord</b>.,Глубокое <b>разногласие</b>.,❌,m
une arrogance,высокомерие,Avec <b>arrogance</b>.,С <b>высокомерием</b>.,😤,f
une manchette,манжета,Les <b>manchettes</b> de la chemise.,<b>Манжеты</b> рубашки.,👔,f
happer,хватать,<b>Happer</b> une proie.,<b>Схватить</b> добычу.,🐍,v
"adéquat, adéquate",адекватный,Une réponse <b>adéquate</b>.,<b>Адекватный</b> ответ.,✅,adj
un sultan,султан,Le <b>sultan</b> d'Oman.,<b>Султан</b> Омана.,👑,m
une restauration,реставрация,La <b>restauration</b> du tableau.,<b>Реставрация</b> картины.,🖼️,f
un bibelot,безделушка,Un <b>bibelot</b> décoratif.,Декоративная <b>безделушка</b>.,🏺,m
un hockey,хоккей,Jouer au <b>hockey</b> sur glace.,Играть в <b>хоккей</b> на льду.,🏒,m
"bienveillant, bienveillante",благожелательный,Un regard <b>bienveillant</b>.,<b>Благожелательный</b> взгляд.,😊,adj
une amabilité,любезность,Avec <b>amabilité</b>.,С <b>любезностью</b>.,🤗,f
"coûteux, coûteuse",дорогостоящий,Un projet <b>coûteux</b>.,<b>Дорогостоящий</b> проект.,💰,adj
"rusé, rusée",хитрый,Un renard <b>rusé</b>.,<b>Хитрый</b> лис.,🦊,adj
un e-mail,электронное письмо,Envoyer un <b>e-mail</b>.,Отправить <b>электронное письмо</b>.,📧,m
un jules,парень,Mon <b>jules</b> m'attend.,Мой <b>парень</b> меня ждёт.,💑,m
dévier,отклоняться,<b>Dévier</b> de la route.,<b>Отклониться</b> от маршрута.,↪️,v
un brocanteur,старьёвщик,Un <b>brocanteur</b> du marché.,Рыночный <b>старьёвщик</b>.,🏺,m
un gland,жёлудь,Un <b>gland</b> de chêne.,Дубовый <b>жёлудь</b>.,🌰,m
jaunir,желтеть,Les feuilles <b>jaunissent</b>.,Листья <b>желтеют</b>.,🍂,v
un encouragement,поощрение,Un mot d'<b>encouragement</b>.,Слово <b>поощрения</b>.,💪,m
une vivacité,живость,La <b>vivacité</b> de l'esprit.,<b>Живость</b> ума.,⚡,f
une abbaye,аббатство,Une <b>abbaye</b> médiévale.,Средневековое <b>аббатство</b>.,⛪,f
un lord,лорд,Un <b>lord</b> anglais.,Английский <b>лорд</b>.,🎩,m
"trapu, trapue",коренастый,Un homme <b>trapu</b>.,<b>Коренастый</b> мужчина.,💪,adj
une zézette,писька (детск.),La <b>zézette</b> des filles.,<b>Писька</b> девочек.,👶,f
klaxonner,сигналить,<b>Klaxonner</b> à un piéton.,<b>Сигналить</b> пешеходу.,📯,v
un limousin,лимузенец,Le <b>limousin</b> est une race bovine.,<b>Лимузен</b> — порода коров.,🐄,m
une sélection,отбор,Une <b>sélection</b> rigoureuse.,Строгий <b>отбор</b>.,✅,f
un fascisme,фашизм,La montée du <b>fascisme</b>.,Рост <b>фашизма</b>.,⚠️,m
un républicain,республиканец,Un <b>républicain</b> convaincu.,Убеждённый <b>республиканец</b>.,🏛️,m
est,восточный,La côte <b>est</b>.,<b>Восточное</b> побережье.,🧭,adj
un déclic,щелчок,Le <b>déclic</b> de l'appareil.,<b>Щелчок</b> камеры.,📷,m
une affectation,назначение,Une <b>affectation</b> à l'étranger.,<b>Назначение</b> за границу.,📋,f
chiner,рыться на барахолке,<b>Chiner</b> aux puces.,<b>Рыться</b> на блошином рынке.,🔍,v
permis,дозволенный,C'est <b>permis</b> de fumer ici ?,<b>Разрешено</b> здесь курить?,✅,adj
une tueuse,убийца (ж),Une <b>tueuse</b> en série.,Серийная <b>убийца</b>.,🔪,f
un industriel,промышленник,Un riche <b>industriel</b>.,Богатый <b>промышленник</b>.,🏭,m
beige,бежевый,Un manteau <b>beige</b>.,<b>Бежевое</b> пальто.,🧥,adj
"trompeur, trompeuse",обманчивый,Une apparence <b>trompeuse</b>.,<b>Обманчивая</b> внешность.,🎭,adj
un merdeux,засранец (груб.),Petit <b>merdeux</b> !,Маленький <b>засранец</b>!,🤬,m
un résumé,резюме,Faire un <b>résumé</b>.,Составить <b>резюме</b>.,📄,m
"ingénieux, ingénieuse",изобретательный,Une solution <b>ingénieuse</b>.,<b>Изобретательное</b> решение.,💡,adj
siéger,заседать,<b>Siéger</b> au tribunal.,<b>Заседать</b> в суде.,⚖️,v
raccourcir,укорачивать,<b>Raccourcir</b> la jupe.,<b>Укоротить</b> юбку.,👗,v
un artilleur,артиллерист,Un <b>artilleur</b> expérimenté.,Опытный <b>артиллерист</b>.,💣,m
une insouciance,беспечность,Vivre dans l'<b>insouciance</b>.,Жить в <b>беспечности</b>.,😊,f
une manif,демонстрация,Participer à une <b>manif</b>.,Участвовать в <b>демонстрации</b>.,📢,f
un nul,ноль; бездарь,C'est un <b>nul</b> en maths.,Он <b>ноль</b> в математике.,0️⃣,m
une artilleuse,артиллеристка,L'<b>artilleuse</b> tire le canon.,<b>Артиллеристка</b> стреляет из пушки.,💥,f
rétorquer,возражать,<b>Rétorquer</b> vivement.,<b>Резко возразить</b>.,🗣️,v
coriace,жёсткий,Une viande <b>coriace</b>.,<b>Жёсткое</b> мясо.,🥩,adj
"désireux, désireuse",желающий,<b>Désireux</b> de réussir.,<b>Желающий</b> преуспеть.,✨,adj
rôtir,жарить,<b>Rôtir</b> un poulet.,<b>Жарить</b> курицу.,🍗,v
un ragoût,рагу,Un <b>ragoût</b> de légumes.,Овощное <b>рагу</b>.,🥘,m
un score,счёт,Le <b>score</b> final.,Итоговый <b>счёт</b>.,📊,m
réintégrer,восстанавливать,<b>Réintégrer</b> son poste.,<b>Восстановиться</b> на работе.,💼,v
une furie,фурия,Entrer dans une <b>furie</b>.,Впасть в <b>ярость</b>.,😡,f
un lin,лён,Une chemise en <b>lin</b>.,Льняная <b>рубашка</b>.,👔,m
maussade,угрюмый,Un temps <b>maussade</b>.,<b>Угрюмая</b> погода.,🌧️,adj
"frémissant, frémissante",трепещущий,Des lèvres <b>frémissantes</b>.,<b>Трепещущие</b> губы.,💋,adj
un terrorisme,терроризм,Lutter contre le <b>terrorisme</b>.,Бороться с <b>терроризмом</b>.,⚠️,m
précoce,преждевременный,Un enfant <b>précoce</b>.,<b>Одарённый</b> ребёнок.,🧒,adj
un communal,коммунальный (субст.),Les <b>communaux</b> du village.,<b>Общинные земли</b> деревни.,🏘️,m
un pif,нос (разг.),Avoir le <b>pif</b> fin.,Иметь тонкое <b>чутьё</b>.,👃,m
un relent,запашок,Des <b>relents</b> de tabac.,<b>Запашок</b> табака.,💨,m
une restriction,ограничение,Sans <b>restriction</b>.,Без <b>ограничений</b>.,🚫,f
automobile,автомобильный,L'industrie <b>automobile</b>.,<b>Автомобильная</b> промышленность.,🚗,adj
un lampadaire,фонарный столб,Un <b>lampadaire</b> de rue.,Уличный <b>фонарь</b>.,💡,m
"contemporain, contemporaine",современный,L'art <b>contemporain</b>.,<b>Современное</b> искусство.,🎨,adj
sceptique,скептический,Un regard <b>sceptique</b>.,<b>Скептический</b> взгляд.,🤨,adj
un suspens,саспенс,Un film à <b>suspens</b>.,Фильм с <b>саспенсом</b>.,🎬,m
un trio,трио,Un <b>trio</b> de musiciens.,<b>Трио</b> музыкантов.,🎵,m
un prospectus,листовка,Distribuer des <b>prospectus</b>.,Раздавать <b>листовки</b>.,📄,m
une euphorie,эйфория,Une <b>euphorie</b> passagère.,Преходящая <b>эйфория</b>.,😄,f
une cocaïne,кокаин,Trafic de <b>cocaïne</b>.,Торговля <b>кокаином</b>.,⚠️,f
casquer,раскошеливаться,<b>Casquer</b> pour les dégâts.,<b>Раскошелиться</b> за ущерб.,💸,v
une biographie,биография,Écrire une <b>biographie</b>.,Написать <b>биографию</b>.,📖,f
un effondrement,обрушение,L'<b>effondrement</b> du bâtiment.,<b>Обрушение</b> здания.,🏚️,m
une contrée,край,Une <b>contrée</b> lointaine.,Далёкий <b>край</b>.,🌍,f
proférer,произносить,<b>Proférer</b> des menaces.,<b>Произносить</b> угрозы.,🗣️,v
inimaginable,невообразимый,Une beauté <b>inimaginable</b>.,<b>Невообразимая</b> красота.,✨,adj
un figurant,статист,Un <b>figurant</b> de cinéma.,Киношный <b>статист</b>.,🎬,m
un pourcentage,процент,Un <b>pourcentage</b> élevé.,Высокий <b>процент</b>.,📊,m
une frime,понты,C'est de la <b>frime</b>.,Это всё <b>понты</b>.,😏,f
une vérification,проверка,Une <b>vérification</b> d'identité.,<b>Проверка</b> личности.,🔍,f
un noyé,утопленник,On a retrouvé le <b>noyé</b>.,Нашли <b>утопленника</b>.,🌊,m
une constellation,созвездие,La <b>constellation</b> d'Orion.,<b>Созвездие</b> Ориона.,⭐,f
une évocation,упоминание,L'<b>évocation</b> du passé.,<b>Упоминание</b> прошлого.,💭,f
une avidité,алчность,Avec <b>avidité</b>.,С <b>алчностью</b>.,💰,f
une canette,банка,Une <b>canette</b> de bière.,<b>Банка</b> пива.,🍺,f
incorporer,включать,<b>Incorporer</b> dans la recette.,<b>Включить</b> в рецепт.,📝,v
un camping,кемпинг,Faire du <b>camping</b>.,Ходить в <b>кемпинг</b>.,⛺,m
une torpille,торпеда,Lancer une <b>torpille</b>.,Запустить <b>торпеду</b>.,💣,f
"syrien, syrienne",сирийский,Le conflit <b>syrien</b>.,<b>Сирийский</b> конфликт.,🇸🇾,adj
un dictateur,диктатор,Un <b>dictateur</b> cruel.,Жестокий <b>диктатор</b>.,👤,m
un ulcère,язва,Un <b>ulcère</b> à l'estomac.,<b>Язва</b> желудка.,🏥,m
"évanoui, évanouie",потерявший сознание,Elle est <b>évanouie</b>.,Она <b>в обмороке</b>.,😵,adj
un élastique,резинка,Un <b>élastique</b> à cheveux.,<b>Резинка</b> для волос.,💇,m
une dépouille,останки,Les <b>dépouilles</b> mortelles.,Смертные <b>останки</b>.,⚰️,f
un socle,цоколь,Le <b>socle</b> de la statue.,<b>Цоколь</b> статуи.,🗽,m
une lavande,лаванда,Le parfum de <b>lavande</b>.,Аромат <b>лаванды</b>.,💜,f
trimbaler,таскать,<b>Trimbaler</b> des valises.,<b>Таскать</b> чемоданы.,🧳,v
anticiper,предвосхищать,<b>Anticiper</b> les problèmes.,<b>Предвосхищать</b> проблемы.,🔮,v
une égratignure,царапина,Une <b>égratignure</b> au bras.,<b>Царапина</b> на руке.,🩹,f
une négligence,халатность,Une <b>négligence</b> grave.,Грубая <b>халатность</b>.,⚠️,f
une soutane,сутана,Porter une <b>soutane</b>.,Носить <b>сутану</b>.,⛪,f
une domination,господство,La <b>domination</b> mondiale.,Мировое <b>господство</b>.,👑,f
brochant,покрывающий (геральд.),Un lion <b>brochant</b>.,<b>Покрывающий</b> лев.,🦁,adj
ponctuer,пунктуировать,<b>Ponctuer</b> correctement.,Правильно <b>расставлять знаки препинания</b>.,✏️,v
une jenny,прядильная машина,La <b>jenny</b> révolutionna le textile.,<b>Дженни</b> совершила революцию в текстиле.,🧵,f
une vigilance,бдительность,Redoubler de <b>vigilance</b>.,Удвоить <b>бдительность</b>.,👁️,f
un gala,гала-концерт,Un <b>gala</b> de charité.,<b>Благотворительный</b> концерт.,🎭,m
un taudis,трущоба,Vivre dans un <b>taudis</b>.,Жить в <b>трущобе</b>.,🏚️,m
une eau-de-vie,водка,Un verre d'<b>eau-de-vie</b>.,Стакан <b>водки</b>.,🥃,f
"potentiel, potentielle",потенциальный,Un danger <b>potentiel</b>.,<b>Потенциальная</b> опасность.,⚠️,adj
cribler,изрешетить,<b>Cribler</b> de balles.,<b>Изрешетить</b> пулями.,💥,v
un entrepreneur,предприниматель,Un <b>entrepreneur</b> ambitieux.,Амбициозный <b>предприниматель</b>.,💼,m
éternuer,чихать,<b>Éternuer</b> sans cesse.,<b>Чихать</b> без конца.,🤧,v
boutonner,застёгивать,<b>Boutonner</b> sa veste.,<b>Застегнуть</b> пиджак.,🧥,v
muer,линять,Le serpent <b>mue</b>.,Змея <b>линяет</b>.,🐍,v
un tac,щелчок,Répondre du <b>tac</b> au <b>tac</b>.,Отвечать <b>тут же</b>.,⚡,m
"abrupt, abrupte",резкий,Un virage <b>abrupt</b>.,<b>Резкий</b> поворот.,↩️,adj
déléguer,делегировать,<b>Déléguer</b> ses pouvoirs.,<b>Делегировать</b> полномочия.,📋,v
un alphabet,алфавит,Apprendre l'<b>alphabet</b>.,Учить <b>алфавит</b>.,📖,m
"mutilé, mutilée",изувеченный,Un corps <b>mutilé</b>.,<b>Изувеченное</b> тело.,💀,adj
renfermer,содержать,<b>Renfermer</b> un secret.,<b>Содержать</b> секрет.,🔒,v
un contremaître,мастер,Le <b>contremaître</b> de l'usine.,Заводской <b>мастер</b>.,🏭,m
un sportif,спортсмен,Un <b>sportif</b> de haut niveau.,Профессиональный <b>спортсмен</b>.,🏃,m
"démesuré, démesurée",непомерный,Une ambition <b>démesurée</b>.,<b>Непомерные</b> амбиции.,📈,adj
une embrasse,подхват (шторы),L'<b>embrasse</b> du rideau.,<b>Подхват</b> занавески.,🪟,f
essouffler,запыхаться,S'<b>essouffler</b> en courant.,<b>Запыхаться</b> от бега.,😮‍💨,v
"respectif, respective",соответствующий,Leurs places <b>respectives</b>.,Их <b>соответствующие</b> места.,📍,adj
une gâchette,курок,Appuyer sur la <b>gâchette</b>.,Нажать на <b>курок</b>.,🔫,f
une vareuse,куртка,Une <b>vareuse</b> militaire.,Военная <b>куртка</b>.,🧥,f
un patio,внутренний дворик,Un <b>patio</b> ensoleillé.,Солнечный <b>внутренний дворик</b>.,🏡,m
un filtre,фильтр,Un <b>filtre</b> à café.,Кофейный <b>фильтр</b>.,☕,m
narguer,дразнить,<b>Narguer</b> l'ennemi.,<b>Дразнить</b> врага.,😜,v
un mourant,умирающий,Les derniers mots du <b>mourant</b>.,Последние слова <b>умирающего</b>.,💀,m
un proprio,хозяин (разг.),Le <b>proprio</b> de l'appartement.,<b>Хозяин</b> квартиры.,🏠,m
une familiarité,фамильярность,Avec <b>familiarité</b>.,С <b>фамильярностью</b>.,🤝,f
un mufle,хам,Quel <b>mufle</b> !,Какой <b>хам</b>!,😤,m
déchiqueter,разрывать на куски,<b>Déchiqueter</b> du papier.,<b>Рвать</b> бумагу на куски.,📄,v
"forain, foraine",ярмарочный,Une fête <b>foraine</b>.,<b>Ярмарочный</b> праздник.,🎪,adj
une cigale,цикада,Le chant de la <b>cigale</b>.,Пение <b>цикады</b>.,🦗,f
"partant, partante",готовый,Être <b>partant</b> pour l'aventure.,Быть <b>готовым</b> к приключению.,✅,adj
une châsse,рака (мощей),La <b>châsse</b> du saint.,<b>Рака</b> святого.,⛪,f
"bu, bue",выпитый,Une bouteille <b>bue</b>.,<b>Выпитая</b> бутылка.,🍾,adj
un souterrain,подземелье,Un passage <b>souterrain</b>.,<b>Подземный</b> проход.,🕳️,m
un cynisme,цинизм,Un <b>cynisme</b> révoltant.,Возмутительный <b>цинизм</b>.,😤,m
un équivalent,эквивалент,L'<b>équivalent</b> en euros.,<b>Эквивалент</b> в евро.,💶,m
éventrer,потрошить,<b>Éventrer</b> un poisson.,<b>Потрошить</b> рыбу.,🐟,v
introuvable,неуловимый,Un objet <b>introuvable</b>.,<b>Неуловимый</b> предмет.,🔍,adj
un jacques,мужик (устар.),Le <b>Jacques</b> Bonhomme.,<b>Простолюдин</b>.,👤,m
un maestro,маэстро,Le <b>maestro</b> dirige l'orchestre.,<b>Маэстро</b> дирижирует оркестром.,🎼,m
un cambrioleur,взломщик,Un <b>cambrioleur</b> masqué.,<b>Взломщик</b> в маске.,🦹,m
châtier,карать,<b>Châtier</b> les coupables.,<b>Карать</b> виновных.,⚖️,v
revendiquer,требовать,<b>Revendiquer</b> ses droits.,<b>Требовать</b> свои права.,✊,v
un hot-dog,хот-дог,Manger un <b>hot-dog</b>.,Есть <b>хот-дог</b>.,🌭,m
pédaler,крутить педали,<b>Pédaler</b> vite.,Быстро <b>крутить педали</b>.,🚴,v
une déchirure,разрыв,Une <b>déchirure</b> musculaire.,Мышечный <b>разрыв</b>.,💪,f
une réconciliation,примирение,Une <b>réconciliation</b> tardive.,Запоздалое <b>примирение</b>.,🤝,f
un abattoir,бойня,Travailler à l'<b>abattoir</b>.,Работать на <b>бойне</b>.,🏭,m
un mamelon,сосок; холм,Le <b>mamelon</b> du sein.,<b>Сосок</b> груди.,🏔️,m
"prestigieux, prestigieuse",престижный,Une université <b>prestigieuse</b>.,<b>Престижный</b> университет.,🎓,adj
sommeiller,дремать,<b>Sommeiller</b> légèrement.,Слегка <b>дремать</b>.,😴,v
un bruissement,шелест,Le <b>bruissement</b> des feuilles.,<b>Шелест</b> листьев.,🍃,m
une consistance,консистенция,Une <b>consistance</b> crémeuse.,<b>Кремовая</b> консистенция.,🍯,f
un coffret,шкатулка,Un <b>coffret</b> à bijoux.,<b>Шкатулка</b> для украшений.,💎,m
un indic,стукач,Un <b>indic</b> de la police.,Полицейский <b>стукач</b>.,🕵️,m
une érection,эрекция,Avoir une <b>érection</b>.,Иметь <b>эрекцию</b>.,🔬,f
dégainer,выхватывать,<b>Dégainer</b> son arme.,<b>Выхватить</b> оружие.,🔫,v
une inquisition,инквизиция,L'<b>Inquisition</b> espagnole.,Испанская <b>инквизиция</b>.,⛪,f
un about,торец; наконечник,L'<b>about</b> de la poutre.,<b>Торец</b> балки.,🪵,m
un antibiotique,антибиотик,Prendre un <b>antibiotique</b>.,Принять <b>антибиотик</b>.,💊,m
enduire,покрывать,<b>Enduire</b> de crème.,<b>Покрыть</b> кремом.,🧴,v
un pôle,полюс,Le <b>pôle</b> Nord.,Северный <b>полюс</b>.,🧊,m
"fourré, fourrée",с начинкой,Un gâteau <b>fourré</b>.,Торт <b>с начинкой</b>.,🍰,adj
un porte-monnaie,кошелёк,Ouvrir son <b>porte-monnaie</b>.,Открыть <b>кошелёк</b>.,👛,m
entêter,упрямиться,S'<b>entêter</b> à refuser.,<b>Упрямо</b> отказываться.,😤,v
"rageur, rageuse",яростный,Un geste <b>rageur</b>.,<b>Яростный</b> жест.,😠,adj
une affirmation,утверждение,Une <b>affirmation</b> catégorique.,Категоричное <b>утверждение</b>.,📢,f
une seigneurie,сеньория,La <b>seigneurie</b> du château.,<b>Сеньория</b> замка.,🏰,f
"borné, bornée",ограниченный,Un esprit <b>borné</b>.,<b>Ограниченный</b> ум.,🧠,adj
"adoptif, adoptive",приёмный,Un père <b>adoptif</b>.,<b>Приёмный</b> отец.,👨‍👦,adj
"croissant, croissante",возрастающий,Une popularité <b>croissante</b>.,<b>Возрастающая</b> популярность.,📈,adj
unanime,единодушный,Une décision <b>unanime</b>.,<b>Единодушное</b> решение.,✅,adj
un vortex,вихрь,Un <b>vortex</b> temporel.,Временной <b>вихрь</b>.,🌀,m
une chaux,известь,Un mur à la <b>chaux</b>.,Стена из <b>извести</b>.,🧱,f
"manquant, manquante",недостающий,La pièce <b>manquante</b>.,<b>Недостающая</b> деталь.,🧩,adj
ruser,хитрить,<b>Ruser</b> pour s'échapper.,"<b>Хитрить</b>, чтобы сбежать.",🦊,v
un sourd,глухой (субст.),Parler aux <b>sourds</b>.,Говорить <b>глухим</b>.,🧏,m
énigmatique,загадочный,Un sourire <b>énigmatique</b>.,<b>Загадочная</b> улыбка.,🤫,adj
une arquebuse,аркебуза,L'<b>arquebuse</b> est une arme.,<b>Аркебуза</b> — оружие.,🔫,f
un gobelet,стакан,Un <b>gobelet</b> en plastique.,Пластиковый <b>стакан</b>.,🥤,m
étourdir,оглушать,<b>Étourdir</b> un adversaire.,<b>Оглушить</b> противника.,💫,v
un tué,убитый (субст.),Les <b>tués</b> de la guerre.,<b>Погибшие</b> на войне.,🪖,m
"portugais, portugaise",португальский,La cuisine <b>portugaise</b>.,<b>Португальская</b> кухня.,🇵🇹,adj
un retraité,пенсионер,Un <b>retraité</b> actif.,Активный <b>пенсионер</b>.,👴,m
dealer,торговать наркотиками,<b>Dealer</b> de la drogue.,<b>Торговать</b> наркотиками.,⚠️,v
un déporté,депортированный,Un <b>déporté</b> de guerre.,Военный <b>депортированный</b>.,😔,m
"dérobé, dérobée",тайный,Une porte <b>dérobée</b>.,<b>Тайная</b> дверь.,🚪,adj
retaper,ремонтировать,<b>Retaper</b> une maison.,<b>Ремонтировать</b> дом.,🔧,v
"enragé, enragée",бешеный,Un chien <b>enragé</b>.,<b>Бешеная</b> собака.,🐕,adj
"gagnant, gagnante",выигрышный,Le numéro <b>gagnant</b>.,<b>Выигрышный</b> номер.,🎰,adj
esthétique,эстетический,Un sens <b>esthétique</b>.,<b>Эстетическое</b> чувство.,🎨,adj
interposer,вставлять,S'<b>interposer</b> entre deux personnes.,<b>Встать</b> между двумя людьми.,🚶,v
un monceau,груда,Un <b>monceau</b> de ruines.,<b>Груда</b> развалин.,🪨,m
un terminal,терминал,Le <b>terminal</b> de l'aéroport.,<b>Терминал</b> аэропорта.,✈️,m
farder,гримировать,Se <b>farder</b> le visage.,<b>Гримировать</b> лицо.,💄,v
un trimestre,квартал,Le premier <b>trimestre</b>.,Первый <b>квартал</b>.,📅,m
une arène,арена,L'<b>arène</b> des gladiateurs.,<b>Арена</b> гладиаторов.,🏟️,f
une réticence,неохота,Avec <b>réticence</b>.,С <b>неохотой</b>.,😐,f
universitaire,университетский,Un diplôme <b>universitaire</b>.,<b>Университетский</b> диплом.,🎓,adj
un cyprès,кипарис,Un <b>cyprès</b> centenaire.,Столетний <b>кипарис</b>.,🌲,m
un prieur,настоятель,Le <b>prieur</b> du monastère.,<b>Настоятель</b> монастыря.,⛪,m
imbiber,пропитывать,<b>Imbiber</b> d'eau.,<b>Пропитать</b> водой.,💧,v
originaire,родом из,<b>Originaire</b> de Paris.,<b>Родом</b> из Парижа.,📍,adj
un arsenal,арсенал,Un <b>arsenal</b> d'armes.,<b>Арсенал</b> оружия.,🔫,m
un clown,клоун,Un <b>clown</b> au cirque.,<b>Клоун</b> в цирке.,🤡,m
hacher,рубить,<b>Hacher</b> de la viande.,<b>Рубить</b> мясо.,🔪,v
un étrange,странное,L'<b>étrange</b> l'attire.,<b>Странное</b> его привлекает.,👀,m
énumérer,перечислять,<b>Énumérer</b> les raisons.,<b>Перечислять</b> причины.,📋,v
un barbecue,барбекю,Faire un <b>barbecue</b>.,Устроить <b>барбекю</b>.,🍖,m
un embouteillage,пробка,Un <b>embouteillage</b> monstre.,Чудовищная <b>пробка</b>.,🚗,m
une avoine,овёс,Un champ d'<b>avoine</b>.,Поле <b>овса</b>.,🌾,f
un enquêteur,следователь,L'<b>enquêteur</b> principal.,Главный <b>следователь</b>.,🕵️,m
injurier,оскорблять,<b>Injurier</b> quelqu'un.,<b>Оскорблять</b> кого-то.,😠,v
une couchette,спальное место,La <b>couchette</b> du train.,<b>Спальное место</b> в поезде.,🚂,f
fanatique,фанатик,Un <b>fanatique</b> religieux.,Религиозный <b>фанатик</b>.,😵,m
un crucifix,распятие,Un <b>crucifix</b> en bois.,Деревянное <b>распятие</b>.,✝️,m
un tuteur,опекун,Le <b>tuteur</b> légal.,Законный <b>опекун</b>.,👤,m
"affirmatif, affirmative",утвердительный,Une réponse <b>affirmative</b>.,<b>Утвердительный</b> ответ.,✅,adj
"hâtif, hâtive",поспешный,Une décision <b>hâtive</b>.,<b>Поспешное</b> решение.,⚡,adj
"originel, originelle",изначальный,Le péché <b>originel</b>.,<b>Первородный</b> грех.,🍎,adj
une butte,холм,Une <b>butte</b> de terre.,Земляной <b>холм</b>.,⛰️,f
une fougère,папоротник,Une <b>fougère</b> verte.,Зелёный <b>папоротник</b>.,🌿,f
communier,причащаться,<b>Communier</b> à l'église.,<b>Причащаться</b> в церкви.,⛪,v
un antécédent,предшествование,Les <b>antécédents</b> médicaux.,Медицинская <b>история</b>.,📋,m
"guéri, guérie",исцелённый,Un malade <b>guéri</b>.,<b>Исцелённый</b> больной.,🏥,adj
un fifi,гей (разг.),C'est un <b>fifi</b>.,Он <b>голубой</b>.,🏳️‍🌈,m
un chic,шик,Avoir du <b>chic</b>.,Иметь <b>шик</b>.,💅,m
"tournant, tournante",вращающийся,Une porte <b>tournante</b>.,<b>Вращающаяся</b> дверь.,🚪,adj
scandaliser,возмущать,<b>Scandaliser</b> l'opinion.,<b>Возмутить</b> общественность.,😱,v
"voyageur, voyageuse",путешествующий,Un pigeon <b>voyageur</b>.,<b>Почтовый</b> голубь.,🐦,adj
étouffé,приглушённый,Un cri <b>étouffé</b>.,<b>Приглушённый</b> крик.,🤫,adj
"plissé, plissée",плиссированный,Une jupe <b>plissée</b>.,<b>Плиссированная</b> юбка.,👗,adj
une harde,стадо (оленей),Une <b>harde</b> de cerfs.,<b>Стадо</b> оленей.,🦌,f
une progression,прогресс,Une <b>progression</b> constante.,Постоянный <b>прогресс</b>.,📈,f
dissuader,отговаривать,<b>Dissuader</b> de partir.,<b>Отговорить</b> уходить.,🚫,v
une galette,лепёшка,Une <b>galette</b> bretonne.,Бретонская <b>лепёшка</b>.,🥞,f
une imprudence,неосмотрительность,Une <b>imprudence</b> fatale.,Роковая <b>неосмотрительность</b>.,⚠️,f
une sorcellerie,колдовство,Accusé de <b>sorcellerie</b>.,Обвинён в <b>колдовстве</b>.,🧙,f
uniforme,единообразный,Un ton <b>uniforme</b>.,<b>Единообразный</b> тон.,📏,adj
une larve,личинка,Une <b>larve</b> d'insecte.,<b>Личинка</b> насекомого.,🐛,f
un paquebot,лайнер,Un <b>paquebot</b> de croisière.,Круизный <b>лайнер</b>.,🚢,m
une aquarelle,акварель,Peindre à l'<b>aquarelle</b>.,Рисовать <b>акварелью</b>.,🎨,f
"menacé, menacée",находящийся под угрозой,Une espèce <b>menacée</b>.,Вид <b>под угрозой</b> вымирания.,🦏,adj
un adultère,прелюбодеяние,Commettre un <b>adultère</b>.,Совершить <b>прелюбодеяние</b>.,💔,m
un éloignement,отдаление,L'<b>éloignement</b> de la famille.,<b>Отдаление</b> от семьи.,😔,m
une firme,фирма,Une grande <b>firme</b>.,Крупная <b>фирма</b>.,🏢,f
un branleur,бездельник (груб.),C'est un <b>branleur</b>.,Он <b>бездельник</b>.,🤬,m
un cageot,ящик,Un <b>cageot</b> de légumes.,<b>Ящик</b> овощей.,📦,m
une escalade,эскалация,L'<b>escalade</b> de la violence.,<b>Эскалация</b> насилия.,📈,f
une tenture,портьера,Une <b>tenture</b> murale.,Настенная <b>портьера</b>.,🪟,f
"épuisant, épuisante",изнурительный,Un travail <b>épuisant</b>.,<b>Изнурительная</b> работа.,😓,adj
un shopping,шоппинг,Faire du <b>shopping</b>.,Заниматься <b>шоппингом</b>.,🛍️,m
un trousseau,комплект,Un <b>trousseau</b> de clés.,<b>Связка</b> ключей.,🔑,m
un rai,луч; спица,Un <b>rai</b> de lumière.,<b>Луч</b> света.,✨,m
crucifier,распинать,<b>Crucifier</b> Jésus.,<b>Распять</b> Иисуса.,✝️,v
spécifique,специфический,Un cas <b>spécifique</b>.,<b>Специфический</b> случай.,🎯,adj
inaugurer,открывать,<b>Inaugurer</b> un monument.,<b>Открыть</b> памятник.,🎀,v
un scoop,сенсация,Un <b>scoop</b> journalistique.,Журналистская <b>сенсация</b>.,📰,m
une réalisation,реализация,Une <b>réalisation</b> remarquable.,Замечательная <b>реализация</b>.,🏆,f
durable,долговечный,Un développement <b>durable</b>.,<b>Устойчивое</b> развитие.,♻️,adj
un junkie,наркоман (англ.),Un <b>junkie</b> en manque.,<b>Наркоман</b> в ломке.,💊,m
comparable,сопоставимый,Un résultat <b>comparable</b>.,<b>Сопоставимый</b> результат.,⚖️,adj
retrancher,окапываться,Se <b>retrancher</b> derrière les murs.,<b>Окопаться</b> за стенами.,🏰,v
un acharnement,ожесточение,Avec <b>acharnement</b>.,С <b>ожесточением</b>.,💪,m
un cantique,песнопение,Chanter un <b>cantique</b>.,Петь <b>песнопение</b>.,🎵,m
frivole,легкомысленный,Une personne <b>frivole</b>.,<b>Легкомысленный</b> человек.,🦋,adj
désinvolte,непринуждённый,Un ton <b>désinvolte</b>.,<b>Непринуждённый</b> тон.,😎,adj
une aumône,милостыня,Demander l'<b>aumône</b>.,Просить <b>милостыню</b>.,🙏,f
débouler,вваливаться,<b>Débouler</b> dans la pièce.,<b>Ввалиться</b> в комнату.,🚪,v
un tourisme,туризм,Le <b>tourisme</b> de masse.,Массовый <b>туризм</b>.,✈️,m
"inégal, inégale",неравный,Une lutte <b>inégale</b>.,<b>Неравная</b> борьба.,⚔️,adj
profiler,вырисовываться,Se <b>profiler</b> à l'horizon.,<b>Вырисовываться</b> на горизонте.,🌅,v
une sauvagerie,дикость,Une <b>sauvagerie</b> primitive.,Первобытная <b>дикость</b>.,🐺,f
"coquin, coquine",шаловливый,Un regard <b>coquin</b>.,<b>Шаловливый</b> взгляд.,😏,adj
un sondage,опрос,Un <b>sondage</b> d'opinion.,<b>Опрос</b> общественного мнения.,📊,m
endosser,надевать,<b>Endosser</b> un uniforme.,<b>Надеть</b> униформу.,👔,v
"accroupi, accroupie",присевший,<b>Accroupi</b> derrière un buisson.,<b>Присевший</b> за кустом.,🌳,adj
juvénile,юношеский,Une énergie <b>juvénile</b>.,<b>Юношеская</b> энергия.,⚡,adj
un émerveillement,восхищение,Un <b>émerveillement</b> devant la nature.,<b>Восхищение</b> природой.,✨,m
"achevé, achevée",законченный,Un travail <b>achevé</b>.,<b>Законченная</b> работа.,✅,adj
un mime,мим,Un <b>mime</b> silencieux.,Молчаливый <b>мим</b>.,🎭,m
une indiscrétion,нескромность,Commettre une <b>indiscrétion</b>.,Совершить <b>нескромность</b>.,🤫,f
barricader,баррикадировать,Se <b>barricader</b> chez soi.,<b>Забаррикадироваться</b> дома.,🏠,v
un antre,логово,L'<b>antre</b> du dragon.,<b>Логово</b> дракона.,🐉,m
un rameau,ветвь,Un <b>rameau</b> d'olivier.,<b>Оливковая</b> ветвь.,🌿,m
suave,сладостный,Un parfum <b>suave</b>.,<b>Сладостный</b> аромат.,🌸,adj
bafouer,попирать,<b>Bafouer</b> les droits.,<b>Попирать</b> права.,🚫,v
chanceler,шататься,<b>Chanceler</b> de fatigue.,<b>Шататься</b> от усталости.,🥴,v
une tisane,настой,Boire une <b>tisane</b>.,Пить <b>травяной настой</b>.,🍵,f
une amante,любовница,L'<b>amante</b> secrète.,Тайная <b>любовница</b>.,💋,f
une rêne,повод,Tenir les <b>rênes</b>.,Держать <b>поводья</b>.,🐴,f
priser,ценить,<b>Priser</b> la liberté.,<b>Ценить</b> свободу.,💎,v
un attaché,атташе,Un <b>attaché</b> d'ambassade.,Посольский <b>атташе</b>.,🏛️,m
un passe-temps,времяпрепровождение,Un <b>passe-temps</b> agréable.,Приятное <b>времяпрепровождение</b>.,🎮,m
un repentir,раскаяние,Le <b>repentir</b> sincère.,Искреннее <b>раскаяние</b>.,😔,m
un caveau,склеп,Un <b>caveau</b> familial.,Семейный <b>склеп</b>.,⚰️,m
"partagé, partagée",разделённый,Un avis <b>partagé</b>.,<b>Разделённое</b> мнение.,⚖️,adj
"réconfortant, réconfortante",утешительный,Des paroles <b>réconfortantes</b>.,<b>Утешительные</b> слова.,🤗,adj
patiner,кататься на коньках,<b>Patiner</b> sur la glace.,<b>Кататься на коньках</b>.,⛸️,v
"tranchant, tranchante",острый,Une lame <b>tranchante</b>.,<b>Острое</b> лезвие.,🔪,adj
un découvert,овердрафт,Être à <b>découvert</b>.,Быть в <b>овердрафте</b>.,💳,m
adhérer,присоединяться,<b>Adhérer</b> à un club.,<b>Присоединиться</b> к клубу.,🤝,v
un présage,предзнаменование,Un mauvais <b>présage</b>.,Плохое <b>предзнаменование</b>.,🔮,m
un monologue,монолог,Un long <b>monologue</b>.,Долгий <b>монолог</b>.,🗣️,m
"abondant, abondante",обильный,Une récolte <b>abondante</b>.,<b>Обильный</b> урожай.,🌾,adj
alterner,чередовать,<b>Alterner</b> les couleurs.,<b>Чередовать</b> цвета.,🎨,v
un consommateur,потребитель,Protéger le <b>consommateur</b>.,Защищать <b>потребителя</b>.,🛒,m
rabaisser,унижать,<b>Rabaisser</b> quelqu'un.,<b>Унижать</b> кого-то.,😔,v
un redressement,выправление,Le <b>redressement</b> économique.,Экономическое <b>выправление</b>.,📈,m
"créateur, créatrice",творческий,Un esprit <b>créateur</b>.,<b>Творческий</b> дух.,💡,adj
"déprimant, déprimante",угнетающий,Une ambiance <b>déprimante</b>.,<b>Угнетающая</b> атмосфера.,😞,adj
pittoresque,живописный,Un village <b>pittoresque</b>.,<b>Живописная</b> деревня.,🏘️,adj
grêle,тонкий,Une voix <b>grêle</b>.,<b>Тонкий</b> голос.,🗣️,adj
"indistinct, indistincte",неясный,Un bruit <b>indistinct</b>.,<b>Неясный</b> шум.,🔊,adj
un contexte,контекст,Dans ce <b>contexte</b>.,В этом <b>контексте</b>.,📋,m
murer,замуровывать,<b>Murer</b> une porte.,<b>Замуровать</b> дверь.,🧱,v
une nationale,национальная дорога,Une route <b>nationale</b>.,<b>Национальная</b> трасса.,🛣️,f
symboliser,символизировать,<b>Symboliser</b> la paix.,<b>Символизировать</b> мир.,☮️,v
disant,так называемый,Soi-<b>disant</b> expert.,<b>Так называемый</b> эксперт.,🤔,adj
rebrousser,возвращаться,<b>Rebrousser</b> chemin.,<b>Повернуть</b> назад.,↩️,v
un mou,мякоть,Le <b>mou</b> du coude.,<b>Сгиб</b> локтя.,💪,m
un optimisme,оптимизм,Avec <b>optimisme</b>.,С <b>оптимизмом</b>.,😊,m
une cohue,толчея,Dans la <b>cohue</b>.,В <b>толчее</b>.,👥,f
"résistant, résistante",стойкий,Un matériau <b>résistant</b>.,<b>Прочный</b> материал.,🛡️,adj
un golfe,залив,Le <b>golfe</b> du Mexique.,Мексиканский <b>залив</b>.,🌊,m
une boussole,компас,Suivre la <b>boussole</b>.,Следовать за <b>компасом</b>.,🧭,f
une variation,вариация,Une <b>variation</b> musicale.,Музыкальная <b>вариация</b>.,🎵,f
une cochère,каретная (дверь),Une porte <b>cochère</b>.,<b>Каретные</b> ворота.,🚪,f
un cocher,кучер,Le <b>cocher</b> du carrosse.,<b>Кучер</b> кареты.,🐴,m
un favori,любимец,Le <b>favori</b> du roi.,<b>Любимец</b> короля.,👑,m
un paragraphe,абзац,Un nouveau <b>paragraphe</b>.,Новый <b>абзац</b>.,📝,m
une cruche,кувшин,Une <b>cruche</b> d'eau.,<b>Кувшин</b> воды.,🏺,f
un baratin,болтовня,Arrête ton <b>baratin</b>.,Хватит <b>болтовни</b>.,🗣️,m
désapprouver,не одобрять,<b>Désapprouver</b> une décision.,<b>Не одобрять</b> решение.,👎,v
"enfermé, enfermée",запертый,<b>Enfermé</b> dans sa chambre.,<b>Запертый</b> в комнате.,🔒,adj
perfectionner,совершенствовать,<b>Perfectionner</b> son art.,<b>Совершенствовать</b> искусство.,🎨,v
un déclin,упадок,Le <b>déclin</b> de l'empire.,<b>Упадок</b> империи.,📉,m
un syndrome,синдром,Le <b>syndrome</b> de Stockholm.,Стокгольмский <b>синдром</b>.,🧠,m
une douille,гильза,Une <b>douille</b> de cartouche.,<b>Гильза</b> от патрона.,🔫,f
une effusion,излияние,Des <b>effusions</b> de sang.,<b>Кровопролитие</b>.,🩸,f
une caricature,карикатура,Une <b>caricature</b> politique.,Политическая <b>карикатура</b>.,🎨,f
un abat-jour,абажур,Un <b>abat-jour</b> en soie.,Шёлковый <b>абажур</b>.,💡,m
un messire,мессир (устар.),<b>Messire</b> le chevalier.,<b>Мессир</b> рыцарь.,🤴,m
une adoption,усыновление,Une <b>adoption</b> internationale.,Международное <b>усыновление</b>.,👨‍👧,f
un panache,перо на шлеме,Avec <b>panache</b>.,С <b>шиком</b>.,🪶,m
un asphalte,асфальт,Sur l'<b>asphalte</b> chaud.,На горячем <b>асфальте</b>.,🛣️,m
apte,способный,<b>Apte</b> au service.,<b>Годен</b> к службе.,✅,adj
une capitulation,капитуляция,La <b>capitulation</b> de l'ennemi.,<b>Капитуляция</b> врага.,🏳️,f
une détermination,решимость,Avec <b>détermination</b>.,С <b>решимостью</b>.,💪,f
"israélien, israélienne",израильский,Le gouvernement <b>israélien</b>.,<b>Израильское</b> правительство.,🇮🇱,adj
une cafetière,кофеварка,Une <b>cafetière</b> électrique.,Электрическая <b>кофеварка</b>.,☕,f
"urbain, urbaine",городской,Une zone <b>urbaine</b>.,<b>Городская</b> зона.,🏙️,adj
"laborieux, laborieuse",трудоёмкий,Un travail <b>laborieux</b>.,<b>Трудоёмкая</b> работа.,💪,adj
"velu, velue",волосатый,Des bras <b>velus</b>.,<b>Волосатые</b> руки.,🐻,adj
une espadrille,эспадрильи,Des <b>espadrilles</b> d'été.,Летние <b>эспадрильи</b>.,👟,f
un poulain,жеребёнок,Un jeune <b>poulain</b>.,Молодой <b>жеребёнок</b>.,🐴,m
une dépendance,зависимость,Une <b>dépendance</b> à l'alcool.,<b>Зависимость</b> от алкоголя.,⚠️,f
"invité, invitée",приглашённый,Un <b>invité</b> d'honneur.,<b>Почётный</b> гость.,🎉,adj
"enterré, enterrée",похороненный,Un trésor <b>enterré</b>.,<b>Зарытый</b> клад.,💎,adj
un gueux,нищий,Un pauvre <b>gueux</b>.,Бедный <b>нищий</b>.,🧔,m
"brodé, brodée",вышитый,Une nappe <b>brodée</b>.,<b>Вышитая</b> скатерть.,🧵,adj
un absurde,абсурд,L'<b>absurde</b> de la situation.,<b>Абсурдность</b> ситуации.,🤷,m
"dégagé, dégagée",открытый,Un ciel <b>dégagé</b>.,<b>Ясное</b> небо.,☀️,adj
relaxer,расслаблять,Se <b>relaxer</b> après le travail.,<b>Расслабиться</b> после работы.,🧘,v
un arc-en-ciel,радуга,Un bel <b>arc-en-ciel</b>.,Красивая <b>радуга</b>.,🌈,m
repêcher,вылавливать,<b>Repêcher</b> un noyé.,<b>Выловить</b> утонувшего.,🌊,v
un fabricant,производитель,Le <b>fabricant</b> de voitures.,<b>Производитель</b> автомобилей.,🏭,m
assortir,подбирать,<b>Assortir</b> les couleurs.,<b>Подобрать</b> цвета.,🎨,v
méconnaissable,неузнаваемый,Il est <b>méconnaissable</b>.,Он <b>неузнаваем</b>.,😮,adj
un envol,взлёт,L'<b>envol</b> des oiseaux.,<b>Взлёт</b> птиц.,🐦,m
griffonner,накарябать,<b>Griffonner</b> une note.,<b>Накарябать</b> записку.,✏️,v
tanguer,качаться,Le bateau <b>tangue</b>.,Лодка <b>качается</b>.,⛵,v
un plongeur,ныряльщик,Un <b>plongeur</b> sous-marin.,Подводный <b>ныряльщик</b>.,🤿,m
une overdose,передозировка,Une <b>overdose</b> fatale.,Смертельная <b>передозировка</b>.,💊,f
un cor,рог,Le son du <b>cor</b>.,Звук <b>рога</b>.,📯,m
un extra,подработка,Faire des <b>extras</b>.,Делать <b>подработки</b>.,💼,m
une impossibilité,невозможность,Une <b>impossibilité</b> technique.,Техническая <b>невозможность</b>.,🚫,f
"contenu, contenue",сдержанный,Une joie <b>contenue</b>.,<b>Сдержанная</b> радость.,😊,adj
un guidon,руль,Le <b>guidon</b> du vélo.,<b>Руль</b> велосипеда.,🚲,m
un répertoire,репертуар,Le <b>répertoire</b> d'un acteur.,<b>Репертуар</b> актёра.,🎭,m
une tolérance,терпимость,Prêcher la <b>tolérance</b>.,Проповедовать <b>терпимость</b>.,🤝,f
hilare,хохочущий,Un public <b>hilare</b>.,<b>Хохочущая</b> публика.,😂,adj
bouillonner,кипеть,L'eau <b>bouillonne</b>.,Вода <b>кипит</b>.,🫧,v
"lavé, lavée",вымытый,Les mains <b>lavées</b>.,<b>Вымытые</b> руки.,🧼,adj
un bossu,горбун,Le <b>bossu</b> de Notre-Dame.,<b>Горбун</b> из Нотр-Дама.,🏰,m
un fa,нота фа,Un <b>fa</b> dièse.,<b>Фа</b> диез.,🎵,m
un infarctus,инфаркт,Un <b>infarctus</b> du myocarde.,<b>Инфаркт</b> миокарда.,❤️‍🩹,m
une déchéance,падение,La <b>déchéance</b> morale.,Моральное <b>падение</b>.,📉,f
une acclamation,приветствие,Sous les <b>acclamations</b>.,Под <b>приветствия</b>.,👏,f
une maturité,зрелость,Atteindre la <b>maturité</b>.,Достичь <b>зрелости</b>.,🌱,f
un coût,стоимость,Le <b>coût</b> de la vie.,<b>Стоимость</b> жизни.,💵,m
un kidnapping,похищение,Un <b>kidnapping</b> dramatique.,Драматическое <b>похищение</b>.,🚔,m
un opposé,противоположность,L'<b>opposé</b> exact.,Полная <b>противоположность</b>.,↔️,m
une mayonnaise,майонез,Une cuillère de <b>mayonnaise</b>.,Ложка <b>майонеза</b>.,🥄,f
une orgie,оргия,Une <b>orgie</b> romaine.,Римская <b>оргия</b>.,🍷,f
"chantant, chantante",певучий,Un accent <b>chantant</b>.,<b>Певучий</b> акцент.,🎵,adj
"coquet, coquette",кокетливый,Une robe <b>coquette</b>.,<b>Кокетливое</b> платье.,👗,adj
"périlleux, périlleuse",опасный,Un saut <b>périlleux</b>.,<b>Опасный</b> прыжок.,🤸,adj
"électoral, électorale",избирательный,Une campagne <b>électorale</b>.,<b>Избирательная</b> кампания.,🗳️,adj
"savoureux, savoureuse",вкусный,Un plat <b>savoureux</b>.,<b>Вкусное</b> блюдо.,😋,adj
contraster,контрастировать,<b>Contraster</b> avec le fond.,<b>Контрастировать</b> с фоном.,🎨,v
manigancer,замышлять,<b>Manigancer</b> un complot.,<b>Замышлять</b> заговор.,🤫,v
un solide,твёрдое тело,Un <b>solide</b> géométrique.,Геометрическое <b>тело</b>.,🔷,m
un clairon,горнист,Le <b>clairon</b> sonne.,<b>Горн</b> трубит.,🎺,m
un ra,барабанная дробь,Un <b>ra</b> de tambour.,<b>Дробь</b> барабана.,🥁,m
un éveil,пробуждение,L'<b>éveil</b> des sens.,<b>Пробуждение</b> чувств.,🌅,m
"suppliant, suppliante",молящий,Un regard <b>suppliant</b>.,<b>Молящий</b> взгляд.,🙏,adj
un affront,оскорбление,Subir un <b>affront</b>.,Получить <b>оскорбление</b>.,😤,m
un lilas,сирень,Un bouquet de <b>lilas</b>.,Букет <b>сирени</b>.,💜,m
une chenille,гусеница,Une <b>chenille</b> verte.,Зелёная <b>гусеница</b>.,🐛,f
esclaffer,прыскать,S'<b>esclaffer</b> de rire.,<b>Прыснуть</b> от смеха.,😂,v
un paumé,неудачник,Un pauvre <b>paumé</b>.,Бедный <b>неудачник</b>.,😔,m
une minorité,меньшинство,Une <b>minorité</b> ethnique.,Этническое <b>меньшинство</b>.,👥,f
une moquerie,насмешка,Objet de <b>moquerie</b>.,Объект <b>насмешек</b>.,😏,f
remédier,исправлять,<b>Remédier</b> à la situation.,<b>Исправить</b> ситуацию.,🔧,v
un au-delà,потустороннее,Croire en l'<b>au-delà</b>.,Верить в <b>потустороннее</b>.,👻,m
un nouveau-né,новорождённый,Un <b>nouveau-né</b> adorable.,Очаровательный <b>новорождённый</b>.,👶,m
une once,унция,Une <b>once</b> d'or.,<b>Унция</b> золота.,🥇,f
"explosif, explosive",взрывной,Un mélange <b>explosif</b>.,<b>Взрывоопасная</b> смесь.,💥,adj
rêche,шершавый,Une étoffe <b>rêche</b>.,<b>Шершавая</b> ткань.,🧵,adj
"tourmenté, tourmentée",измученный,Une âme <b>tourmentée</b>.,<b>Измученная</b> душа.,😔,adj
un tapin,проституция (арго),Faire le <b>tapin</b>.,<b>Торговать телом</b>.,🚫,m
une transe,транс,Entrer en <b>transe</b>.,Войти в <b>транс</b>.,🌀,f
"superflu, superflue",излишний,Un luxe <b>superflu</b>.,<b>Излишняя</b> роскошь.,💎,adj
une basse,бас,Une <b>basse</b> électrique.,Электрическая <b>бас</b>-гитара.,🎸,f
une gourde,фляга,Une <b>gourde</b> d'eau.,<b>Фляга</b> с водой.,🥤,f
une plénitude,полнота,En <b>plénitude</b>.,В <b>полноте</b>.,✨,f
une ruche,улей,Une <b>ruche</b> d'abeilles.,<b>Улей</b> пчёл.,🐝,f
sous-titrer,добавлять субтитры,<b>Sous-titrer</b> un film.,<b>Добавить субтитры</b> к фильму.,🎬,v
amarrer,швартовать,<b>Amarrer</b> le bateau.,<b>Пришвартовать</b> лодку.,⛵,v
expérimenter,экспериментировать,<b>Expérimenter</b> de nouvelles méthodes.,<b>Экспериментировать</b> с новыми методами.,🔬,v
"foireux, foireuse",дурацкий,Un plan <b>foireux</b>.,<b>Дурацкий</b> план.,👎,adj
un abonnement,подписка,Un <b>abonnement</b> mensuel.,Ежемесячная <b>подписка</b>.,📰,m
un gymnase,спортзал,S'entraîner au <b>gymnase</b>.,Тренироваться в <b>спортзале</b>.,🏋️,m
un cratère,кратер,Le <b>cratère</b> d'un volcan.,<b>Кратер</b> вулкана.,🌋,m
empocher,прикарманить,<b>Empocher</b> l'argent.,<b>Прикарманить</b> деньги.,💰,v
tamponner,штамповать,<b>Tamponner</b> un document.,<b>Штамповать</b> документ.,📄,v
inacceptable,неприемлемый,Une attitude <b>inacceptable</b>.,<b>Неприемлемое</b> поведение.,🚫,adj
une oasis,оазис,Une <b>oasis</b> de paix.,<b>Оазис</b> спокойствия.,🏝️,f
accessible,доступный,Un prix <b>accessible</b>.,<b>Доступная</b> цена.,✅,adj
"harmonieux, harmonieuse",гармоничный,Une musique <b>harmonieuse</b>.,<b>Гармоничная</b> музыка.,🎵,adj
"latéral, latérale",боковой,Une entrée <b>latérale</b>.,<b>Боковой</b> вход.,🚪,adj
une bile,желчь,Se faire de la <b>bile</b>.,Переживать.,😰,f
une maisonnette,домик,Une <b>maisonnette</b> de jardin.,Садовый <b>домик</b>.,🏠,f
"respecté, respectée",уважаемый,Un homme <b>respecté</b>.,<b>Уважаемый</b> человек.,👤,adj
obscurcir,затемнять,<b>Obscurcir</b> la pièce.,<b>Затемнить</b> комнату.,🌑,v
un tact,такт,Avec <b>tact</b>.,С <b>тактом</b>.,🤝,m
comptable,бухгалтер,Un <b>comptable</b> qualifié.,Квалифицированный <b>бухгалтер</b>.,📊,adj
un fumeur,курильщик,Un <b>fumeur</b> invétéré.,Заядлый <b>курильщик</b>.,🚬,m
"argentin, argentine",аргентинский,Le tango <b>argentin</b>.,<b>Аргентинское</b> танго.,🇦🇷,adj
supportable,терпимый,Une douleur <b>supportable</b>.,<b>Терпимая</b> боль.,😕,adj
un crépitement,треск,Le <b>crépitement</b> du feu.,<b>Треск</b> огня.,🔥,m
un raid,рейд,Un <b>raid</b> aérien.,Воздушный <b>рейд</b>.,✈️,m
une agressivité,агрессивность,Avec <b>agressivité</b>.,С <b>агрессивностью</b>.,😠,f
un blockhaus,бункер; дот,Le <b>blockhaus</b> allemand.,Немецкий <b>дот</b>.,🏰,m
un poivrot,пьяница (разг.),Ce <b>poivrot</b> titube.,Этот <b>пьяница</b> шатается.,🍺,m
"jauni, jaunie",пожелтевший,Des pages <b>jaunies</b>.,<b>Пожелтевшие</b> страницы.,📜,adj
une toque,колпак,La <b>toque</b> du chef.,<b>Колпак</b> повара.,👨‍🍳,f
un arbuste,кустарник,Un <b>arbuste</b> fleuri.,Цветущий <b>кустарник</b>.,🌺,m
décimer,уничтожать,<b>Décimer</b> la population.,<b>Уничтожить</b> население.,😔,v
"miséricordieux, miséricordieuse",милосердный,Un Dieu <b>miséricordieux</b>.,<b>Милосердный</b> Бог.,🙏,adj
somnambule,лунатик,Un <b>somnambule</b> nocturne.,Ночной <b>лунатик</b>.,🌙,m
un ravage,опустошение,Les <b>ravages</b> de la guerre.,<b>Опустошения</b> войны.,💔,m
naze,никудышный,Un film <b>naze</b>.,<b>Никудышный</b> фильм.,👎,adj
un extrait,выдержка,Un <b>extrait</b> de texte.,<b>Выдержка</b> из текста.,📝,m
une extinction,вымирание,L'<b>extinction</b> des dinosaures.,<b>Вымирание</b> динозавров.,🦖,f
fourguer,сбывать,<b>Fourguer</b> de la marchandise.,<b>Сбывать</b> товар.,📦,v
un dépens,убыток,À ses <b>dépens</b>.,За свой <b>счёт</b>.,💸,m
une violation,нарушение,Une <b>violation</b> des droits.,<b>Нарушение</b> прав.,⚖️,f
"émotionnel, émotionnelle",эмоциональный,Une réaction <b>émotionnelle</b>.,<b>Эмоциональная</b> реакция.,😢,adj
un vagin,влагалище,Le <b>vagin</b> est un organe.,<b>Влагалище</b> — орган.,🔬,m
"fané, fanée",увядший,Des fleurs <b>fanées</b>.,<b>Увядшие</b> цветы.,🥀,adj
un avatar,аватар,Un <b>avatar</b> numérique.,Цифровой <b>аватар</b>.,👤,m
une stupidité,глупость,Quelle <b>stupidité</b> !,Какая <b>глупость</b>!,🤦,f
flétrir,увядать,Les roses <b>flétrissent</b>.,Розы <b>увядают</b>.,🌹,v
"affilé, affilée",заточенный,Une lame <b>affilée</b>.,<b>Заточенное</b> лезвие.,🔪,adj
différents,разные,Des avis <b>différents</b>.,<b>Разные</b> мнения.,🔀,adj
"reconnu, reconnue",признанный,Un artiste <b>reconnu</b>.,<b>Признанный</b> артист.,🎨,adj
un absent,отсутствующий (субст.),Les <b>absents</b> ont toujours tort.,<b>Отсутствующие</b> всегда неправы.,👻,m
une répugnance,отвращение,Avec <b>répugnance</b>.,С <b>отвращением</b>.,🤢,f
un bambou,бамбук,Une forêt de <b>bambou</b>.,<b>Бамбуковый</b> лес.,🎋,m
"ancestral, ancestrale",родовой,Une terre <b>ancestrale</b>.,<b>Родовая</b> земля.,🏠,adj
une pastèque,арбуз,Une tranche de <b>pastèque</b>.,Ломтик <b>арбуза</b>.,🍉,f
"masqué, masquée",замаскированный,Un homme <b>masqué</b>.,<b>Замаскированный</b> человек.,🎭,adj
gamberger,кумекать,<b>Gamberger</b> toute la nuit.,<b>Кумекать</b> всю ночь.,🤔,v
convoiter,вожделеть,<b>Convoiter</b> le pouvoir.,<b>Жаждать</b> власти.,👑,v
un appelé,призывник,L'<b>appelé</b> fait son service.,<b>Призывник</b> служит.,🎖️,m
"chétif, chétive",хилый,Un enfant <b>chétif</b>.,<b>Хилый</b> ребёнок.,🤒,adj
une carrosserie,кузов,La <b>carrosserie</b> de la voiture.,<b>Кузов</b> машины.,🚗,f
une employeuse,работодательница,L'<b>employeuse</b> paie bien.,<b>Работодательница</b> хорошо платит.,👩‍💼,f
"ridé, ridée",морщинистый,Un visage <b>ridé</b>.,<b>Морщинистое</b> лицо.,👴,adj
femelle,самка,Une <b>femelle</b> lion.,<b>Львица</b>.,🦁,adj
terrasser,повергать,<b>Terrasser</b> l'ennemi.,<b>Повергнуть</b> врага.,⚔️,v
infidèle,неверный,Un mari <b>infidèle</b>.,<b>Неверный</b> муж.,💔,adj
"révolu, révolue",минувший,Une époque <b>révolue</b>.,<b>Минувшая</b> эпоха.,⏳,adj
un employeur,работодатель,Un bon <b>employeur</b>.,Хороший <b>работодатель</b>.,💼,m
déconcerter,озадачивать,<b>Déconcerter</b> l'adversaire.,<b>Озадачить</b> противника.,🤔,v
reluquer,пялиться,<b>Reluquer</b> une fille.,<b>Пялиться</b> на девушку.,👀,v
faune,фауна,La <b>faune</b> sauvage.,Дикая <b>фауна</b>.,🦁,m
"temporel, temporelle",временной,Un pouvoir <b>temporel</b>.,<b>Светская</b> власть.,⏰,adj
une truffe,трюфель,Une <b>truffe</b> noire.,Чёрный <b>трюфель</b>.,🍄,f
"nuptial, nuptiale",брачный,La chambre <b>nuptiale</b>.,<b>Брачная</b> комната.,💒,adj
un mortier,миномёт,Un tir de <b>mortier</b>.,Выстрел из <b>миномёта</b>.,💣,m
une aptitude,способность,Une <b>aptitude</b> naturelle.,Природная <b>способность</b>.,🎯,f
"habitué, habituée",привычный,Un geste <b>habitué</b>.,<b>Привычный</b> жест.,🔄,adj
un raffinement,утончённость,Avec <b>raffinement</b>.,С <b>утончённостью</b>.,💎,m
"arrondi, arrondie",округлённый,Une somme <b>arrondie</b>.,<b>Округлённая</b> сумма.,🔢,adj
"fulgurant, fulgurante",молниеносный,Une carrière <b>fulgurante</b>.,<b>Молниеносная</b> карьера.,⚡,adj
lorgner,коситься,<b>Lorgner</b> sur le voisin.,<b>Коситься</b> на соседа.,👀,v
un surf,сёрфинг,Faire du <b>surf</b>.,Заниматься <b>сёрфингом</b>.,🏄,m
une céréale,злак,Les <b>céréales</b> du petit-déjeuner.,<b>Хлопья</b> на завтрак.,🥣,f
délier,развязывать,<b>Délier</b> les mains.,<b>Развязать</b> руки.,🪢,v
mémorable,памятный,Un jour <b>mémorable</b>.,<b>Памятный</b> день.,📅,adj
un schéma,схема,Le <b>schéma</b> du circuit.,<b>Схема</b> цепи.,📊,m
"moteur, motrice",двигательный,La force <b>motrice</b>.,<b>Движущая</b> сила.,⚙️,adj
"instruit, instruite",образованный,Une femme <b>instruite</b>.,<b>Образованная</b> женщина.,📚,adj
stabiliser,стабилизировать,<b>Stabiliser</b> l'économie.,<b>Стабилизировать</b> экономику.,📊,v
"brumeux, brumeuse",туманный,Un temps <b>brumeux</b>.,<b>Туманная</b> погода.,🌫️,adj
"algérien, algérienne",алжирский,La cuisine <b>algérienne</b>.,<b>Алжирская</b> кухня.,🇩🇿,adj
un nageur,пловец,Un <b>nageur</b> olympique.,Олимпийский <b>пловец</b>.,🏊,m
un routier,дальнобойщик,Le <b>routier</b> conduit.,<b>Дальнобойщик</b> едет.,🚛,m
un réacteur,реактор,Le <b>réacteur</b> nucléaire.,Ядерный <b>реактор</b>.,☢️,m
une romance,романс,Chanter une <b>romance</b>.,Петь <b>романс</b>.,🎶,f
un affamé,голодающий,Les <b>affamés</b> demandent du pain.,<b>Голодающие</b> просят хлеба.,🍞,m
une langouste,лангуст,Une <b>langouste</b> grillée.,Жареный <b>лангуст</b>.,🦞,f
un ex-mari,бывший муж,Mon <b>ex-mari</b> habite ailleurs.,Мой <b>бывший муж</b> живёт отдельно.,💔,m
une argenterie,серебро (посуда),L'<b>argenterie</b> familiale.,Семейное <b>серебро</b>.,🍴,f
une délivrance,избавление,Quelle <b>délivrance</b> !,Какое <b>избавление</b>!,😌,f
un téton,сосок; грудь,Les <b>tétons</b> sont sensibles.,<b>Соски</b> чувствительны.,🔬,m
une gestion,управление,La <b>gestion</b> des ressources.,<b>Управление</b> ресурсами.,📋,f
un joyau,драгоценность,Un <b>joyau</b> rare.,Редкая <b>драгоценность</b>.,💎,m
une pesanteur,тяжесть; гравитация,La <b>pesanteur</b> terrestre.,Земная <b>гравитация</b>.,🌍,f
insérer,вставлять,<b>Insérer</b> une carte.,<b>Вставить</b> карту.,💳,v
un dock,док; причал,Les <b>docks</b> du port.,<b>Доки</b> порта.,🚢,m
refluer,отступать; отливать,La marée <b>reflue</b>.,<b>Прилив</b> отступает.,🌊,v
un aboiement,лай,L'<b>aboiement</b> du chien.,<b>Лай</b> собаки.,🐕,m
assouvir,утолять; насыщать,<b>Assouvir</b> sa faim.,<b>Утолить</b> голод.,🍽️,v
"boiteux, boiteuse",хромой,Un homme <b>boiteux</b>.,<b>Хромой</b> мужчина.,🦽,adj
fébrile,лихорадочный,Une activité <b>fébrile</b>.,<b>Лихорадочная</b> активность.,🤒,adj
actionner,приводить в действие,<b>Actionner</b> le levier.,<b>Нажать</b> на рычаг.,🕹️,v
divaguer,бредить; блуждать,Il <b>divague</b> un peu.,Он немного <b>бредит</b>.,🤪,v
un brasier,костёр; пожарище,Le <b>brasier</b> crépite.,<b>Костёр</b> потрескивает.,🔥,m
regrettable,прискорбный,Un incident <b>regrettable</b>.,<b>Досадный</b> инцидент.,😔,adj
un punch,пунш; удар,Un <b>punch</b> au fruit.,Фруктовый <b>пунш</b>.,🍹,m
une matricule,номер (служебный),Le <b>matricule</b> du soldat.,<b>Номер</b> солдата.,🔢,f
un cliquetis,звон; лязг,Le <b>cliquetis</b> des clés.,<b>Звон</b> ключей.,🔑,m
une framboise,малина,Des <b>framboises</b> fraîches.,Свежая <b>малина</b>.,🫐,f
instaurer,устанавливать,<b>Instaurer</b> la paix.,<b>Установить</b> мир.,🕊️,v
un sacrement,таинство,Le <b>sacrement</b> du mariage.,<b>Таинство</b> брака.,⛪,m
une grammaire,грамматика,Étudier la <b>grammaire</b>.,Изучать <b>грамматику</b>.,📖,f
une hystérie,истерия,Une crise d'<b>hystérie</b>.,Приступ <b>истерии</b>.,😱,f
une médiocrité,посредственность,La <b>médiocrité</b> ambiante.,Окружающая <b>посредственность</b>.,😐,f
une sévérité,строгость,Avec <b>sévérité</b>.,Со <b>строгостью</b>.,😠,f
"révérend, révérende",преподобный,Le <b>révérend</b> père.,<b>Преподобный</b> отец.,⛪,adj
une mêlée,потасовка,Une <b>mêlée</b> générale.,Общая <b>потасовка</b>.,💥,f
un ceinturon,ремень,Un <b>ceinturon</b> militaire.,Военный <b>ремень</b>.,🎖️,m
une inondation,наводнение,Une <b>inondation</b> catastrophique.,Катастрофическое <b>наводнение</b>.,🌊,f
toiser,смерить взглядом,<b>Toiser</b> quelqu'un.,<b>Смерить</b> кого-то взглядом.,👀,v
une plombe,час (разг.),Attendre des <b>plombes</b>.,Ждать целую <b>вечность</b>.,⏰,f
"continuel, continuelle",непрерывный,Un bruit <b>continuel</b>.,<b>Непрерывный</b> шум.,🔊,adj
"présidentiel, présidentielle",президентский,Une élection <b>présidentielle</b>.,<b>Президентские</b> выборы.,🏛️,adj
raffoler,обожать,<b>Raffoler</b> de chocolat.,<b>Обожать</b> шоколад.,🍫,v
maculer,пачкать,<b>Maculer</b> de boue.,<b>Запачкать</b> грязью.,🩸,v
un grief,обида,Avoir un <b>grief</b> contre quelqu'un.,Иметь <b>обиду</b> на кого-то.,😤,m
perfide,коварный,Un plan <b>perfide</b>.,<b>Коварный</b> план.,🐍,adj
une stupéfaction,оцепенение,Avec <b>stupéfaction</b>.,В <b>оцепенении</b>.,😲,f
percuter,врезаться,<b>Percuter</b> un arbre.,<b>Врезаться</b> в дерево.,🚗,v
"bienheureux, bienheureuse",блаженный,Un sourire <b>bienheureux</b>.,<b>Блаженная</b> улыбка.,😇,adj
un tif,волос (разг.),Avoir de beaux <b>tifs</b>.,Иметь красивые <b>волосы</b>.,💇,m
un zombie,зомби,Un film de <b>zombies</b>.,Фильм про <b>зомби</b>.,🧟,m
"enclin, encline",склонный,<b>Enclin</b> à la paresse.,<b>Склонный</b> к лени.,😴,adj
engraisser,откармливать,<b>Engraisser</b> les cochons.,<b>Откармливать</b> свиней.,🐷,v
un cloître,монастырь,Le <b>cloître</b> de l'abbaye.,<b>Монастырь</b> аббатства.,⛪,m
un ignorant,невежда,Quel <b>ignorant</b> !,Какой <b>невежда</b>!,🤦,m
corse,корсиканский,La cuisine <b>corse</b>.,<b>Корсиканская</b> кухня.,🇫🇷,adj
un ravissement,восторг,Avec <b>ravissement</b>.,С <b>восторгом</b>.,😍,m
une demi-douzaine,полдюжины,Une <b>demi-douzaine</b> d'œufs.,<b>Полдюжины</b> яиц.,🥚,f
rectangulaire,прямоугольный,Une table <b>rectangulaire</b>.,<b>Прямоугольный</b> стол.,📐,adj
un cornichon,корнишон,Un <b>cornichon</b> croquant.,Хрустящий <b>корнишон</b>.,🥒,m
un couvre-feu,комендантский час,Instaurer le <b>couvre-feu</b>.,Ввести <b>комендантский час</b>.,🌙,m
une trique,дубина,Une grosse <b>trique</b>.,Большая <b>дубина</b>.,🪵,f
"éminent, éminente",выдающийся,Un <b>éminent</b> scientifique.,<b>Выдающийся</b> учёный.,🔬,adj
un bienfaiteur,благодетель,Un généreux <b>bienfaiteur</b>.,Щедрый <b>благодетель</b>.,🤝,m
un dégoûtant,отвратительный (субст.),C'est un <b>dégoûtant</b>.,Он <b>отвратителен</b>.,🤢,m
parachutiste,парашютист,Un <b>parachutiste</b> professionnel.,Профессиональный <b>парашютист</b>.,🪂,m
une parenté,родство,Un lien de <b>parenté</b>.,<b>Родственная</b> связь.,👨‍👩‍👧,f
inconcevable,немыслимый,Une idée <b>inconcevable</b>.,<b>Немыслимая</b> идея.,🤯,adj
"apaisant, apaisante",успокаивающий,Une musique <b>apaisante</b>.,<b>Успокаивающая</b> музыка.,🎵,adj
"nonchalant, nonchalante",небрежный,Une attitude <b>nonchalante</b>.,<b>Небрежная</b> манера.,😎,adj
toxique,токсичный,Une substance <b>toxique</b>.,<b>Токсичное</b> вещество.,☠️,adj
"hurlant, hurlante",воющий,Un vent <b>hurlant</b>.,<b>Воющий</b> ветер.,🌬️,adj
une inconscience,бессознательность,Quelle <b>inconscience</b> !,Какая <b>бессознательность</b>!,😱,f
une bouée,буй,S'accrocher à une <b>bouée</b>.,Ухватиться за <b>буй</b>.,🛟,f
une panthère,пантера,Une <b>panthère</b> noire.,Чёрная <b>пантера</b>.,🐆,f
décamper,сматываться,<b>Décamper</b> vite.,Быстро <b>сматываться</b>.,🏃,v
notoire,общеизвестный,Un fait <b>notoire</b>.,<b>Общеизвестный</b> факт.,📢,adj
un croisé,крестоносец,Un <b>croisé</b> du Moyen Âge.,Средневековый <b>крестоносец</b>.,⚔️,m
un informateur,информатор,Un <b>informateur</b> fiable.,Надёжный <b>информатор</b>.,🕵️,m
un fax,факс,Envoyer un <b>fax</b>.,Отправить <b>факс</b>.,📠,m
un fief,феод,Le <b>fief</b> du seigneur.,<b>Феод</b> сеньора.,🏰,m
un plongeon,прыжок в воду,Un <b>plongeon</b> élégant.,Элегантный <b>прыжок в воду</b>.,🏊,m
une côtelette,котлета,Une <b>côtelette</b> d'agneau.,Баранья <b>котлета</b>.,🥩,f
"exaltant, exaltante",волнующий,Une expérience <b>exaltante</b>.,<b>Волнующий</b> опыт.,✨,adj
"conventionnel, conventionnelle",условный,Un signe <b>conventionnel</b>.,<b>Условный</b> знак.,📝,adj
"prometteur, prometteuse",многообещающий,Un début <b>prometteur</b>.,<b>Многообещающее</b> начало.,⭐,adj
une suie,сажа,Couvert de <b>suie</b>.,Покрытый <b>сажей</b>.,🏭,f
"exposé, exposée",выставленный,Un tableau <b>exposé</b>.,<b>Выставленная</b> картина.,🖼️,adj
"plaintif, plaintive",жалобный,Un ton <b>plaintif</b>.,<b>Жалобный</b> тон.,😢,adj
une brouette,тачка,Pousser une <b>brouette</b>.,Толкать <b>тачку</b>.,🧹,f
un handicapé,инвалид,Un <b>handicapé</b> moteur.,<b>Инвалид</b>-колясочник.,♿,m
flasque,дряблый,Des muscles <b>flasques</b>.,<b>Дряблые</b> мышцы.,💪,adj
un venin,яд,Le <b>venin</b> du serpent.,Змеиный <b>яд</b>.,🐍,m
une motivation,мотивация,Une forte <b>motivation</b>.,Сильная <b>мотивация</b>.,💪,f
draper,драпировать,<b>Draper</b> une statue.,<b>Драпировать</b> статую.,🗽,v
prospère,процветающий,Une entreprise <b>prospère</b>.,<b>Процветающее</b> предприятие.,📈,adj
"supposé, supposée",предполагаемый,Un crime <b>supposé</b>.,<b>Предполагаемое</b> преступление.,🤔,adj
libraire,книготорговец,Le <b>libraire</b> du coin.,Местный <b>книготорговец</b>.,📚,m
une rigole,канавка,L'eau coule dans la <b>rigole</b>.,Вода течёт по <b>канавке</b>.,💧,f
brouter,пастись,Les vaches <b>broutent</b>.,Коровы <b>пасутся</b>.,🐄,v
culpabiliser,чувствовать вину,Se <b>culpabiliser</b> pour rien.,<b>Винить себя</b> напрасно.,😔,v
un lesbien,лесбиян (редк.),Un couple <b>lesbien</b>.,<b>Лесбийская</b> пара.,🏳️‍🌈,m
un larbin,лакей,Un simple <b>larbin</b>.,Простой <b>лакей</b>.,👤,m
"bénit, bénite",освящённый,De l'eau <b>bénite</b>.,<b>Святая</b> вода.,⛪,adj
héréditaire,наследственный,Une maladie <b>héréditaire</b>.,<b>Наследственная</b> болезнь.,🧬,adj
"illuminé, illuminée",освещённый,Un visage <b>illuminé</b>.,<b>Озарённое</b> лицо.,✨,adj
un ornement,украшение,Un <b>ornement</b> de Noël.,Рождественское <b>украшение</b>.,🎄,m
"écrasant, écrasante",подавляющий,Une majorité <b>écrasante</b>.,<b>Подавляющее</b> большинство.,📊,adj
amocher,портить,<b>Amocher</b> la voiture.,<b>Испортить</b> машину.,🚗,v
chaste,целомудренный,Une vie <b>chaste</b>.,<b>Целомудренная</b> жизнь.,😇,adj
un catéchisme,катехизис,Apprendre le <b>catéchisme</b>.,Учить <b>катехизис</b>.,📖,m
une sensualité,чувственность,Avec <b>sensualité</b>.,С <b>чувственностью</b>.,💋,f
une nymphe,нимфа,Une <b>nymphe</b> des bois.,Лесная <b>нимфа</b>.,🧚,f
un porto,портвейн,Un verre de <b>porto</b>.,Бокал <b>портвейна</b>.,🍷,m
gesticuler,жестикулировать,<b>Gesticuler</b> en parlant.,<b>Жестикулировать</b> при разговоре.,🙌,v
"manqué, manquée",неудавшийся,Un coup <b>manqué</b>.,<b>Неудавшийся</b> удар.,❌,adj
téter,сосать,Le bébé <b>tète</b>.,Малыш <b>сосёт</b>.,👶,v
un séducteur,соблазнитель,Un <b>séducteur</b> invétéré.,Закоренелый <b>соблазнитель</b>.,💘,m
une frustration,разочарование,Une grande <b>frustration</b>.,Большое <b>разочарование</b>.,😤,f
répercuter,отражать,<b>Répercuter</b> le son.,<b>Отражать</b> звук.,🔊,v
acclamer,приветствовать,<b>Acclamer</b> le vainqueur.,<b>Приветствовать</b> победителя.,👏,v
un tournevis,отвёртка,Un <b>tournevis</b> cruciforme.,Крестовая <b>отвёртка</b>.,🔧,m
une girafe,жираф,Le cou de la <b>girafe</b>.,Шея <b>жирафа</b>.,🦒,f
concéder,признавать,<b>Concéder</b> une erreur.,<b>Признать</b> ошибку.,✅,v
une bricole,безделица,Une petite <b>bricole</b>.,Небольшая <b>безделица</b>.,📦,f
une brindille,веточка,Une <b>brindille</b> sèche.,Сухая <b>веточка</b>.,🌿,f
un sommier,матрас,Un <b>sommier</b> à ressorts.,Пружинный <b>матрас</b>.,🛏️,m
un électeur,избиратель,Un <b>électeur</b> inscrit.,Зарегистрированный <b>избиратель</b>.,🗳️,m
une fessée,порка,Recevoir une <b>fessée</b>.,Получить <b>порку</b>.,👋,f
internet,интернет,Surfer sur <b>Internet</b>.,Сидеть в <b>интернете</b>.,💻,m
un nylon,нейлон,Des bas en <b>nylon</b>.,Чулки из <b>нейлона</b>.,🧵,m
tondre,стричь,<b>Tondre</b> le gazon.,<b>Стричь</b> газон.,🌿,v
"taillé, taillée",выточенный,Un diamant <b>taillé</b>.,<b>Огранённый</b> бриллиант.,💎,adj
un tome,том,Le premier <b>tome</b>.,Первый <b>том</b>.,📚,m
"strident, stridente",пронзительный,Un cri <b>strident</b>.,<b>Пронзительный</b> крик.,🔊,adj
un rêveur,мечтатель,Un <b>rêveur</b> incorrigible.,Неисправимый <b>мечтатель</b>.,💭,m
"indécent, indécente",непристойный,Une tenue <b>indécente</b>.,<b>Непристойный</b> наряд.,😳,adj
un phoque,тюлень,Un <b>phoque</b> sur la glace.,<b>Тюлень</b> на льду.,🦭,m
"crucial, cruciale",решающий,Un moment <b>crucial</b>.,<b>Решающий</b> момент.,⚡,adj
"dément, démente",безумный,Un projet <b>dément</b>.,<b>Безумный</b> проект.,🤪,adj
un absolu,абсолют,L'<b>absolu</b> moral.,Моральный <b>абсолют</b>.,⚖️,m
un atome,атом,Un <b>atome</b> d'hydrogène.,<b>Атом</b> водорода.,⚛️,m
une escadre,эскадра,Une <b>escadre</b> navale.,Морская <b>эскадра</b>.,🚢,f
une friche,пустырь,Une <b>friche</b> industrielle.,Промышленный <b>пустырь</b>.,🏚️,f
une orchidée,орхидея,Une belle <b>orchidée</b>.,Красивая <b>орхидея</b>.,🌸,f
"convenu, convenue",условленный,À l'heure <b>convenue</b>.,В <b>условленный</b> час.,⏰,adj
déporter,депортировать,<b>Déporter</b> des prisonniers.,<b>Депортировать</b> заключённых.,😔,v
un carillon,колокольня,Le <b>carillon</b> de l'église.,Церковный <b>колокол</b>.,🔔,m
un journalisme,журналистика,Étudier le <b>journalisme</b>.,Изучать <b>журналистику</b>.,📰,m
un mas,ферма,Un <b>mas</b> provençal.,Провансальская <b>ферма</b>.,🏡,m
une sanction,санкция,Une <b>sanction</b> économique.,Экономическая <b>санкция</b>.,⚖️,f
"vénitien, vénitienne",венецианский,Un masque <b>vénitien</b>.,<b>Венецианская</b> маска.,🎭,adj
une adaptation,адаптация,Une <b>adaptation</b> cinématographique.,Экранная <b>адаптация</b>.,🎬,f
une désolation,отчаяние,Une scène de <b>désolation</b>.,Картина <b>отчаяния</b>.,😔,f
"branché, branchée",модный,Un café <b>branché</b>.,<b>Модное</b> кафе.,☕,adj
un turban,тюрбан,Porter un <b>turban</b>.,Носить <b>тюрбан</b>.,👳,m
une atrocité,зверство,Commettre des <b>atrocités</b>.,Совершать <b>зверства</b>.,😱,f
une bactérie,бактерия,Une <b>bactérie</b> dangereuse.,Опасная <b>бактерия</b>.,🦠,f
une diplomatie,дипломатия,La <b>diplomatie</b> internationale.,Международная <b>дипломатия</b>.,🤝,f
un fouillis,беспорядок,Un <b>fouillis</b> indescriptible.,Неописуемый <b>беспорядок</b>.,🗃️,m
un tapage,шум,Faire du <b>tapage</b>.,Поднимать <b>шум</b>.,📢,m
une citerne,цистерна,Une <b>citerne</b> d'eau.,<b>Цистерна</b> с водой.,🚰,f
"exagéré, exagérée",преувеличенный,Un prix <b>exagéré</b>.,<b>Завышенная</b> цена.,💰,adj
une nomination,назначение,Une <b>nomination</b> officielle.,Официальное <b>назначение</b>.,📋,f
une devanture,витрина,La <b>devanture</b> du magasin.,<b>Витрина</b> магазина.,🏪,f
un roule,качка; ход,Le <b>roule</b> du bateau.,<b>Качка</b> корабля.,🚢,m
cloche,дурацкий (разг.),C'est <b>cloche</b> !,Это <b>глупо</b>!,🤦,adj
un parloir,приёмная,Le <b>parloir</b> de la prison.,Тюремная <b>приёмная</b>.,🏛️,m
une poigne,хватка,Avoir de la <b>poigne</b>.,Иметь <b>хватку</b>.,💪,f
biblique,библейский,Un récit <b>biblique</b>.,<b>Библейский</b> рассказ.,📖,adj
un mutisme,молчание,Garder le <b>mutisme</b>.,Хранить <b>молчание</b>.,🤐,m
un vendu,продажный (субст.),C'est un <b>vendu</b> !,Он <b>продался</b>!,💰,m
perler,выступать каплями,La sueur <b>perle</b>.,Пот <b>выступает</b>.,💧,v
un plant,саженец,Un <b>plant</b> de tomates.,<b>Саженец</b> помидоров.,🍅,m
une noisette,фундук,Une <b>noisette</b> grillée.,Жареный <b>фундук</b>.,🌰,f
superposer,накладывать,<b>Superposer</b> les couches.,<b>Накладывать</b> слои.,📚,v
une autruche,страус,La tête d'<b>autruche</b>.,Голова <b>страуса</b>.,🦅,f
un engrais,удобрение,Un <b>engrais</b> naturel.,Натуральное <b>удобрение</b>.,🌱,m
une solennité,торжественность,Avec <b>solennité</b>.,С <b>торжественностью</b>.,🎭,f
"voilé, voilée",скрытый,Une menace <b>voilée</b>.,<b>Скрытая</b> угроза.,🔮,adj
frite,обжаренный; измотанный,Je suis <b>frite</b>.,Я <b>измотана</b>.,😴,adj
une taxe,налог,Une <b>taxe</b> sur le luxe.,<b>Налог</b> на роскошь.,💰,f
"cocu, cocue",рогоносный,Un mari <b>cocu</b>.,Муж-<b>рогоносец</b>.,🦌,adj
"acquis, acquise",приобретённый,Un droit <b>acquis</b>.,<b>Приобретённое</b> право.,✅,adj
mutiler,калечить,<b>Mutiler</b> un corps.,<b>Изувечить</b> тело.,😱,v
un réchaud,плита,Un <b>réchaud</b> à gaz.,Газовая <b>плитка</b>.,🔥,m
une toiture,крыша,Une <b>toiture</b> en tuiles.,<b>Крыша</b> из черепицы.,🏠,f
élaborer,разрабатывать,<b>Élaborer</b> un plan.,<b>Разработать</b> план.,📋,v
extasier,восхищаться,S'<b>extasier</b> devant un tableau.,<b>Восхищаться</b> картиной.,😍,v
jaffer,жрать (разг.),<b>Jaffer</b> un sandwich.,<b>Жрать</b> бутерброд.,🍔,v
un coteau,холм,Les <b>coteaux</b> de vignes.,Виноградные <b>холмы</b>.,🍇,m
réglementaire,уставной,Une tenue <b>réglementaire</b>.,<b>Уставная</b> форма.,📋,adj
une anesthésie,анестезия,Sous <b>anesthésie</b> générale.,Под общей <b>анестезией</b>.,🏥,f
référer,ссылаться,Se <b>référer</b> à un document.,<b>Ссылаться</b> на документ.,📄,v
un concitoyen,сограждане,Mes chers <b>concitoyens</b>.,Мои дорогие <b>сограждане</b>.,👥,m
une brochure,брошюра,Une <b>brochure</b> touristique.,Туристическая <b>брошюра</b>.,📄,f
un sous-bois,подлесок,Se promener dans le <b>sous-bois</b>.,Гулять по <b>подлеску</b>.,🌲,m
une caractéristique,характеристика,Les <b>caractéristiques</b> techniques.,Технические <b>характеристики</b>.,📊,f
une rivalité,соперничество,Une <b>rivalité</b> ancestrale.,Вековое <b>соперничество</b>.,⚔️,f
une vulgarité,вульгарность,Quelle <b>vulgarité</b> !,Какая <b>вульгарность</b>!,😤,f
recouvrer,восстанавливать,<b>Recouvrer</b> la santé.,<b>Восстановить</b> здоровье.,💪,v
un échelon,ступенька,Gravir les <b>échelons</b>.,Подниматься по <b>ступенькам</b>.,📈,m
un violoncelle,виолончель,Jouer du <b>violoncelle</b>.,Играть на <b>виолончели</b>.,🎻,m
une réclame,реклама,Une <b>réclame</b> lumineuse.,Световая <b>реклама</b>.,📺,f
un rayonnement,излучение,Le <b>rayonnement</b> solaire.,Солнечное <b>излучение</b>.,☀️,m
équilibrer,уравновешивать,<b>Équilibrer</b> le budget.,<b>Сбалансировать</b> бюджет.,⚖️,v
"nain, naine",карликовый,Une plante <b>naine</b>.,<b>Карликовое</b> растение.,🌱,adj
une modification,изменение,Une légère <b>modification</b>.,Небольшое <b>изменение</b>.,📝,f
"rationnel, rationnelle",рациональный,Un choix <b>rationnel</b>.,<b>Рациональный</b> выбор.,🧠,adj
un mobilier,мебель,Le <b>mobilier</b> de bureau.,Офисная <b>мебель</b>.,🪑,m
"voluptueux, voluptueuse",сладострастный,Une danse <b>voluptueuse</b>.,<b>Сладострастный</b> танец.,💃,adj
resplendir,сиять,Le soleil <b>resplendit</b>.,Солнце <b>сияет</b>.,✨,v
gîte,приют,Trouver un <b>gîte</b>.,Найти <b>приют</b>.,🏨,m
une escadrille,эскадрилья,Une <b>escadrille</b> aérienne.,Воздушная <b>эскадрилья</b>.,✈️,f
"ahuri, ahurie",ошеломлённый,Un regard <b>ahuri</b>.,<b>Ошеломлённый</b> взгляд.,😲,adj
un graffiti,граффити,Un <b>graffiti</b> sur le mur.,<b>Граффити</b> на стене.,🎨,m
un rigolo,весельчак,Un sacré <b>rigolo</b>.,Тот ещё <b>весельчак</b>.,😄,m
une auréole,нимб,Une <b>auréole</b> de saint.,<b>Нимб</b> святого.,😇,f
une servitude,порабощение,Une vie de <b>servitude</b>.,Жизнь в <b>рабстве</b>.,⛓️,f
"inspiré, inspirée",вдохновлённый,Un artiste <b>inspiré</b>.,<b>Вдохновлённый</b> художник.,🎨,adj
"servi, servie",обслуженный,Bien <b>servi</b>.,Хорошо <b>обслуженный</b>.,🍽️,adj
un croiseur,крейсер,Un <b>croiseur</b> de guerre.,Военный <b>крейсер</b>.,🚢,m
un flair,чутьё,Avoir du <b>flair</b>.,Иметь <b>чутьё</b>.,👃,m
organique,органический,Un produit <b>organique</b>.,<b>Органический</b> продукт.,🥬,adj
aristocrate,аристократ,Un vrai <b>aristocrate</b>.,Настоящий <b>аристократ</b>.,👑,m
un vilain,злодей,Un <b>vilain</b> personnage.,Злодейский <b>персонаж</b>.,😈,m
une articulation,сустав,Une <b>articulation</b> du genou.,<b>Сустав</b> колена.,🦵,f
malhonnête,нечестный,Un homme <b>malhonnête</b>.,<b>Нечестный</b> человек.,🤥,adj
un documentaire,документальный фильм,Un <b>documentaire</b> animalier.,<b>Документальный фильм</b> о животных.,🎬,m
une emprise,власть,Sous l'<b>emprise</b> de l'alcool.,Под <b>влиянием</b> алкоголя.,🍺,f
une mésange,синица,Une <b>mésange</b> bleue.,Голубая <b>синица</b>.,🐦,f
capituler,капитулировать,<b>Capituler</b> devant l'ennemi.,<b>Капитулировать</b> перед врагом.,🏳️,v
patriotique,патриотический,Un hymne <b>patriotique</b>.,<b>Патриотический</b> гимн.,🇫🇷,adj
une bottine,ботинок,Des <b>bottines</b> en cuir.,Кожаные <b>ботинки</b>.,👢,f
une habitation,жилище,Une <b>habitation</b> modeste.,Скромное <b>жилище</b>.,🏠,f
hérétique,еретический,Une idée <b>hérétique</b>.,<b>Еретическая</b> идея.,⚠️,adj
mortuaire,погребальный,Une chambre <b>mortuaire</b>.,<b>Погребальная</b> комната.,⚰️,adj
ternir,тускнеть,L'argent <b>ternit</b>.,Серебро <b>тускнеет</b>.,🪙,v
une persécution,преследование,Une <b>persécution</b> religieuse.,Религиозное <b>преследование</b>.,😔,f
une normale,норма; нормаль,Revenir à la <b>normale</b>.,Вернуться к <b>норме</b>.,📊,f
un préservatif,презерватив,Utiliser un <b>préservatif</b>.,Использовать <b>презерватив</b>.,🛡️,m
agile,ловкий,Un chat <b>agile</b>.,<b>Ловкий</b> кот.,🐱,adj
graisser,смазывать,<b>Graisser</b> les engrenages.,<b>Смазать</b> шестерёнки.,🔧,v
un handicap,инвалидность,Un <b>handicap</b> moteur.,Двигательная <b>инвалидность</b>.,♿,m
une pneumonie,пневмония,Une <b>pneumonie</b> aiguë.,Острая <b>пневмония</b>.,🏥,f
carrer,устраиваться,Se <b>carrer</b> dans un fauteuil.,<b>Устроиться</b> в кресле.,🛋️,v
un concombre,огурец,Une salade de <b>concombres</b>.,Салат из <b>огурцов</b>.,🥒,m
une corniche,карниз,La <b>corniche</b> du toit.,<b>Карниз</b> крыши.,🏠,f
détestable,отвратительный,Un temps <b>détestable</b>.,<b>Отвратительная</b> погода.,🌧️,adj
un colon,колонист,Un <b>colon</b> américain.,Американский <b>колонист</b>.,🏠,m
une paralysie,паралич,Une <b>paralysie</b> totale.,Полный <b>паралич</b>.,🏥,f
une traîne,шлейф,La <b>traîne</b> de la robe.,<b>Шлейф</b> платья.,👗,f
empester,вонять,<b>Empester</b> le tabac.,<b>Вонять</b> табаком.,🚬,v
un brevet,патент,Déposer un <b>brevet</b>.,Зарегистрировать <b>патент</b>.,📝,m
ancrer,закреплять,<b>Ancrer</b> ses convictions.,<b>Укрепить</b> свои убеждения.,⚓,v
"déplacé, déplacée",неуместный,Une remarque <b>déplacée</b>.,<b>Неуместное</b> замечание.,😬,adj
un épi,колос,Un <b>épi</b> de blé.,<b>Колос</b> пшеницы.,🌾,m
"clément, clémente",милосердный,Un juge <b>clément</b>.,<b>Милосердный</b> судья.,⚖️,adj
"conservateur, conservatrice",консервативный,Un parti <b>conservateur</b>.,<b>Консервативная</b> партия.,🏛️,adj
un résistant,участник сопротивления,Un <b>résistant</b> de la guerre.,<b>Участник сопротивления</b>.,✊,m
un glissement,скольжение,Un <b>glissement</b> de terrain.,<b>Оползень</b>.,🏔️,m
un daim,олень,Un <b>daim</b> dans la forêt.,<b>Олень</b> в лесу.,🦌,m
un mangeur,едок,Un gros <b>mangeur</b>.,Большой <b>едок</b>.,🍽️,m
un sarcasme,сарказм,Avec <b>sarcasme</b>.,С <b>сарказмом</b>.,😏,m
"encombrant, encombrante",громоздкий,Un meuble <b>encombrant</b>.,<b>Громоздкая</b> мебель.,📦,adj
un débit,расход,Un <b>débit</b> d'eau.,<b>Расход</b> воды.,💧,m
un poney,пони,Monter un <b>poney</b>.,Кататься на <b>пони</b>.,🐴,m
un carrosse,карета,Le <b>carrosse</b> de Cendrillon.,<b>Карета</b> Золушки.,🎠,m
une lave,лава,La <b>lave</b> du volcan.,<b>Лава</b> вулкана.,🌋,f
amputer,ампутировать,<b>Amputer</b> une jambe.,<b>Ампутировать</b> ногу.,🏥,v
outrager,оскорблять,<b>Outrager</b> quelqu'un.,<b>Оскорбить</b> кого-то.,😤,v
"prolongé, prolongée",продлённый,Un séjour <b>prolongé</b>.,<b>Продлённое</b> пребывание.,📅,adj
un scooter,скутер,Rouler en <b>scooter</b>.,Ездить на <b>скутере</b>.,🛵,m
une convenance,приличие,Respecter les <b>convenances</b>.,Соблюдать <b>приличия</b>.,👔,f
une justification,оправдание,Sans <b>justification</b>.,Без <b>оправдания</b>.,🤷,f
un maton,надзиратель (разг.),Le <b>maton</b> de prison.,Тюремный <b>надзиратель</b>.,👮,m
un augure,предзнаменование,Un bon <b>augure</b>.,Хорошее <b>предзнаменование</b>.,🔮,m
un vizir,визирь,Le <b>vizir</b> conseille le sultan.,<b>Визирь</b> советует султану.,👳,m
un avancement,продвижение,Un <b>avancement</b> de carrière.,Карьерное <b>продвижение</b>.,📈,m
infantile,детский,Un comportement <b>infantile</b>.,<b>Детское</b> поведение.,👶,adj
un consulat,консульство,Le <b>consulat</b> français.,Французское <b>консульство</b>.,🏛️,m
un vétéran,ветеран,Un <b>vétéran</b> de guerre.,<b>Ветеран</b> войны.,🎖️,m
un muet,немой,Un film <b>muet</b>.,<b>Немое</b> кино.,🎬,m
"vibrant, vibrante",вибрирующий,Un discours <b>vibrant</b>.,<b>Пламенная</b> речь.,🔊,adj
égrener,перебирать,<b>Égrener</b> un chapelet.,<b>Перебирать</b> чётки.,📿,v
un mousquetaire,мушкетёр,Les trois <b>mousquetaires</b>.,Три <b>мушкетёра</b>.,⚔️,m
une immigration,иммиграция,L'<b>immigration</b> légale.,Легальная <b>иммиграция</b>.,🛂,f
"accueillant, accueillante",гостеприимный,Une maison <b>accueillante</b>.,<b>Гостеприимный</b> дом.,🏠,adj
une mauviette,слабак,Une vraie <b>mauviette</b>.,Настоящий <b>слабак</b>.,😤,f
piètre,жалкий,Un <b>piètre</b> résultat.,<b>Жалкий</b> результат.,😔,adj
un porter,портер (пиво),Un <b>porter</b> anglais.,Английский <b>портер</b>.,🍺,m
"corporel, corporelle",телесный,Une punition <b>corporelle</b>.,<b>Телесное</b> наказание.,👤,adj
"saugrenu, saugrenue",нелепый,Une idée <b>saugrenue</b>.,<b>Нелепая</b> идея.,🤪,adj
un home,дом; приют,Un <b>home</b> pour personnes âgées.,<b>Дом</b> престарелых.,🏠,m
un léopard,леопард,Un <b>léopard</b> tacheté.,Пятнистый <b>леопард</b>.,🐆,m
démanger,зудеть,Ça me <b>démange</b>.,У меня <b>чешется</b>.,🤚,v
un entracte,антракт,Pendant l'<b>entracte</b>.,Во время <b>антракта</b>.,🎭,m
rustique,деревенский,Un style <b>rustique</b>.,<b>Деревенский</b> стиль.,🏡,adj
un archer,лучник,Un <b>archer</b> médiéval.,Средневековый <b>лучник</b>.,🏹,m
carpe,карп,Une <b>carpe</b> de rivière.,Речной <b>карп</b>.,🐟,m
un cuistot,повар (разг.),Le <b>cuistot</b> du restaurant.,<b>Повар</b> ресторана.,👨‍🍳,m
un ingrédient,ингредиент,Un <b>ingrédient</b> secret.,Секретный <b>ингредиент</b>.,🧪,m
un trip,трип; поездка,Un <b>trip</b> en moto.,<b>Поездка</b> на мотоцикле.,🏍️,m
une archère,лучница,L'<b>archère</b> vise la cible.,<b>Лучница</b> целится в мишень.,🏹,f
une diligence,дилижанс,Une <b>diligence</b> du Far West.,<b>Дилижанс</b> Дикого Запада.,🐴,f
une grisaille,серость,La <b>grisaille</b> de novembre.,Ноябрьская <b>серость</b>.,🌫️,f
adonner,предаваться,S'<b>adonner</b> à la lecture.,<b>Предаваться</b> чтению.,📖,v
attabler,усаживаться за стол,S'<b>attabler</b> pour dîner.,<b>Сесть за стол</b> обедать.,🍽️,v
un piaf,воробей,Un petit <b>piaf</b>.,Маленький <b>воробей</b>.,🐦,m
un réfrigérateur,холодильник,Mettre au <b>réfrigérateur</b>.,Положить в <b>холодильник</b>.,🧊,m
une foulée,шаг,Allonger la <b>foulée</b>.,Удлинить <b>шаг</b>.,🏃,f
avant-guerre,довоенный,L'époque <b>avant-guerre</b>.,<b>Довоенное</b> время.,📅,m
"noué, nouée",завязанный,Un ruban <b>noué</b>.,<b>Завязанная</b> лента.,🎀,adj
perpétuer,увековечивать,<b>Perpétuer</b> une tradition.,<b>Увековечить</b> традицию.,📜,v
"pendu, pendue",повешенный,Un homme <b>pendu</b>.,<b>Повешенный</b> человек.,😔,adj
"soumis, soumise",покорный,Un peuple <b>soumis</b>.,<b>Покорный</b> народ.,🙇,adj
un délinquant,правонарушитель,Un jeune <b>délinquant</b>.,Юный <b>правонарушитель</b>.,👤,m
"éperdu, éperdue",безумный,Un amour <b>éperdu</b>.,<b>Безумная</b> любовь.,❤️,adj
blasphémer,богохульствовать,<b>Blasphémer</b> contre Dieu.,<b>Богохульствовать</b>.,😱,v
siroter,потягивать,<b>Siroter</b> un cocktail.,<b>Потягивать</b> коктейль.,🍹,v
une rancœur,обида,Garder une <b>rancœur</b>.,Таить <b>обиду</b>.,😤,f
énergique,энергичный,Une femme <b>énergique</b>.,<b>Энергичная</b> женщина.,💪,adj
ébrouer,отряхиваться,Le chien s'<b>ébroue</b>.,Собака <b>отряхивается</b>.,🐕,v
perceptible,ощутимый,Une différence <b>perceptible</b>.,<b>Ощутимая</b> разница.,👂,adj
"terrien, terrienne",земной,Une créature <b>terrienne</b>.,<b>Земное</b> существо.,🌍,adj
trimballer,таскать с собой,<b>Trimballer</b> ses affaires.,<b>Таскать</b> вещи с собой.,🎒,v
une incapacité,неспособность,Une <b>incapacité</b> de travail.,<b>Неспособность</b> к работе.,📋,f
dépanner,чинить,<b>Dépanner</b> une voiture.,<b>Починить</b> машину.,🔧,v
cycliste,велосипедист,Un <b>cycliste</b> professionnel.,Профессиональный <b>велосипедист</b>.,🚴,m
une matraque,дубинка,Une <b>matraque</b> de police.,Полицейская <b>дубинка</b>.,🪵,f
une tornade,торнадо,Une <b>tornade</b> dévastatrice.,Разрушительное <b>торнадо</b>.,🌪️,f
une vitalité,жизненная сила,Une grande <b>vitalité</b>.,Большая <b>жизненная сила</b>.,⚡,f
opter,выбирать,<b>Opter</b> pour la solution.,<b>Выбрать</b> решение.,✅,v
une allergie,аллергия,Une <b>allergie</b> au pollen.,<b>Аллергия</b> на пыльцу.,🤧,f
un capitalisme,капитализм,Le <b>capitalisme</b> mondial.,Мировой <b>капитализм</b>.,💰,m
un élevage,животноводство,Un <b>élevage</b> de moutons.,<b>Овцеводство</b>.,🐑,m
aride,засушливый,Un climat <b>aride</b>.,<b>Засушливый</b> климат.,🏜️,adj
chronique,хронический,Une maladie <b>chronique</b>.,<b>Хроническая</b> болезнь.,🏥,adj
tricolore,трёхцветный,Le drapeau <b>tricolore</b>.,<b>Трёхцветный</b> флаг.,🇫🇷,adj
une anomalie,аномалия,Une <b>anomalie</b> génétique.,Генетическая <b>аномалия</b>.,🧬,f
une caille,перепёлка,Des œufs de <b>caille</b>.,<b>Перепелиные</b> яйца.,🥚,f
une perception,восприятие,La <b>perception</b> du temps.,<b>Восприятие</b> времени.,⏰,f
maniaque,маньяк,Un <b>maniaque</b> du ménage.,<b>Помешанный</b> на уборке.,🧹,adj
incomber,лежать на ком-то,La responsabilité lui <b>incombe</b>.,Ответственность <b>лежит на нём</b>.,📋,v
un surlendemain,послезавтра,Le <b>surlendemain</b> de la fête.,<b>Послезавтра</b> после праздника.,📅,m
aérer,проветривать,<b>Aérer</b> la chambre.,<b>Проветрить</b> комнату.,💨,v
"soupçonneux, soupçonneuse",подозрительный,Un regard <b>soupçonneux</b>.,<b>Подозрительный</b> взгляд.,🤨,adj
taciturne,молчаливый,Un homme <b>taciturne</b>.,<b>Молчаливый</b> человек.,🤐,adj
un repaire,логово,Le <b>repaire</b> des brigands.,<b>Логово</b> разбойников.,🏚️,m
une collision,столкновение,Une <b>collision</b> frontale.,Лобовое <b>столкновение</b>.,💥,f
une hélice,винт,L'<b>hélice</b> de l'avion.,<b>Винт</b> самолёта.,✈️,f
une plonge,мытьё посуды,Faire la <b>plonge</b>.,<b>Мыть посуду</b>.,🍽️,f
un couchant,закат,Au soleil <b>couchant</b>.,На <b>закате</b>.,🌅,m
un pupitre,пюпитр,Un <b>pupitre</b> à musique.,Музыкальный <b>пюпитр</b>.,🎵,m
un saloon,салун,Un <b>saloon</b> du Far West.,<b>Салун</b> Дикого Запада.,🤠,m
réessayer,пробовать снова,<b>Réessayer</b> plus tard.,<b>Попробовать снова</b> позже.,🔄,v
un lancer,бросок,Un <b>lancer</b> de dés.,<b>Бросок</b> кубиков.,🎲,m
un procès-verbal,протокол,Dresser un <b>procès-verbal</b>.,Составить <b>протокол</b>.,📝,m
une civière,носилки,Porter sur une <b>civière</b>.,Нести на <b>носилках</b>.,🏥,f
une équation,уравнение,Résoudre une <b>équation</b>.,Решить <b>уравнение</b>.,📐,f
confiner,ограничивать,<b>Confiner</b> la population.,<b>Ограничить</b> население.,🏠,v
un pharaon,фараон,Le <b>pharaon</b> d'Égypte.,Египетский <b>фараон</b>.,🇪🇬,m
un soufre,сера,Une odeur de <b>soufre</b>.,Запах <b>серы</b>.,🌋,m
un traîneau,сани,Un <b>traîneau</b> à chiens.,<b>Собачьи сани</b>.,🛷,m
équitable,справедливый,Un partage <b>équitable</b>.,<b>Справедливый</b> раздел.,⚖️,adj
un verset,стих,Un <b>verset</b> de la Bible.,<b>Стих</b> из Библии.,📖,m
"composé, composée",составной,Un mot <b>composé</b>.,<b>Составное</b> слово.,📝,adj
"résigné, résignée",смирившийся,Un air <b>résigné</b>.,<b>Смирённый</b> вид.,😔,adj
une pastille,таблетка,Une <b>pastille</b> pour la gorge.,<b>Таблетка</b> для горла.,💊,f
un antidote,противоядие,Un <b>antidote</b> efficace.,Эффективное <b>противоядие</b>.,🧪,m
un zanzi,зензи (игра в кости),Jouer au <b>zanzi</b>.,Играть в <b>зензи</b>.,🎲,m
"répété, répétée",повторный,Des erreurs <b>répétées</b>.,<b>Повторные</b> ошибки.,🔄,adj
ériger,воздвигать,<b>Ériger</b> un monument.,<b>Воздвигнуть</b> памятник.,🗽,v
informatique,компьютерный,Un système <b>informatique</b>.,<b>Компьютерная</b> система.,💻,adj
déguerpir,убираться,<b>Déguerpir</b> vite.,Быстро <b>убираться</b>.,🏃,v
solidaire,солидарный,Être <b>solidaire</b>.,Быть <b>солидарным</b>.,🤝,adj
"contrarié, contrariée",раздосадованный,Un air <b>contrarié</b>.,<b>Раздосадованный</b> вид.,😤,adj
ficeler,связывать,<b>Ficeler</b> un paquet.,<b>Перевязать</b> посылку.,📦,v
"moelleux, moelleuse",мягкий,Un gâteau <b>moelleux</b>.,<b>Мягкий</b> торт.,🍰,adj
tonner,греметь,Le canon <b>tonne</b>.,Пушка <b>гремит</b>.,💥,v
une spirale,спираль,Une <b>spirale</b> infinie.,Бесконечная <b>спираль</b>.,🌀,f
enserrer,сжимать,<b>Enserrer</b> dans ses bras.,<b>Сжать</b> в объятиях.,🤗,v
une inertie,инерция,Par <b>inertie</b>.,По <b>инерции</b>.,⚙️,f
ébaucher,набрасывать,<b>Ébaucher</b> un projet.,<b>Набросать</b> проект.,✏️,v
un affrontement,противостояние,Un <b>affrontement</b> violent.,Жестокое <b>противостояние</b>.,⚔️,m
une loupe,лупа,Examiner à la <b>loupe</b>.,Рассматривать через <b>лупу</b>.,🔍,f
"varié, variée",разнообразный,Un menu <b>varié</b>.,<b>Разнообразное</b> меню.,🍽️,adj
gothique,готический,Une cathédrale <b>gothique</b>.,<b>Готический</b> собор.,🏰,adj
une bouse,навоз,Une <b>bouse</b> de vache.,Коровий <b>навоз</b>.,🐄,f
une fiole,пузырёк,Une <b>fiole</b> de poison.,<b>Пузырёк</b> с ядом.,🧪,f
valser,вальсировать,<b>Valser</b> toute la nuit.,<b>Вальсировать</b> всю ночь.,💃,v
émigrer,эмигрировать,<b>Émigrer</b> en Amérique.,<b>Эмигрировать</b> в Америку.,✈️,v
clignoter,мигать,Les lumières <b>clignotent</b>.,Огни <b>мигают</b>.,💡,v
"fiscal, fiscale",налоговый,Un avantage <b>fiscal</b>.,<b>Налоговое</b> преимущество.,💰,adj
irréprochable,безупречный,Une conduite <b>irréprochable</b>.,<b>Безупречное</b> поведение.,✅,adj
une ballade,баллада,Une <b>ballade</b> romantique.,Романтическая <b>баллада</b>.,🎵,f
une ouïe,слух,Avoir l'<b>ouïe</b> fine.,Иметь тонкий <b>слух</b>.,👂,f
un bienfait,благо,Les <b>bienfaits</b> du sport.,<b>Благотворное</b> влияние спорта.,🏃,m
un pope,поп,Le <b>pope</b> orthodoxe.,Православный <b>поп</b>.,⛪,m
une débâcle,крах,Une <b>débâcle</b> financière.,Финансовый <b>крах</b>.,📉,f
comploter,замышлять,<b>Comploter</b> contre le roi.,<b>Замышлять</b> против короля.,🤫,v
ployer,сгибаться,<b>Ployer</b> sous le poids.,<b>Сгибаться</b> под тяжестью.,💪,v
un donjon,башня,Le <b>donjon</b> du château.,<b>Башня</b> замка.,🏰,m
un haut-commissaire,верховный комиссар,Le <b>haut-commissaire</b> de l'ONU.,<b>Верховный комиссар</b> ООН.,🏛️,m
un w,буква W,Le mot commence par un <b>w</b>.,Слово начинается на <b>w</b>.,🔤,m
une convulsion,судорога,Des <b>convulsions</b> musculaires.,Мышечные <b>судороги</b>.,💪,f
propulser,толкать вперёд,<b>Propulser</b> une fusée.,<b>Запустить</b> ракету.,🚀,v
illisible,нечитаемый,Une écriture <b>illisible</b>.,<b>Нечитаемый</b> почерк.,📝,adj
un avoir,имущество,Tout son <b>avoir</b>.,Всё его <b>имущество</b>.,💰,m
un martini,мартини,Un <b>martini</b> dry.,Сухой <b>мартини</b>.,🍸,m
un éclaireur,разведчик,Un <b>éclaireur</b> de l'armée.,Армейский <b>разведчик</b>.,🔍,m
hasarder,рисковать,<b>Hasarder</b> une réponse.,<b>Рискнуть</b> ответить.,🎲,v
"humilié, humiliée",униженный,Se sentir <b>humilié</b>.,Чувствовать себя <b>униженным</b>.,😔,adj
télégraphier,телеграфировать,<b>Télégraphier</b> un message.,<b>Телеграфировать</b> сообщение.,📧,v
un godet,стаканчик,Un <b>godet</b> de peinture.,<b>Стаканчик</b> с краской.,🎨,m
diluer,разбавлять,<b>Diluer</b> avec de l'eau.,<b>Разбавить</b> водой.,💧,v
un buveur,пьющий,Un gros <b>buveur</b>.,Заядлый <b>пьющий</b>.,🍺,m
un pissou,трус (квебек.),C'est un <b>pissou</b>.,Он <b>трус</b>.,🐔,m
une densité,плотность,La <b>densité</b> de population.,<b>Плотность</b> населения.,👥,f
une randonnée,поход,Une <b>randonnée</b> en montagne.,Горный <b>поход</b>.,🏔️,f
un bouleversement,потрясение,Un <b>bouleversement</b> politique.,Политическое <b>потрясение</b>.,💥,m
un piton,скала,Un <b>piton</b> rocheux.,Скалистый <b>утёс</b>.,🏔️,m
"astucieux, astucieuse",хитроумный,Une solution <b>astucieuse</b>.,<b>Хитроумное</b> решение.,💡,adj
un ave,аве (молитва),Réciter un <b>Ave</b>.,Читать <b>Аве</b>.,🙏,m
un rabbi,раввин,Le <b>rabbi</b> enseigne la Torah.,<b>Раввин</b> учит Торе.,✡️,m
une symphonie,симфония,Une <b>symphonie</b> de Beethoven.,<b>Симфония</b> Бетховена.,🎵,f
une transaction,сделка,Une <b>transaction</b> bancaire.,Банковская <b>сделка</b>.,💳,f
berner,обманывать,Se laisser <b>berner</b>.,Дать себя <b>обмануть</b>.,🎭,v
"brouillé, brouillée",поссорившийся,Être <b>brouillé</b> avec quelqu'un.,Быть <b>в ссоре</b> с кем-то.,😤,adj
"incongru, incongrue",неуместный,Une remarque <b>incongrue</b>.,<b>Неуместное</b> замечание.,🤔,adj
"protestant, protestante",протестантский,Une église <b>protestante</b>.,<b>Протестантская</b> церковь.,⛪,adj
"sculpté, sculptée",резной,Un meuble <b>sculpté</b>.,<b>Резная</b> мебель.,🪑,adj
un créneau,бойница,Les <b>créneaux</b> du château.,<b>Бойницы</b> замка.,🏰,m
une baffe,пощёчина,Recevoir une <b>baffe</b>.,Получить <b>пощёчину</b>.,👋,f
une coquetterie,кокетство,Avec <b>coquetterie</b>.,С <b>кокетством</b>.,💅,f
une litanie,литания,Une <b>litanie</b> de plaintes.,<b>Вереница</b> жалоб.,📜,f
"dérangé, dérangée",сумасшедший,Un type <b>dérangé</b>.,<b>Чокнутый</b> тип.,🤪,adj
un restau,ресторан (разг.),Aller au <b>restau</b>.,Пойти в <b>ресторан</b>.,🍽️,m
un cinoche,кино (разг.),Aller au <b>cinoche</b>.,Пойти в <b>кино</b>.,🎬,m
un back,бэк; защитник,Le <b>back</b> défend.,<b>Защитник</b> обороняется.,⚽,m
une synagogue,синагога,La <b>synagogue</b> de la ville.,Городская <b>синагога</b>.,🕍,f
un affreux,урод; уродец,C'est un <b>affreux</b>.,Он <b>урод</b>.,👹,m
un planning,расписание,Le <b>planning</b> de la semaine.,<b>Расписание</b> на неделю.,📅,m
un sortilège,заклинание,Jeter un <b>sortilège</b>.,Наложить <b>заклинание</b>.,🔮,m
une lanière,ремешок,Une <b>lanière</b> de cuir.,Кожаный <b>ремешок</b>.,👜,f
une péripétie,перипетия,Les <b>péripéties</b> du voyage.,<b>Перипетии</b> путешествия.,🎢,f
un laissez-passer,пропуск,Obtenir un <b>laissez-passer</b>.,Получить <b>пропуск</b>.,🎫,m
un raton,енот; арабчонок (груб.),Le <b>raton</b> laveur.,<b>Енот</b>-полоскун.,🦝,m
une glande,железа,Une <b>glande</b> thyroïde.,Щитовидная <b>железа</b>.,🏥,f
une raideur,жёсткость,Une <b>raideur</b> musculaire.,Мышечная <b>жёсткость</b>.,💪,f
assourdir,оглушать,Le bruit m'<b>assourdit</b>.,Шум меня <b>оглушает</b>.,🔊,v
"global, globale",глобальный,Une vision <b>globale</b>.,<b>Глобальное</b> видение.,🌍,adj
un capuchon,капюшон,Mettre son <b>capuchon</b>.,Надеть <b>капюшон</b>.,🧥,m
un scorpion,скорпион,La piqûre du <b>scorpion</b>.,Укус <b>скорпиона</b>.,🦂,m
une prémonition,предчувствие,Avoir une <b>prémonition</b>.,Иметь <b>предчувствие</b>.,🔮,f
une rogne,злость,Être en <b>rogne</b>.,Быть <b>в ярости</b>.,😠,f
un porte-bonheur,талисман,Un <b>porte-bonheur</b> porte-clés.,<b>Талисман</b> на брелке.,🍀,m
"opérationnel, opérationnelle",работоспособный,Un système <b>opérationnel</b>.,<b>Работоспособная</b> система.,⚙️,adj
un intéressé,заинтересованный (субст.),L'<b>intéressé</b> peut faire appel.,<b>Заинтересованный</b> может подать апелляцию.,🧑‍💼,m
"déguisé, déguisée",переодетый,Un voleur <b>déguisé</b>.,<b>Переодетый</b> вор.,🎭,adj
plausible,правдоподобный,Une explication <b>plausible</b>.,<b>Правдоподобное</b> объяснение.,🤔,adj
un détonateur,детонатор,Amorcer le <b>détonateur</b>.,Подготовить <b>детонатор</b>.,💣,m
exiler,изгонять,<b>Exiler</b> un opposant.,<b>Изгнать</b> оппозиционера.,😔,v
fertile,плодородный,Une terre <b>fertile</b>.,<b>Плодородная</b> земля.,🌾,adj
méga,мега,C'est <b>méga</b> cool !,Это <b>мега</b> круто!,🔥,adj
un apaisement,успокоение,Un <b>apaisement</b> des tensions.,<b>Ослабление</b> напряжённости.,☮️,m
une idéologie,идеология,Une <b>idéologie</b> politique.,Политическая <b>идеология</b>.,📖,f
une chaire,кафедра,La <b>chaire</b> du professeur.,Профессорская <b>кафедра</b>.,🎓,f
un doctorat,докторантура,Soutenir un <b>doctorat</b>.,Защитить <b>докторскую</b>.,📜,m
orthodoxe,православный,L'église <b>orthodoxe</b>.,<b>Православная</b> церковь.,⛪,adj
une perquisition,обыск,Une <b>perquisition</b> policière.,Полицейский <b>обыск</b>.,🔍,f
"torturé, torturée",измученный,Un visage <b>torturé</b>.,<b>Измученное</b> лицо.,😫,adj
un meneur,лидер,Le <b>meneur</b> de la révolte.,<b>Лидер</b> восстания.,✊,m
une je,буква J,La lettre <b>j</b>.,Буква <b>ж</b>.,🔤,f
une héro,героин (наркотик),L'<b>héro</b> est dangereuse.,<b>Героин</b> опасен.,🚫,f
une éthique,этика,L'<b>éthique</b> professionnelle.,Профессиональная <b>этика</b>.,⚖️,f
une météorite,метеорит,Une <b>météorite</b> géante.,Гигантский <b>метеорит</b>.,☄️,f
une pulsion,влечение,Une <b>pulsion</b> incontrôlable.,Неконтролируемое <b>влечение</b>.,💓,f
abreuver,поить,<b>Abreuver</b> les chevaux.,<b>Поить</b> лошадей.,🐴,v
"criard, criarde",кричащий,Des couleurs <b>criardes</b>.,<b>Кричащие</b> цвета.,🎨,adj
"merdeux, merdeuse",засранный (груб.),Un gamin <b>merdeux</b>.,<b>Сопливый</b> пацан.,🤬,adj
un devenir,будущее,Quel sera son <b>devenir</b> ?,Каким будет его <b>будущее</b>?,🔮,m
une escroquerie,мошенничество,Une <b>escroquerie</b> massive.,Массовое <b>мошенничество</b>.,💰,f
une immatriculation,регистрация,Une plaque d'<b>immatriculation</b>.,Регистрационный <b>номер</b>.,🚗,f
voleter,порхать,Les papillons <b>volètent</b>.,Бабочки <b>порхают</b>.,🦋,v
"déterminé, déterminée",решительный,Un homme <b>déterminé</b>.,<b>Решительный</b> человек.,💪,adj
hirsute,косматый,Une barbe <b>hirsute</b>.,<b>Косматая</b> борода.,🧔,adj
un pingouin,пингвин,Un <b>pingouin</b> sur la glace.,<b>Пингвин</b> на льду.,🐧,m
"imprécis, imprécise",неточный,Une réponse <b>imprécise</b>.,<b>Неточный</b> ответ.,🤷,adj
tramer,замышлять,<b>Tramer</b> un complot.,<b>Замышлять</b> заговор.,🤫,v
une allocation,пособие,Une <b>allocation</b> chômage.,Пособие по <b>безработице</b>.,💰,f
une réservation,бронирование,Faire une <b>réservation</b>.,Сделать <b>бронирование</b>.,📅,f
paître,пастись,Les moutons <b>paissent</b>.,Овцы <b>пасутся</b>.,🐑,v
suspense,напряжённый,Un film à <b>suspense</b>.,<b>Напряжённый</b> фильм.,🎬,m
un tramway,трамвай,Prendre le <b>tramway</b>.,Сесть на <b>трамвай</b>.,🚊,m
insaisissable,неуловимый,Un ennemi <b>insaisissable</b>.,<b>Неуловимый</b> враг.,👻,adj
catastrophique,катастрофический,Une situation <b>catastrophique</b>.,<b>Катастрофическая</b> ситуация.,💥,adj
"enflammé, enflammée",воспалённый,Un discours <b>enflammé</b>.,<b>Пламенная</b> речь.,🔥,adj
nicher,гнездиться,Les oiseaux <b>nichent</b>.,Птицы <b>гнездятся</b>.,🐦,v
un aluminium,алюминий,Un pot en <b>aluminium</b>.,Кастрюля из <b>алюминия</b>.,🍳,m
un asthme,астма,Souffrir d'<b>asthme</b>.,Страдать от <b>астмы</b>.,🫁,m
un attelage,упряжка,Un <b>attelage</b> de chevaux.,Лошадиная <b>упряжка</b>.,🐴,m
un orateur,оратор,Un brillant <b>orateur</b>.,Блестящий <b>оратор</b>.,🗣️,m
un parasol,зонт от солнца,Sous le <b>parasol</b>.,Под <b>пляжным зонтом</b>.,⛱️,m
une citadelle,цитадель,La <b>citadelle</b> fortifiée.,Укреплённая <b>цитадель</b>.,🏰,f
une console,консоль,Une <b>console</b> de jeux.,Игровая <b>консоль</b>.,🎮,f
"embêtant, embêtante",досадный,Une situation <b>embêtante</b>.,<b>Досадная</b> ситуация.,😤,adj
une tanière,берлога,La <b>tanière</b> de l'ours.,<b>Берлога</b> медведя.,🐻,f
parsemer,усыпать,<b>Parsemer</b> de fleurs.,<b>Усыпать</b> цветами.,🌸,v
un agacement,раздражение,Avec <b>agacement</b>.,С <b>раздражением</b>.,😤,m
"nègre, négresse",негритянский (устар.),L'art <b>nègre</b>.,<b>Негритянское</b> искусство.,🚫,adj
un inconscient,бессознательное,L'<b>inconscient</b> collectif.,Коллективное <b>бессознательное</b>.,🧠,m
un tympan,барабанная перепонка,Le <b>tympan</b> de l'oreille.,<b>Барабанная перепонка</b>.,👂,m
sélectionner,отбирать,<b>Sélectionner</b> les candidats.,<b>Отбирать</b> кандидатов.,✅,v
miauler,мяукать,Le chat <b>miaule</b>.,Кот <b>мяукает</b>.,🐱,v
"concentré, concentrée",сосредоточенный,Rester <b>concentré</b>.,Оставаться <b>сосредоточенным</b>.,🎯,adj
un israélien,израильтянин,Il est <b>israélien</b>.,Он <b>израильтянин</b>.,🇮🇱,m
dévêtir,раздевать,Se <b>dévêtir</b> rapidement.,Быстро <b>раздеться</b>.,👔,v
"changeant, changeante",переменчивый,Un temps <b>changeant</b>.,<b>Переменчивая</b> погода.,🌦️,adj
dévaster,опустошать,<b>Dévaster</b> une ville.,<b>Опустошить</b> город.,💥,v
un renoncement,отречение,Un <b>renoncement</b> total.,Полное <b>отречение</b>.,🙏,m
"haineux, haineuse",ненавистный,Un regard <b>haineux</b>.,<b>Ненавидящий</b> взгляд.,😠,adj
un hameçon,крючок,Mordre à l'<b>hameçon</b>.,Клюнуть на <b>крючок</b>.,🎣,m
une mie,мякиш,La <b>mie</b> du pain.,<b>Мякиш</b> хлеба.,🍞,f
dérouiller,разминать,Se <b>dérouiller</b> les jambes.,<b>Размять</b> ноги.,🦵,v
une agriculture,сельское хозяйство,L'<b>agriculture</b> biologique.,Органическое <b>сельское хозяйство</b>.,🌾,f
désactiver,деактивировать,<b>Désactiver</b> la bombe.,<b>Деактивировать</b> бомбу.,💣,v
assiéger,осаждать,<b>Assiéger</b> une forteresse.,<b>Осаждать</b> крепость.,🏰,v
psychique,психический,Une maladie <b>psychique</b>.,<b>Психическое</b> заболевание.,🧠,adj
pus,больше не (квебек.),J'en veux <b>pus</b>.,Я <b>больше</b> не хочу.,🚫,adj
"subversif, subversive",подрывной,Des idées <b>subversives</b>.,<b>Подрывные</b> идеи.,⚠️,adj
un signalement,описание,Le <b>signalement</b> du suspect.,<b>Описание</b> подозреваемого.,🔍,m
une verticale,вертикаль,À la <b>verticale</b>.,По <b>вертикали</b>.,📏,f
scander,скандировать,<b>Scander</b> des slogans.,<b>Скандировать</b> лозунги.,📢,v
un bombardier,бомбардировщик,Un <b>bombardier</b> stratégique.,Стратегический <b>бомбардировщик</b>.,✈️,m
une lésion,повреждение,Une <b>lésion</b> cérébrale.,<b>Повреждение</b> мозга.,🧠,f
"miteux, miteuse",жалкий,Un hôtel <b>miteux</b>.,<b>Жалкий</b> отель.,🏚️,adj
trottiner,семенить,<b>Trottiner</b> derrière quelqu'un.,<b>Семенить</b> за кем-то.,🚶,v
un cache-cache,прятки,Jouer à <b>cache-cache</b>.,Играть в <b>прятки</b>.,🙈,m
un caniche,пудель,Un <b>caniche</b> blanc.,Белый <b>пудель</b>.,🐩,m
une envergure,размах,Une affaire de grande <b>envergure</b>.,Дело большого <b>размаха</b>.,📈,f
"acharné, acharnée",упорный,Une lutte <b>acharnée</b>.,<b>Упорная</b> борьба.,💪,adj
un dôme,купол,Le <b>dôme</b> de la cathédrale.,<b>Купол</b> собора.,🏛️,m
guitariste,гитарист,Un <b>guitariste</b> célèbre.,Знаменитый <b>гитарист</b>.,🎸,m
un obsédé,одержимый,Un <b>obsédé</b> du travail.,<b>Одержимый</b> работой.,💼,m
une compote,компот,Une <b>compote</b> de pommes.,Яблочный <b>компот</b>.,🍎,f
"impoli, impolie",невежливый,Un comportement <b>impoli</b>.,<b>Невежливое</b> поведение.,😤,adj
précaire,непрочный,Une situation <b>précaire</b>.,<b>Непрочное</b> положение.,⚠️,adj
une mythologie,мифология,La <b>mythologie</b> grecque.,Греческая <b>мифология</b>.,🏛️,f
un mutant,мутант,Un <b>mutant</b> génétique.,Генетический <b>мутант</b>.,🧬,m
un dandy,денди,Un <b>dandy</b> élégant.,Элегантный <b>денди</b>.,🎩,m
une censure,цензура,La <b>censure</b> des médias.,<b>Цензура</b> СМИ.,🚫,f
"odorant, odorante",ароматный,Une fleur <b>odorante</b>.,<b>Ароматный</b> цветок.,🌸,adj
"spécialisé, spécialisée",специализированный,Un magasin <b>spécialisé</b>.,<b>Специализированный</b> магазин.,🏪,adj
une sucrerie,сладость,Manger des <b>sucreries</b>.,Есть <b>сладости</b>.,🍬,f
un implant,имплант,Un <b>implant</b> dentaire.,Зубной <b>имплант</b>.,🦷,m
mienne,моя,C'est la <b>mienne</b>.,Это <b>моя</b>.,👆,adj
sauvegarder,сохранять,<b>Sauvegarder</b> un fichier.,<b>Сохранить</b> файл.,💾,v
un mécano,механик (разг.),Le <b>mécano</b> du garage.,Гаражный <b>механик</b>.,🔧,m
une connivence,сговор,Avec <b>connivence</b>.,В <b>сговоре</b>.,🤝,f
objecter,возражать,<b>Objecter</b> un argument.,<b>Возразить</b> аргументом.,🗣️,v
un blâme,порицание,Recevoir un <b>blâme</b>.,Получить <b>порицание</b>.,📋,m
un attendrissement,умиление,Avec <b>attendrissement</b>.,С <b>умилением</b>.,😢,m
un fantassin,пехотинец,Un <b>fantassin</b> de l'armée.,Армейский <b>пехотинец</b>.,🎖️,m
un placement,размещение,Un <b>placement</b> financier.,Финансовое <b>размещение</b>.,💰,m
"obstiné, obstinée",упрямый,Un refus <b>obstiné</b>.,<b>Упрямый</b> отказ.,😤,adj
une régularité,регулярность,Avec <b>régularité</b>.,С <b>регулярностью</b>.,📅,f
une répression,репрессия,La <b>répression</b> politique.,Политическая <b>репрессия</b>.,⚖️,f
"bleuté, bleutée",голубоватый,Une lumière <b>bleutée</b>.,<b>Голубоватый</b> свет.,🔵,adj
sangler,стягивать,<b>Sangler</b> un cheval.,<b>Подтянуть</b> подпругу.,🐴,v
un oranger,апельсиновое дерево,Un <b>oranger</b> en fleurs.,Цветущий <b>апельсин</b>.,🍊,m
un prélèvement,забор,Un <b>prélèvement</b> sanguin.,<b>Забор</b> крови.,🩸,m
réquisitionner,реквизировать,<b>Réquisitionner</b> des véhicules.,<b>Реквизировать</b> транспорт.,🚗,v
un box,бокс,Le <b>box</b> des accusés.,<b>Скамья</b> подсудимых.,⚖️,m
un voilier,парусник,Un <b>voilier</b> de course.,Гоночный <b>парусник</b>.,⛵,m
une instance,инстанция,Une <b>instance</b> judiciaire.,Судебная <b>инстанция</b>.,🏛️,f
un dormeur,соня,Un gros <b>dormeur</b>.,Большой <b>соня</b>.,😴,m
peigner,расчёсывать,<b>Peigner</b> les cheveux.,<b>Расчёсывать</b> волосы.,💇,v
un protestant,протестант,Il est <b>protestant</b>.,Он <b>протестант</b>.,⛪,m
une avancée,прорыв,Une <b>avancée</b> technologique.,Технологический <b>прорыв</b>.,🚀,f
égayer,оживлять,<b>Égayer</b> la pièce.,<b>Оживить</b> комнату.,🎨,v
compatir,сочувствовать,<b>Compatir</b> à la douleur.,<b>Сочувствовать</b> боли.,💔,v
"illimité, illimitée",неограниченный,Un accès <b>illimité</b>.,<b>Неограниченный</b> доступ.,♾️,adj
un déshonneur,бесчестье,Subir un <b>déshonneur</b>.,Потерпеть <b>бесчестье</b>.,😔,m
alcoolique,алкогольный,Une boisson <b>alcoolique</b>.,<b>Алкогольный</b> напиток.,🍺,adj
un soubresaut,вздрагивание,Un <b>soubresaut</b> de peur.,<b>Вздрагивание</b> от страха.,😨,m
archéologue,археолог,Un <b>archéologue</b> passionné.,Увлечённый <b>археолог</b>.,🏺,m
bomber,выпячивать,<b>Bomber</b> le torse.,<b>Выпячивать</b> грудь.,💪,v
"désarmé, désarmée",безоружный,Un homme <b>désarmé</b>.,<b>Безоружный</b> человек.,🚫,adj
un magot,куш,Amasser un <b>magot</b>.,Накопить <b>куш</b>.,💰,m
un vassal,вассал,Le <b>vassal</b> du roi.,<b>Вассал</b> короля.,⚔️,m
une bouille,рожица,Une bonne <b>bouille</b>.,Милая <b>рожица</b>.,😊,f
un ressentiment,обида,Garder du <b>ressentiment</b>.,Хранить <b>обиду</b>.,😤,m
"campagnard, campagnarde",сельский,Une vie <b>campagnarde</b>.,<b>Сельская</b> жизнь.,🌾,adj
"taré, tarée",придурковатый,Un type <b>taré</b>.,<b>Придурковатый</b> тип.,🤪,adj
un charlatan,шарлатан,Un <b>charlatan</b> de foire.,Ярмарочный <b>шарлатан</b>.,🎪,m
une épargne,сбережения,Un compte d'<b>épargne</b>.,Сберегательный <b>счёт</b>.,💰,f
recréer,воссоздавать,<b>Recréer</b> une ambiance.,<b>Воссоздать</b> атмосферу.,🎨,v
"superstitieux, superstitieuse",суеверный,Une personne <b>superstitieuse</b>.,<b>Суеверный</b> человек.,🐈‍⬛,adj
"végétarien, végétarienne",вегетарианский,Un menu <b>végétarien</b>.,<b>Вегетарианское</b> меню.,🥗,adj
clean,чистый,Un look <b>clean</b>.,<b>Чистый</b> вид.,✅,adj
un traiteur,кейтеринг,Commander chez un <b>traiteur</b>.,Заказать у <b>кейтеринга</b>.,🍽️,m
une grêle,град,Une averse de <b>grêle</b>.,Ливень с <b>градом</b>.,🌨️,f
"fervent, fervente",пылкий,Un <b>fervent</b> admirateur.,<b>Пылкий</b> поклонник.,❤️,adj
"fixé, fixée",установленный,Un prix <b>fixé</b>.,<b>Установленная</b> цена.,📌,adj
implanter,внедрять,<b>Implanter</b> une entreprise.,<b>Внедрить</b> компанию.,🏢,v
une conservatrice,консерватор (ж.р.),La <b>conservatrice</b> du musée.,<b>Хранительница</b> музея.,🏛️,f
une traiteuse,поставщица,La <b>traiteuse</b> prépare le buffet.,<b>Поставщица</b> готовит фуршет.,🍽️,f
une unanimité,единогласие,À l'<b>unanimité</b>.,<b>Единогласно</b>.,👍,f
"vécu, vécue",пережитый,Une expérience <b>vécue</b>.,<b>Пережитый</b> опыт.,📖,adj
un conservateur,консерватор,Un <b>conservateur</b> politique.,Политический <b>консерватор</b>.,🏛️,m
un rejet,отторжение,Un <b>rejet</b> de greffe.,<b>Отторжение</b> трансплантата.,🏥,m
une probabilité,вероятность,Une forte <b>probabilité</b>.,Высокая <b>вероятность</b>.,📊,f
métaphysique,метафизический,Une question <b>métaphysique</b>.,<b>Метафизический</b> вопрос.,🤔,adj
"pensant, pensante",мыслящий,Un être <b>pensant</b>.,<b>Мыслящее</b> существо.,🧠,adj
un bavard,болтун,Quel <b>bavard</b> !,Какой <b>болтун</b>!,🗣️,m
une hormone,гормон,Une <b>hormone</b> de croissance.,<b>Гормон</b> роста.,🧪,f
une nef,неф,La <b>nef</b> de l'église.,<b>Неф</b> церкви.,⛪,f
une persienne,ставень,Fermer les <b>persiennes</b>.,Закрыть <b>ставни</b>.,🪟,f
une rousseur,рыжеватость,Des taches de <b>rousseur</b>.,<b>Веснушки</b>.,🧒,f
raviver,оживлять,<b>Raviver</b> les souvenirs.,<b>Оживить</b> воспоминания.,💭,v
absoudre,отпускать грехи,<b>Absoudre</b> un pécheur.,<b>Отпустить грехи</b> грешнику.,🙏,v
"fortuné, fortunée",богатый,Un homme <b>fortuné</b>.,<b>Богатый</b> человек.,💰,adj
un échafaudage,строительные леса,Monter un <b>échafaudage</b>.,Возвести <b>строительные леса</b>.,🏗️,m
une informatique,информатика,Étudier l'<b>informatique</b>.,Изучать <b>информатику</b>.,💻,f
rétracter,отрекаться,Se <b>rétracter</b> publiquement.,Публично <b>отречься</b>.,🗣️,v
un attribut,атрибут,Les <b>attributs</b> du pouvoir.,<b>Атрибуты</b> власти.,👑,m
une paillette,блёстка,Des <b>paillettes</b> dorées.,Золотые <b>блёстки</b>.,✨,f
un cocu,рогоносец,C'est un <b>cocu</b>.,Он <b>рогоносец</b>.,🤘,m
démener,метаться,Se <b>démener</b> comme un diable.,<b>Метаться</b> как чёрт.,🏃,v
"bouché, bouchée",забитый,Un nez <b>bouché</b>.,<b>Забитый</b> нос.,🤧,adj
dandiner,вразвалку,Se <b>dandiner</b> en marchant.,Ходить <b>вразвалку</b>.,🐧,v
un bitume,битум,Sur le <b>bitume</b> chaud.,На горячем <b>асфальте</b>.,🛣️,m
un groupement,объединение,Un <b>groupement</b> d'entreprises.,<b>Объединение</b> предприятий.,🏢,m
un sabbat,шабаш,Le <b>sabbat</b> des sorcières.,<b>Шабаш</b> ведьм.,🧙,m
"destiné, destinée",предназначенный,<b>Destiné</b> à réussir.,<b>Предназначенный</b> для успеха.,⭐,adj
"bouleversant, bouleversante",потрясающий,Un film <b>bouleversant</b>.,<b>Потрясающий</b> фильм.,😭,adj
un scout,скаут,Un <b>scout</b> en uniforme.,<b>Скаут</b> в форме.,⛺,m
une captivité,плен,Des années de <b>captivité</b>.,Годы <b>плена</b>.,⛓️,f
une éruption,извержение,Une <b>éruption</b> volcanique.,Вулканическое <b>извержение</b>.,🌋,f
"barré, barrée",чокнутый (разг.),Un mec <b>barré</b>.,<b>Чокнутый</b> тип.,🤪,adj
"décevant, décevante",разочаровывающий,Un résultat <b>décevant</b>.,<b>Разочаровывающий</b> результат.,😔,adj
"gardé, gardée",охраняемый,Une résidence <b>gardée</b>.,<b>Охраняемая</b> резиденция.,🏢,adj
tarir,иссякать,La source <b>tarit</b>.,Источник <b>иссякает</b>.,💧,v
une broderie,вышивка,Une belle <b>broderie</b>.,Красивая <b>вышивка</b>.,🧵,f
un plouc,деревенщина,Un vrai <b>plouc</b>.,Настоящая <b>деревенщина</b>.,🌾,m
"adroit, adroite",умелый,Un geste <b>adroit</b>.,<b>Умелый</b> жест.,👍,adj
"rejeté, rejetée",отвергнутый,Se sentir <b>rejeté</b>.,Чувствовать себя <b>отвергнутым</b>.,😔,adj
un indifférent,безразличный (субст.),Jouer les <b>indifférents</b>.,Притворяться <b>равнодушным</b>.,😐,m
différencier,различать,<b>Différencier</b> les couleurs.,<b>Различать</b> цвета.,🎨,v
mixte,смешанный,Une école <b>mixte</b>.,<b>Смешанная</b> школа.,🏫,adj
"scintillant, scintillante",мерцающий,Des étoiles <b>scintillantes</b>.,<b>Мерцающие</b> звёзды.,⭐,adj
un alignement,выравнивание,L'<b>alignement</b> des planètes.,<b>Выравнивание</b> планет.,🌍,m
"aveuglant, aveuglante",ослепительный,Une lumière <b>aveuglante</b>.,<b>Ослепительный</b> свет.,💡,adj
un connaisseur,знаток,Un <b>connaisseur</b> de vin.,<b>Знаток</b> вин.,🍷,m
"informé, informée",осведомлённый,Rester <b>informé</b>.,Оставаться <b>осведомлённым</b>.,📰,adj
oeuvrer,трудиться,<b>Œuvrer</b> pour la paix.,<b>Трудиться</b> ради мира.,☮️,v
"tumultueux, tumultueuse",бурный,Une vie <b>tumultueuse</b>.,<b>Бурная</b> жизнь.,🌊,adj
un entêtement,упорство,Avec <b>entêtement</b>.,С <b>упорством</b>.,💪,m
un éclatement,разрыв,L'<b>éclatement</b> d'un pneu.,<b>Разрыв</b> шины.,💥,m
"apeuré, apeurée",испуганный,Un regard <b>apeuré</b>.,<b>Испуганный</b> взгляд.,😨,adj
un brûlé,обожжённый (субст.),Les grands <b>brûlés</b>.,<b>Обожжённые</b>.,🔥,m
seconder,помогать,<b>Seconder</b> un collègue.,<b>Помогать</b> коллеге.,🤝,v
prévisible,предсказуемый,Un résultat <b>prévisible</b>.,<b>Предсказуемый</b> результат.,🔮,adj
un malfaiteur,злоумышленник,Un <b>malfaiteur</b> recherché.,Разыскиваемый <b>злоумышленник</b>.,🕵️,m
un forfait,тариф,Un <b>forfait</b> téléphonique.,Телефонный <b>тариф</b>.,📱,m
un remplacement,замена,Un <b>remplacement</b> temporaire.,Временная <b>замена</b>.,🔄,m
"provincial, provinciale",провинциальный,Une ville <b>provinciale</b>.,<b>Провинциальный</b> город.,🏘️,adj
un chaume,солома,Un toit de <b>chaume</b>.,<b>Соломенная</b> крыша.,🏠,m
une bousculade,давка,Une <b>bousculade</b> dans le métro.,<b>Давка</b> в метро.,👥,f
acrobate,акробат,Un <b>acrobate</b> de cirque.,Цирковой <b>акробат</b>.,🤸,m
un badaud,зевака,Les <b>badauds</b> regardent.,<b>Зеваки</b> смотрят.,👀,m
une doudou,мягкая игрушка,La <b>doudou</b> de l'enfant.,<b>Любимая игрушка</b> ребёнка.,🧸,f
une promo,скидка (разг.),Une <b>promo</b> exceptionnelle.,Исключительная <b>скидка</b>.,💸,f
évaporer,испаряться,L'eau s'<b>évapore</b>.,Вода <b>испаряется</b>.,💨,v
un labour,пахота,Le <b>labour</b> des champs.,<b>Пахота</b> полей.,🌾,m
"télévisé, télévisée",телевизионный,Un débat <b>télévisé</b>.,<b>Телевизионные</b> дебаты.,📺,adj
une connexion,подключение,Une <b>connexion</b> internet.,<b>Подключение</b> к интернету.,📶,f
une malfaitrice,преступница,La <b>malfaitrice</b> a été arrêtée.,<b>Преступницу</b> задержали.,👮‍♀️,f
"accidentel, accidentelle",случайный,Une mort <b>accidentelle</b>.,<b>Случайная</b> смерть.,😢,adj
"engourdi, engourdie",онемевший,Des doigts <b>engourdis</b>.,<b>Онемевшие</b> пальцы.,🥶,adj
sniffer,нюхать,<b>Sniffer</b> de la colle.,<b>Нюхать</b> клей.,⚠️,v
tourbillonner,кружиться,Les feuilles <b>tourbillonnent</b>.,Листья <b>кружатся</b>.,🍂,v
une exploration,исследование,Une <b>exploration</b> spatiale.,Космическое <b>исследование</b>.,🚀,f
analogue,аналогичный,Un cas <b>analogue</b>.,<b>Аналогичный</b> случай.,🔄,adj
"bossu, bossue",горбатый,Un homme <b>bossu</b>.,<b>Горбатый</b> человек.,👤,adj
recourir,прибегать,<b>Recourir</b> à la violence.,<b>Прибегнуть</b> к насилию.,⚔️,v
un bohémien,цыган,Un <b>bohémien</b> nomade.,Кочевой <b>цыган</b>.,🏕️,m
un écuyer,оруженосец,L'<b>écuyer</b> du chevalier.,<b>Оруженосец</b> рыцаря.,⚔️,m
dentaire,зубной,Un soin <b>dentaire</b>.,<b>Зубное</b> лечение.,🦷,adj
"normand, normande",нормандский,La cuisine <b>normande</b>.,<b>Нормандская</b> кухня.,🍎,adj
un panthéon,пантеон,Le <b>Panthéon</b> de Paris.,Парижский <b>Пантеон</b>.,🏛️,m
une féminité,женственность,Avec <b>féminité</b>.,С <b>женственностью</b>.,💅,f
une bascule,качели,Jouer à la <b>bascule</b>.,Кататься на <b>качелях</b>.,🛝,f
peler,чистить,<b>Peler</b> une pomme.,<b>Чистить</b> яблоко.,🍎,v
un bagne,каторга,Envoyer au <b>bagne</b>.,Отправить на <b>каторгу</b>.,⛓️,m
un cylindre,цилиндр,Un moteur à six <b>cylindres</b>.,Шестицилиндровый <b>двигатель</b>.,🚗,m
un enseignant,преподаватель,Un <b>enseignant</b> dévoué.,Преданный <b>преподаватель</b>.,👨‍🏫,m
une escouade,отряд,Une <b>escouade</b> de soldats.,<b>Отряд</b> солдат.,🎖️,f
une invite,приглашение,Sur l'<b>invite</b> de quelqu'un.,По <b>приглашению</b> кого-то.,📨,f
un nounours,мишка,Un gros <b>nounours</b>.,Большой <b>мишка</b>.,🧸,m
un boulon,болт,Serrer un <b>boulon</b>.,Затянуть <b>болт</b>.,🔩,m
une clémence,милость,Demander <b>clémence</b>.,Просить <b>милости</b>.,🙏,f
"vacant, vacante",свободный,Un poste <b>vacant</b>.,<b>Свободная</b> должность.,📋,adj
un équipier,напарник,Mon <b>équipier</b> de travail.,Мой рабочий <b>напарник</b>.,🤝,m
"assourdissant, assourdissante",оглушительный,Un bruit <b>assourdissant</b>.,<b>Оглушительный</b> шум.,🔊,adj
une sourdine,сурдинка,En <b>sourdine</b>.,<b>Вполголоса</b>.,🔇,f
pénitentiaire,пенитенциарный,Un établissement <b>pénitentiaire</b>.,<b>Пенитенциарное</b> учреждение.,🏛️,adj
"sophistiqué, sophistiquée",изощрённый,Un système <b>sophistiqué</b>.,<b>Изощрённая</b> система.,🔬,adj
un oracle,оракул,Consulter l'<b>oracle</b>.,Обратиться к <b>оракулу</b>.,🔮,m
"immoral, immorale",аморальный,Un acte <b>immoral</b>.,<b>Аморальный</b> поступок.,😤,adj
indicible,невыразимый,Une joie <b>indicible</b>.,<b>Невыразимая</b> радость.,✨,adj
sucrer,подслащивать,<b>Sucrer</b> son café.,<b>Подсластить</b> кофе.,☕,v
un auvent,навес,S'abriter sous l'<b>auvent</b>.,Укрыться под <b>навесом</b>.,🏠,m
une vessie,мочевой пузырь,La <b>vessie</b> est pleine.,<b>Мочевой пузырь</b> полон.,🫀,f
"admiratif, admirative",восхищённый,Un regard <b>admiratif</b>.,<b>Восхищённый</b> взгляд.,😍,adj
furax,в бешенстве,Il est <b>furax</b> !,Он <b>в бешенстве</b>!,😡,adj
un bunker,бункер,Se réfugier dans un <b>bunker</b>.,Укрыться в <b>бункере</b>.,🏚️,m
un important,важный (субст.),Faire l'<b>important</b>.,Корчить из себя <b>важную персону</b>.,🎩,m
une reconstruction,восстановление,La <b>reconstruction</b> de la ville.,<b>Восстановление</b> города.,🏗️,f
"chirurgical, chirurgicale",хирургический,Une intervention <b>chirurgicale</b>.,<b>Хирургическое</b> вмешательство.,🏥,adj
un aérodrome,аэродром,Atterrir sur un <b>aérodrome</b>.,Приземлиться на <b>аэродроме</b>.,✈️,m
un magnétophone,магнитофон,Enregistrer avec un <b>magnétophone</b>.,Записать на <b>магнитофон</b>.,📼,m
une combustion,горение,Une <b>combustion</b> spontanée.,Спонтанное <b>горение</b>.,🔥,f
reformer,переформировать,<b>Reformer</b> les rangs.,<b>Переформировать</b> ряды.,👥,v
un canyon,каньон,Le Grand <b>Canyon</b>.,Большой <b>Каньон</b>.,🏜️,m
dépeindre,изображать,<b>Dépeindre</b> une situation.,<b>Изобразить</b> ситуацию.,🎨,v
emboîter,вставлять,<b>Emboîter</b> les pièces.,<b>Вставить</b> детали.,🧩,v
un merle,дрозд,Le chant du <b>merle</b>.,Пение <b>дрозда</b>.,🐦,m
meurtrir,ранить,<b>Meurtrir</b> quelqu'un.,<b>Ранить</b> кого-то.,💔,v
un pull-over,пуловер,Un <b>pull-over</b> en laine.,Шерстяной <b>пуловер</b>.,🧥,m
un reptile,рептилия,Un <b>reptile</b> venimeux.,Ядовитая <b>рептилия</b>.,🦎,m
un espionnage,шпионаж,Un film d'<b>espionnage</b>.,Фильм о <b>шпионаже</b>.,🕵️,m
une belle-fille,невестка,Ma <b>belle-fille</b> est adorable.,Моя <b>невестка</b> очаровательна.,👩,f
une crypte,крипта,La <b>crypte</b> de l'église.,<b>Крипта</b> церкви.,⛪,f
"bloqué, bloquée",заблокированный,Un compte <b>bloqué</b>.,<b>Заблокированный</b> счёт.,🔒,adj
une contraction,сокращение,Une <b>contraction</b> musculaire.,Мышечное <b>сокращение</b>.,💪,f
un héroïsme,героизм,Un acte d'<b>héroïsme</b>.,Акт <b>героизма</b>.,🦸,m
"cohérent, cohérente",последовательный,Un discours <b>cohérent</b>.,<b>Последовательная</b> речь.,🗣️,adj
croupir,прозябать,<b>Croupir</b> en prison.,<b>Прозябать</b> в тюрьме.,😔,v
une contrebande,контрабанда,De la <b>contrebande</b> d'armes.,<b>Контрабанда</b> оружия.,📦,f
une tare,изъян,Une <b>tare</b> génétique.,Генетический <b>изъян</b>.,🧬,f
"talentueux, talentueuse",талантливый,Un artiste <b>talentueux</b>.,<b>Талантливый</b> артист.,🎨,adj
un microscope,микроскоп,Observer au <b>microscope</b>.,Наблюдать через <b>микроскоп</b>.,🔬,m
"accablant, accablante",гнетущий,Une chaleur <b>accablante</b>.,<b>Гнетущая</b> жара.,🥵,adj
masturber,мастурбировать,Se <b>masturber</b>.,<b>Мастурбировать</b>.,🔞,v
un black,темнокожий (разг.),C'est un <b>black</b>.,Он <b>темнокожий</b>.,👤,m
"provocant, provocante",провокационный,Une tenue <b>provocante</b>.,<b>Провокационный</b> наряд.,👗,adj
une tuerie,бойня,Une <b>tuerie</b> horrible.,Ужасная <b>бойня</b>.,😱,f
une denrée,товар,Une <b>denrée</b> alimentaire.,Продовольственный <b>товар</b>.,🛒,f
un caramel,карамель,Un bonbon au <b>caramel</b>.,<b>Карамельная</b> конфета.,🍬,m
une diva,дива,Une <b>diva</b> de l'opéra.,Оперная <b>дива</b>.,🎭,f
un gras,жирное; жир,Le <b>gras</b> du jambon.,<b>Жир</b> ветчины.,🥓,m
orchestrer,организовывать,<b>Orchestrer</b> un événement.,<b>Организовать</b> мероприятие.,🎼,v
un chevreuil,косуля,Un <b>chevreuil</b> dans la forêt.,<b>Косуля</b> в лесу.,🦌,m
un cirage,ваксa,Du <b>cirage</b> noir.,Чёрная <b>вакса</b>.,👞,m
un navet,репа,Une soupe aux <b>navets</b>.,Суп из <b>репы</b>.,🥣,m
un ana,сборник изречений,Un <b>ana</b> de Voltaire.,<b>Сборник</b> изречений Вольтера.,📚,m
un trauma,травма,Un <b>trauma</b> crânien.,Черепная <b>травма</b>.,🏥,m
une remorque,прицеп,Tirer une <b>remorque</b>.,Тянуть <b>прицеп</b>.,🚛,f
un hollandais,голландец,Il est <b>hollandais</b>.,Он <b>голландец</b>.,🇳🇱,m
une gazelle,газель,Une <b>gazelle</b> gracieuse.,Грациозная <b>газель</b>.,🦌,f
élastique,эластичный,Un tissu <b>élastique</b>.,<b>Эластичная</b> ткань.,🧵,adj
"frileux, frileuse",зябкий,Je suis <b>frileux</b>.,Я <b>зябкий</b>.,🥶,adj
un dérangement,беспокойство,Excusez le <b>dérangement</b>.,Извините за <b>беспокойство</b>.,🙏,m
un pâturage,пастбище,Les vaches au <b>pâturage</b>.,Коровы на <b>пастбище</b>.,🐄,m
un rital,итальяшка (груб.),C'est un <b>rital</b>.,Он <b>итальяшка</b>.,🇮🇹,m
une belle-soeur,невестка; золовка; свояченица,C'est ma <b>belle-sœur</b>.,Это моя <b>невестка</b>.,👩,f
une orpheline,сирота (ж.),Elle est <b>orpheline</b>.,Она <b>сирота</b>.,😢,f
convive,сотрапезник,Les <b>convives</b> du dîner.,<b>Сотрапезники</b> за ужином.,🍽️,m
un fainéant,лентяй,Un <b>fainéant</b> notoire.,Известный <b>лентяй</b>.,😴,m
un jasmin,жасмин,Le parfum du <b>jasmin</b>.,Аромат <b>жасмина</b>.,🌸,m
notable,видный,Un <b>notable</b> de la ville.,<b>Видный</b> горожанин.,👤,m
une déroute,разгром,Une <b>déroute</b> électorale.,Предвыборный <b>разгром</b>.,💥,f
dilater,расширять,<b>Dilater</b> les pupilles.,<b>Расширить</b> зрачки.,👁️,v
privilégier,отдавать предпочтение,<b>Privilégier</b> la qualité.,<b>Предпочитать</b> качество.,✅,v
anarchiste,анархист,Un <b>anarchiste</b> convaincu.,Убеждённый <b>анархист</b>.,⚫,m
un chaudron,котёл,Un <b>chaudron</b> de sorcière.,Ведьминский <b>котёл</b>.,🧙,m
un fétiche,фетиш,Un <b>fétiche</b> porte-bonheur.,<b>Фетиш</b>-талисман.,🔮,m
une suture,шов,Une <b>suture</b> chirurgicale.,Хирургический <b>шов</b>.,🩹,f
un christianisme,христианство,L'histoire du <b>christianisme</b>.,История <b>христианства</b>.,✝️,m
un fondement,основа,Le <b>fondement</b> d'une théorie.,<b>Основа</b> теории.,📚,m
un rebut,отброс,Des déchets de <b>rebut</b>.,<b>Отбросы</b>.,🗑️,m
un rescapé,выживший,Un <b>rescapé</b> du naufrage.,<b>Выживший</b> после кораблекрушения.,🚢,m
un simulacre,видимость,Un <b>simulacre</b> de procès.,<b>Видимость</b> процесса.,🎭,m
une pelote,клубок,Une <b>pelote</b> de laine.,<b>Клубок</b> шерсти.,🧶,f
désinfecter,дезинфицировать,<b>Désinfecter</b> une plaie.,<b>Дезинфицировать</b> рану.,🩹,v
"mi-clos, mi-close",полузакрытый,Les yeux <b>mi-clos</b>.,<b>Полузакрытые</b> глаза.,😌,adj
un pinard,вино (разг.),Boire du <b>pinard</b>.,Пить <b>винишко</b>.,🍷,m
une chasteté,целомудрие,Faire vœu de <b>chasteté</b>.,Дать обет <b>целомудрия</b>.,🙏,f
une tresse,коса,Une <b>tresse</b> blonde.,Светлая <b>коса</b>.,💇,f
un caillot,сгусток,Un <b>caillot</b> de sang.,<b>Сгусток</b> крови.,🩸,m
un africain,африканец,Il est <b>africain</b>.,Он <b>африканец</b>.,🌍,m
un paresseux,ленивец,Paresseux comme un <b>paresseux</b>.,Ленивый как <b>ленивец</b>.,🦥,m
une friandise,лакомство,Une <b>friandise</b> sucrée.,Сладкое <b>лакомство</b>.,🍭,f
rythmer,ритмизировать,<b>Rythmer</b> la musique.,<b>Ритмизировать</b> музыку.,🎵,v
un jais,гагат; чёрный,Des yeux de <b>jais</b>.,Глаза цвета <b>гагата</b>.,⬛,m
une ébauche,набросок,Une première <b>ébauche</b>.,Первый <b>набросок</b>.,✏️,f
amortir,амортизировать,<b>Amortir</b> le choc.,<b>Амортизировать</b> удар.,💥,v
interner,интернировать,<b>Interner</b> un malade.,<b>Интернировать</b> больного.,🏥,v
"niais, niaise",глупый,Un rire <b>niais</b>.,<b>Глупый</b> смех.,😅,adj
railler,насмехаться,<b>Railler</b> quelqu'un.,<b>Насмехаться</b> над кем-то.,😏,v
un bourdon,шмель,Le bourdonnement du <b>bourdon</b>.,Жужжание <b>шмеля</b>.,🐝,m
un confident,поверенный,Un <b>confident</b> fidèle.,Верный <b>поверенный</b>.,🤫,m
un ego,эго,Un <b>ego</b> surdimensionné.,Раздутое <b>эго</b>.,😤,m
un lobe,доля,Le <b>lobe</b> de l'oreille.,<b>Мочка</b> уха.,👂,m
un patriotisme,патриотизм,Un <b>patriotisme</b> ardent.,Пылкий <b>патриотизм</b>.,🏳️,m
un thorax,грудная клетка,Une blessure au <b>thorax</b>.,Ранение <b>грудной клетки</b>.,🫁,m
une cafétéria,кафетерий,Manger à la <b>cafétéria</b>.,Есть в <b>кафетерии</b>.,☕,f
une investigation,расследование,Une <b>investigation</b> policière.,Полицейское <b>расследование</b>.,🔍,f
cave,тупой; лох (разг.),T'es <b>cave</b> ou quoi ?,Ты <b>тупой</b> или как?,🤦,adj
"coupant, coupante",режущий,Un objet <b>coupant</b>.,<b>Режущий</b> предмет.,🔪,adj
une bécane,мотоцикл (разг.),Faire de la <b>bécane</b>.,Кататься на <b>байке</b>.,🏍️,f
macabre,жуткий,Une découverte <b>macabre</b>.,<b>Жуткая</b> находка.,💀,adj
défaillir,ослабевать,Ses forces <b>défaillent</b>.,Его силы <b>ослабевают</b>.,😵,v
un jonc,тростник,Un panier en <b>jonc</b>.,Корзина из <b>тростника</b>.,🧺,m
un encadrement,окаймление,L'<b>encadrement</b> de la porte.,<b>Обрамление</b> двери.,🚪,m
une inauguration,инаугурация,L'<b>inauguration</b> du monument.,<b>Открытие</b> памятника.,🎀,f
une icône,икона,Une <b>icône</b> religieuse.,Религиозная <b>икона</b>.,⛪,f
incinérer,сжигать,<b>Incinérer</b> les déchets.,<b>Сжигать</b> отходы.,🔥,v
gémellaire,близнецовый,Une grossesse <b>gémellaire</b>.,<b>Близнецовая</b> беременность.,👶👶,adj
délibérer,совещаться,<b>Délibérer</b> sur un verdict.,<b>Совещаться</b> о вердикте.,⚖️,v
marchander,торговаться,<b>Marchander</b> le prix.,<b>Торговаться</b> о цене.,💰,v
plumer,ощипывать,<b>Plumer</b> un poulet.,<b>Ощипать</b> курицу.,🐔,v
un toc,подделка,C'est du <b>toc</b>.,Это <b>подделка</b>.,❌,m
une abomination,мерзость,Quelle <b>abomination</b> !,Какая <b>мерзость</b>!,😱,f
une chaudière,котёл,Une <b>chaudière</b> à gaz.,Газовый <b>котёл</b>.,🔥,f
une nervosité,нервозность,Avec <b>nervosité</b>.,С <b>нервозностью</b>.,😬,f
raviser,передумать,Se <b>raviser</b> au dernier moment.,<b>Передумать</b> в последний момент.,🤔,v
invalide,инвалид,Un ancien <b>invalide</b>.,Бывший <b>инвалид</b>.,♿,m
conformer,согласовывать,Se <b>conformer</b> aux règles.,<b>Соответствовать</b> правилам.,✅,v
une aubaine,удача,Quelle <b>aubaine</b> !,Какая <b>удача</b>!,🍀,f
une hausse,повышение,Une <b>hausse</b> des prix.,<b>Повышение</b> цен.,📈,f
"coutumier, coutumière",привычный,Un geste <b>coutumier</b>.,<b>Привычный</b> жест.,🔄,adj
"choqué, choquée",шокированный,Profondément <b>choqué</b>.,Глубоко <b>шокированный</b>.,😮,adj
une dictée,диктант,Faire une <b>dictée</b>.,Писать <b>диктант</b>.,📝,f
déplorable,прискорбный,Une situation <b>déplorable</b>.,<b>Прискорбная</b> ситуация.,😔,adj
sanctifier,освящать,<b>Sanctifier</b> un lieu.,<b>Освятить</b> место.,⛪,v
un violet,фиолетовый (цвет),Le <b>violet</b> est ma couleur.,<b>Фиолетовый</b> — мой цвет.,💜,m
une proue,нос корабля,La <b>proue</b> du navire.,<b>Нос</b> корабля.,🚢,f
minimum,минимальный,Un salaire <b>minimum</b>.,<b>Минимальная</b> зарплата.,📉,adj
un thermomètre,термометр,Lire le <b>thermomètre</b>.,Смотреть на <b>термометр</b>.,🌡️,m
une urne,урна,Une <b>urne</b> électorale.,Избирательная <b>урна</b>.,🗳️,f
un courroux,гнев,Son <b>courroux</b> est terrible.,Его <b>гнев</b> ужасен.,😡,m
une biologie,биология,Étudier la <b>biologie</b>.,Изучать <b>биологию</b>.,🧬,f
"autorisé, autorisée",уполномоченный,Un personnel <b>autorisé</b>.,<b>Уполномоченный</b> персонал.,✅,adj
bancaire,банковский,Un compte <b>bancaire</b>.,<b>Банковский</b> счёт.,🏦,adj
"foudroyant, foudroyante",молниеносный,Un succès <b>foudroyant</b>.,<b>Молниеносный</b> успех.,⚡,adj
frustrer,расстраивать,Cela me <b>frustre</b>.,Это меня <b>расстраивает</b>.,😤,v
"recherché, recherchée",востребованный,Un produit <b>recherché</b>.,<b>Востребованный</b> товар.,🌟,adj
"sorcier, sorcière",колдовской,Un pouvoir <b>sorcier</b>.,<b>Колдовская</b> сила.,🧙,adj
un geôlier,тюремщик,Le <b>geôlier</b> de la prison.,<b>Тюремщик</b>.,🔑,m
acheminer,доставлять,<b>Acheminer</b> des marchandises.,<b>Доставить</b> товары.,📦,v
fluide,текучий,Un mouvement <b>fluide</b>.,<b>Текучее</b> движение.,💧,adj
un exilé,изгнанник,Un <b>exilé</b> politique.,Политический <b>изгнанник</b>.,😔,m
un assemblage,сборка,Un <b>assemblage</b> de pièces.,<b>Сборка</b> деталей.,🔧,m
un ballot,тюк,Un <b>ballot</b> de marchandises.,<b>Тюк</b> товаров.,📦,m
suinter,сочиться,L'eau <b>suinte</b> des murs.,Вода <b>сочится</b> со стен.,💧,v
enfourcher,оседлать,<b>Enfourcher</b> un vélo.,<b>Сесть</b> на велосипед.,🚲,v
"poignant, poignante",пронзительный,Un moment <b>poignant</b>.,<b>Пронзительный</b> момент.,💔,adj
rêvasser,грезить,<b>Rêvasser</b> en classe.,<b>Грезить</b> на уроке.,💭,v
colocataire,сосед по квартире,Mon <b>colocataire</b> est sympa.,Мой <b>сосед по квартире</b> симпатичный.,🏠,m
une toison,руно,La <b>toison</b> d'or.,Золотое <b>руно</b>.,🐑,f
une truie,свиноматка,Une <b>truie</b> et ses porcelets.,<b>Свиноматка</b> с поросятами.,🐷,f
une litière,подстилка,La <b>litière</b> du chat.,Кошачий <b>наполнитель</b>.,🐱,f
agoniser,агонизировать,<b>Agoniser</b> lentement.,Медленно <b>умирать</b>.,💀,v
chair,телесный,De couleur <b>chair</b>.,<b>Телесного</b> цвета.,🎨,adj
relater,рассказывать,<b>Relater</b> les faits.,<b>Рассказать</b> факты.,📖,v
un jésuite,иезуит,Le <b>jésuite</b> enseigne.,<b>Иезуит</b> учит.,⛪,m
une house,хаус (музыка),De la musique <b>house</b>.,Музыка <b>хаус</b>.,🎵,f
"persuadé, persuadée",убеждённый,J'en suis <b>persuadé</b>.,Я в этом <b>убеждён</b>.,✅,adj
rivaliser,соперничать,<b>Rivaliser</b> avec quelqu'un.,<b>Соперничать</b> с кем-то.,⚔️,v
ensorceler,околдовывать,<b>Ensorceler</b> quelqu'un.,<b>Околдовать</b> кого-то.,🧙,v
impardonnable,непростительный,Une erreur <b>impardonnable</b>.,<b>Непростительная</b> ошибка.,😤,adj
un dinosaure,динозавр,Un squelette de <b>dinosaure</b>.,Скелет <b>динозавра</b>.,🦖,m
bleuâtre,синеватый,Une lumière <b>bleuâtre</b>.,<b>Синеватый</b> свет.,🔵,adj
chourer,красть (разг.),<b>Chourer</b> dans un magasin.,<b>Стырить</b> в магазине.,🤫,v
"dominant, dominante",доминирующий,Une position <b>dominante</b>.,<b>Доминирующее</b> положение.,👑,adj
un sicilien,сицилиец,Il est <b>sicilien</b>.,Он <b>сицилиец</b>.,🇮🇹,m
prosterner,простираться,Se <b>prosterner</b> devant le roi.,<b>Простереться</b> перед королём.,🙏,v
un bison,бизон,Un <b>bison</b> d'Amérique.,Американский <b>бизон</b>.,🦬,m
un cobaye,морская свинка,Un <b>cobaye</b> de laboratoire.,Лабораторная <b>морская свинка</b>.,🐹,m
"poussé, poussée",продвинутый; усиленный,Une recherche <b>poussée</b>.,<b>Углублённое</b> исследование.,🔬,adj
"trait, traite",дойка (о корове),La vache <b>traite</b>.,<b>Выдоенная</b> корова.,🐄,adj
une bravoure,храбрость,Un acte de <b>bravoure</b>.,Акт <b>храбрости</b>.,🦸,f
une corrida,коррида,Assister à une <b>corrida</b>.,Присутствовать на <b>корриде</b>.,🐂,f
exceller,преуспевать,<b>Exceller</b> dans son domaine.,<b>Преуспевать</b> в своей области.,⭐,v
un rossignol,соловей,Le chant du <b>rossignol</b>.,Пение <b>соловья</b>.,🐦,m
cosmique,космический,Une énergie <b>cosmique</b>.,<b>Космическая</b> энергия.,🌌,adj
indestructible,неразрушимый,Un lien <b>indestructible</b>.,<b>Неразрушимая</b> связь.,💪,adj
"verni, vernie",лакированный,Du bois <b>verni</b>.,<b>Лакированное</b> дерево.,✨,adj
prime,первый; начальный,La <b>prime</b> jeunesse.,<b>Ранняя</b> молодость.,🌱,adj
un fluide,жидкость,Un <b>fluide</b> corporel.,Телесная <b>жидкость</b>.,💧,m
une décomposition,разложение,La <b>décomposition</b> organique.,Органическое <b>разложение</b>.,🍂,f
étendu,протяжённый; широкий,Un vocabulaire <b>étendu</b>.,<b>Богатый</b> словарный запас.,📖,adj
un troquet,забегаловка,Un petit <b>troquet</b>.,Маленькая <b>забегаловка</b>.,🍺,m
enrôler,вербовать,<b>Enrôler</b> des soldats.,<b>Вербовать</b> солдат.,🎖️,v
un final,финал (муз.),Le <b>final</b> de la symphonie.,<b>Финал</b> симфонии.,🎼,m
une cigogne,аист,Une <b>cigogne</b> sur le toit.,<b>Аист</b> на крыше.,🐦,f
"haché, hachée",рубленый,De la viande <b>hachée</b>.,<b>Рубленое</b> мясо.,🥩,adj
touristique,туристический,Une zone <b>touristique</b>.,<b>Туристическая</b> зона.,🗺️,adj
une commère,кумушка,Une vraie <b>commère</b>.,Настоящая <b>кумушка</b>.,🗣️,f
démêler,распутывать,<b>Démêler</b> les cheveux.,<b>Распутать</b> волосы.,💇,v
"ruisselant, ruisselante",струящийся,De l'eau <b>ruisselante</b>.,<b>Струящаяся</b> вода.,💧,adj
un bifteck,бифштекс,Un <b>bifteck</b> saignant.,<b>Бифштекс</b> с кровью.,🥩,m
un glaive,меч,Brandir un <b>glaive</b>.,Размахивать <b>мечом</b>.,⚔️,m
un phonographe,фонограф,Un vieux <b>phonographe</b>.,Старый <b>фонограф</b>.,📻,m
une arrière-pensée,задняя мысль,Sans <b>arrière-pensée</b>.,Без <b>задних мыслей</b>.,🤔,f
une hostie,гостия,Recevoir l'<b>hostie</b>.,Получить <b>гостию</b>.,⛪,f
une embrasure,проём; амбразура,L'<b>embrasure</b> de la fenêtre.,<b>Проём</b> окна.,🪟,f
une esplanade,эспланада,L'<b>esplanade</b> du château.,<b>Эспланада</b> замка.,🏰,f
blanchâtre,белёсый,Une lumière <b>blanchâtre</b>.,<b>Белёсый</b> свет.,🌫️,adj
un couplet,куплет,Le <b>couplet</b> de la chanson.,<b>Куплет</b> песни.,🎤,m
une myrtille,черника,Des <b>myrtilles</b> fraîches.,Свежая <b>черника</b>.,🫐,f
assécher,осушать,<b>Assécher</b> un marais.,<b>Осушить</b> болото.,💧,v
"maladif, maladive",болезненный,Un enfant <b>maladif</b>.,<b>Болезненный</b> ребёнок.,🤒,adj
un fichu,платок; косынка,Un <b>fichu</b> en laine.,Шерстяной <b>платок</b>.,🧣,m
une adhésion,присоединение; членство,L'<b>adhésion</b> à l'UE.,<b>Вступление</b> в ЕС.,🤝,f
une interview,интервью,Donner une <b>interview</b>.,Дать <b>интервью</b>.,🎤,f
"intégral, intégrale",полный; цельный,Un paiement <b>intégral</b>.,<b>Полная</b> оплата.,💯,adj
"rêvé, rêvée",идеальный,Un travail <b>rêvé</b>.,<b>Идеальная</b> работа.,✨,adj
un magnum,магнум (бутылка),Un <b>magnum</b> de champagne.,<b>Магнум</b> шампанского.,🍾,m
un calife,халиф,Le <b>calife</b> de Bagdad.,<b>Халиф</b> Багдада.,👳,m
"charnu, charnue",мясистый,Des lèvres <b>charnues</b>.,<b>Мясистые</b> губы.,👄,adj
"remis, remise",отложенный; вручённый,Une lettre <b>remise</b> en main propre.,Письмо <b>врученное</b> лично.,✉️,adj
un paon,павлин,Le <b>paon</b> fait la roue.,<b>Павлин</b> распускает хвост.,🦚,m
une amirauté,адмиралтейство,L'<b>amirauté</b> britannique.,Британское <b>адмиралтейство</b>.,⚓,f
"vexé, vexée",обиженный,Elle est <b>vexée</b>.,Она <b>обижена</b>.,😤,adj
désirable,желанный,Un objet <b>désirable</b>.,<b>Желанный</b> предмет.,💕,adj
un fiacre,фиакр; извозчик,Un <b>fiacre</b> tiré par des chevaux.,<b>Фиакр</b> запряжённый лошадьми.,🐴,m
une clique,клика; банда,Une <b>clique</b> de politiciens.,<b>Клика</b> политиков.,👥,f
une nurse,няня,La <b>nurse</b> garde l'enfant.,<b>Няня</b> присматривает за ребёнком.,👩‍👧,f
enliser,завязнуть,S'<b>enliser</b> dans la boue.,<b>Увязнуть</b> в грязи.,🏖️,v
rebeller,бунтовать,Se <b>rebeller</b> contre l'autorité.,<b>Восстать</b> против власти.,✊,v
un buis,самшит,Une haie de <b>buis</b>.,Изгородь из <b>самшита</b>.,🌿,m
un émail,эмаль,L'<b>émail</b> des dents.,<b>Эмаль</b> зубов.,🦷,m
une infirmité,увечье; немощь,Une <b>infirmité</b> de naissance.,Врождённое <b>увечье</b>.,♿,f
"rayonnant, rayonnante",сияющий,Un sourire <b>rayonnant</b>.,<b>Сияющая</b> улыбка.,😊,adj
affubler,обряжать; нарядить,<b>Affubler</b> quelqu'un d'un surnom.,<b>Обзывать</b> кого-то прозвищем.,👔,v
asiatique,азиатский,La cuisine <b>asiatique</b>.,<b>Азиатская</b> кухня.,🍜,adj
mêlé,смешанный,Un sentiment <b>mêlé</b>.,<b>Смешанное</b> чувство.,🔀,adj
biler,переживать (разг.),Ne te <b>bile</b> pas !,Не <b>парься</b>!,😰,v
standard,стандартный,Un équipement <b>standard</b>.,<b>Стандартное</b> оборудование.,📏,adj
un gong,гонг,Le <b>gong</b> retentit.,<b>Гонг</b> звучит.,🔔,m
flancher,сдаваться; пасовать,Le moteur <b>flanche</b>.,Мотор <b>сдаёт</b>.,😩,v
"spacieux, spacieuse",просторный,Un appartement <b>spacieux</b>.,<b>Просторная</b> квартира.,🏠,adj
torride,знойный; жаркий,Une chaleur <b>torride</b>.,<b>Знойная</b> жара.,🔥,adj
une embauche,найм; устройство на работу,Une offre d'<b>embauche</b>.,Предложение о <b>найме</b>.,💼,f
inéluctable,неизбежный,Un destin <b>inéluctable</b>.,<b>Неизбежная</b> судьба.,⚡,adj
une gourmandise,лакомство; чревоугодие,Les <b>gourmandises</b> de Noël.,Рождественские <b>лакомства</b>.,🍬,f
culbuter,опрокидывать; кувыркаться,<b>Culbuter</b> dans l'herbe.,<b>Кувыркаться</b> в траве.,🤸,v
"malfaisant, malfaisante",зловредный,Un esprit <b>malfaisant</b>.,<b>Зловредный</b> дух.,😈,adj
un ustensile,утварь; посуда,Un <b>ustensile</b> de cuisine.,Кухонная <b>утварь</b>.,🍳,m
un sud-est,юго-восток,Le <b>sud-est</b> de la France.,<b>Юго-восток</b> Франции.,🧭,m
un rhumatisme,ревматизм,Souffrir de <b>rhumatismes</b>.,Страдать <b>ревматизмом</b>.,🦴,m
nostalgique,ностальгический,Un air <b>nostalgique</b>.,<b>Ностальгический</b> вид.,😢,adj
ressasser,пережёвывать; твердить,<b>Ressasser</b> les mêmes idées.,<b>Твердить</b> одно и то же.,🔄,v
un béguin,увлечение; влюблённость,Avoir le <b>béguin</b> pour quelqu'un.,<b>Втюриться</b> в кого-то.,💕,m
un nationalisme,национализм,Le <b>nationalisme</b> extrême.,Крайний <b>национализм</b>.,🏳️,m
une serpillière,тряпка для пола,Passer la <b>serpillière</b>.,Мыть пол <b>тряпкой</b>.,🧹,f
une session,сессия; заседание,Une <b>session</b> de travail.,Рабочая <b>сессия</b>.,📅,f
illusoire,иллюзорный,Un espoir <b>illusoire</b>.,<b>Иллюзорная</b> надежда.,💭,adj
"saignant, saignante",кровоточащий; с кровью,Un steak <b>saignant</b>.,Стейк <b>с кровью</b>.,🥩,adj
"tentant, tentante",соблазнительный,Une offre <b>tentante</b>.,<b>Соблазнительное</b> предложение.,🤤,adj
une amorce,наживка; запал,L'<b>amorce</b> du pétard.,<b>Запал</b> петарды.,💥,f
un découragement,уныние; упадок духа,Un moment de <b>découragement</b>.,Момент <b>уныния</b>.,😔,m
une vogue,мода; популярность,Être en <b>vogue</b>.,Быть <b>в моде</b>.,👗,f
un loser,неудачник,C'est un <b>loser</b>.,Он <b>неудачник</b>.,😞,m
un bacon,бекон,Du <b>bacon</b> grillé.,Жареный <b>бекон</b>.,🥓,m
un jeûne,пост; голодание,Faire un <b>jeûne</b>.,<b>Поститься</b>.,🙏,m
une décence,приличие,Par <b>décence</b>.,Из <b>приличия</b>.,👔,f
adverse,противный; вражеский,Le camp <b>adverse</b>.,<b>Вражеский</b> лагерь.,⚔️,adj
décroître,убывать,La lune <b>décroît</b>.,Луна <b>убывает</b>.,🌘,v
synthétique,синтетический,Un tissu <b>synthétique</b>.,<b>Синтетическая</b> ткань.,🧪,adj
un critère,критерий,Un <b>critère</b> de sélection.,<b>Критерий</b> отбора.,✅,m
un ketchup,кетчуп,Du <b>ketchup</b> sur les frites.,<b>Кетчуп</b> на картошку.,🍅,m
un veilleur,сторож; дежурный,Le <b>veilleur</b> de nuit.,Ночной <b>сторож</b>.,🔦,m
un écu,экю; щит,Un <b>écu</b> d'or.,Золотой <b>экю</b>.,🛡️,m
une guillotine,гильотина,La <b>guillotine</b> de la Révolution.,<b>Гильотина</b> Революции.,⚔️,f
une occase,оказия; случай (разг.),Une bonne <b>occase</b>.,Хороший <b>случай</b>.,🎯,f
une évaluation,оценка,L'<b>évaluation</b> des risques.,<b>Оценка</b> рисков.,📊,f
un conquérant,завоеватель,Alexandre le <b>conquérant</b>.,Александр <b>завоеватель</b>.,⚔️,m
un plumard,койка (разг.),Aller au <b>plumard</b>.,Идти на <b>боковую</b>.,🛏️,m
"abject, abjecte",гнусный; низкий,Un acte <b>abject</b>.,<b>Гнусный</b> поступок.,🤮,adj
"vertébral, vertébrale",позвоночный,La colonne <b>vertébrale</b>.,<b>Позвоночный</b> столб.,🦴,adj
"brésilien, brésilienne",бразильский,La musique <b>brésilienne</b>.,<b>Бразильская</b> музыка.,🇧🇷,adj
insatiable,ненасытный,Une curiosité <b>insatiable</b>.,<b>Ненасытное</b> любопытство.,🤩,adj
pompiste,заправщик,Le <b>pompiste</b> fait le plein.,<b>Заправщик</b> заливает бензин.,⛽,m
frénétique,неистовый; лихорадочный,Des applaudissements <b>frénétiques</b>.,<b>Неистовые</b> аплодисменты.,👏,adj
bouffe,оперный (комич.),Un opéra <b>bouffe</b>.,Комическая <b>опера</b>.,🎭,adj
un réalisme,реализм,Le <b>réalisme</b> littéraire.,Литературный <b>реализм</b>.,📖,m
"sonnant, sonnante",звонкий,En espèces <b>sonnantes</b>.,<b>Звонкой</b> монетой.,🪙,adj
troquer,менять; обменивать,<b>Troquer</b> contre quelque chose.,<b>Обменять</b> на что-то.,🔄,v
dégueuler,блевать (груб.),J'ai envie de <b>dégueuler</b>.,Меня <b>тошнит</b>.,🤮,v
un boucan,шум; грохот,Faire du <b>boucan</b>.,<b>Шуметь</b>.,📢,m
un chichi,церемонии; жеманство,Faire des <b>chichis</b>.,<b>Жеманничать</b>.,💅,m
un loup-garou,оборотень,Le <b>loup-garou</b> hurle.,<b>Оборотень</b> воет.,🐺,m
un jargon,жаргон,Le <b>jargon</b> médical.,Медицинский <b>жаргон</b>.,🗣️,m
un mitard,карцер,Mettre au <b>mitard</b>.,Посадить в <b>карцер</b>.,🔒,m
un topo,краткое изложение,Faire un <b>topo</b>.,Сделать <b>обзор</b>.,📝,m
une courroie,ремень,La <b>courroie</b> de transmission.,Приводной <b>ремень</b>.,🔧,f
un poulailler,курятник,Les poules dans le <b>poulailler</b>.,Куры в <b>курятнике</b>.,🐔,m
une roulotte,кибитка,Une <b>roulotte</b> de gitans.,Цыганская <b>кибитка</b>.,🚐,f
un déroulement,ход,Le <b>déroulement</b> des événements.,<b>Ход</b> событий.,📋,m
profaner,осквернять,<b>Profaner</b> une tombe.,<b>Осквернить</b> могилу.,⚠️,v
"agaçant, agaçante",раздражающий,Un bruit <b>agaçant</b>.,<b>Раздражающий</b> шум.,😤,adj
"significatif, significative",значительный,Un progrès <b>significatif</b>.,<b>Значительный</b> прогресс.,📊,adj
un zizi,пиписька (детск.),Le <b>zizi</b> du bébé.,<b>Пиписька</b> малыша.,👶,m
une gaîté,весёлость,Avec <b>gaîté</b>.,С <b>весёлостью</b>.,😄,f
un cobra,кобра,Un <b>cobra</b> venimeux.,Ядовитая <b>кобра</b>.,🐍,m
un ventilateur,вентилятор,Allumer le <b>ventilateur</b>.,Включить <b>вентилятор</b>.,🌀,m
catégorique,категоричный,Un refus <b>catégorique</b>.,<b>Категоричный</b> отказ.,🚫,adj
emmêler,запутывать,<b>Emmêler</b> les fils.,<b>Запутать</b> нитки.,🧵,v
enthousiasmer,воодушевлять,<b>Enthousiasmer</b> la foule.,<b>Воодушевить</b> толпу.,🎉,v
un ingrat,неблагодарный,Quel <b>ingrat</b> !,Какой <b>неблагодарный</b>!,😤,m
une bourrasque,порыв ветра,Une <b>bourrasque</b> de neige.,<b>Порыв</b> снежного ветра.,🌬️,f
polluer,загрязнять,<b>Polluer</b> la rivière.,<b>Загрязнять</b> реку.,🏭,v
un foetus,плод,Un <b>fœtus</b> en développement.,Развивающийся <b>плод</b>.,🤰,m
un standard,стандарт,Un <b>standard</b> de qualité.,<b>Стандарт</b> качества.,📏,m
brasser,перемешивать,<b>Brasser</b> la bière.,<b>Варить</b> пиво.,🍺,v
un antan,былое,D'<b>antan</b>.,<b>Былых</b> времён.,⏳,m
une devinette,загадка,Poser une <b>devinette</b>.,Загадать <b>загадку</b>.,❓,f
une ornière,колея,Sortir de l'<b>ornière</b>.,Выбраться из <b>колеи</b>.,🛤️,f
un cerne,круг под глазами,Des <b>cernes</b> sous les yeux.,<b>Круги</b> под глазами.,😴,m
entretuer,убивать друг друга,S'<b>entretuer</b> pour rien.,<b>Убивать друг друга</b> из-за пустяка.,⚔️,v
une amarre,причальный канат,Larguer les <b>amarres</b>.,Отдать <b>швартовы</b>.,⚓,f
"chagrin, chagrine",печальный,Un air <b>chagrin</b>.,<b>Печальный</b> вид.,😢,adj
"ponctuel, ponctuelle",пунктуальный,Il est très <b>ponctuel</b>.,Он очень <b>пунктуальный</b>.,⏰,adj
un aveuglement,ослепление,Un <b>aveuglement</b> total.,Полное <b>ослепление</b>.,🙈,m
garagiste,автомеханик,Le <b>garagiste</b> répare la voiture.,<b>Автомеханик</b> чинит машину.,🔧,m
une infraction,нарушение,Une <b>infraction</b> au code.,<b>Нарушение</b> кодекса.,⚠️,f
une théologie,богословие,Étudier la <b>théologie</b>.,Изучать <b>богословие</b>.,📖,f
alchimiste,алхимик,Un <b>alchimiste</b> médiéval.,Средневековый <b>алхимик</b>.,⚗️,m
ensuivre,следовать,Il s'<b>ensuit</b> que...,"Из этого <b>следует</b>, что...",➡️,v
translucide,полупрозрачный,Un verre <b>translucide</b>.,<b>Полупрозрачное</b> стекло.,🪟,adj
une bave,слюна,La <b>bave</b> du chien.,<b>Слюна</b> собаки.,🐕,f
énoncer,излагать,<b>Énoncer</b> une théorie.,<b>Изложить</b> теорию.,🗣️,v
blinder,бронировать,<b>Blinder</b> une porte.,<b>Бронировать</b> дверь.,🛡️,v
"jovial, joviale",жизнерадостный,Un homme <b>jovial</b>.,<b>Жизнерадостный</b> человек.,😊,adj
une vanille,ваниль,Une glace à la <b>vanille</b>.,<b>Ванильное</b> мороженое.,🍦,f
"ardu, ardue",трудный,Une tâche <b>ardue</b>.,<b>Трудная</b> задача.,💪,adj
une potence,виселица,Mener à la <b>potence</b>.,Вести на <b>виселицу</b>.,⚖️,f
"regardant, regardante",скупой,Être <b>regardant</b> sur les dépenses.,Быть <b>скупым</b> в расходах.,💰,adj
un navigateur,навигатор,Un <b>navigateur</b> GPS.,GPS-<b>навигатор</b>.,🧭,m
olympique,олимпийский,Les Jeux <b>olympiques</b>.,<b>Олимпийские</b> игры.,🏅,adj
une sciure,опилки,De la <b>sciure</b> de bois.,Древесные <b>опилки</b>.,🪵,f
une dynastie,династия,Une <b>dynastie</b> royale.,Королевская <b>династия</b>.,👑,f
une indemnité,компенсация,Recevoir une <b>indemnité</b>.,Получить <b>компенсацию</b>.,💵,f
une spéculation,спекуляция,La <b>spéculation</b> immobilière.,<b>Спекуляция</b> недвижимостью.,📈,f
une teinture,краска,Une <b>teinture</b> pour cheveux.,<b>Краска</b> для волос.,🎨,f
un shabbat,шаббат,Respecter le <b>shabbat</b>.,Соблюдать <b>шаббат</b>.,🕯️,m
"avantageux, avantageuse",выгодный,Une offre <b>avantageuse</b>.,<b>Выгодное</b> предложение.,✅,adj
"feint, feinte",притворный,Une surprise <b>feinte</b>.,<b>Притворное</b> удивление.,🎭,adj
funéraire,похоронный,Une cérémonie <b>funéraire</b>.,<b>Похоронная</b> церемония.,⚰️,adj
un aval,одобрение,Donner son <b>aval</b>.,Дать своё <b>одобрение</b>.,✅,m
un clergé,духовенство,Le <b>clergé</b> catholique.,Католическое <b>духовенство</b>.,⛪,m
une confrontation,конфронтация,Une <b>confrontation</b> violente.,Жёсткая <b>конфронтация</b>.,⚔️,f
un chaperon,сопровождающий,Le Petit <b>Chaperon</b> rouge.,Красная <b>Шапочка</b>.,👧,m
"choquant, choquante",шокирующий,Une image <b>choquante</b>.,<b>Шокирующее</b> изображение.,😱,adj
glapir,визжать,Le chiot <b>glapit</b>.,Щенок <b>визжит</b>.,🐕,v
un arrêté,постановление,Un <b>arrêté</b> municipal.,Муниципальное <b>постановление</b>.,📜,m
un baril,бочка,Un <b>baril</b> de pétrole.,<b>Баррель</b> нефти.,🛢️,m
un édredon,пуховое одеяло,Dormir sous l'<b>édredon</b>.,Спать под <b>пуховым одеялом</b>.,🛏️,m
une rondeur,округлость,Les <b>rondeurs</b> féminines.,Женские <b>округлости</b>.,🍑,f
cinéaste,кинорежиссёр,Un <b>cinéaste</b> célèbre.,Знаменитый <b>кинорежиссёр</b>.,🎬,m
indemne,невредимый,Sortir <b>indemne</b>.,Выйти <b>невредимым</b>.,✅,adj
un chacal,шакал,Un <b>chacal</b> dans le désert.,<b>Шакал</b> в пустыне.,🐕,m
une disgrâce,опала,Tomber en <b>disgrâce</b>.,Впасть в <b>опалу</b>.,😔,f
curer,чистить,<b>Curer</b> les fossés.,<b>Чистить</b> канавы.,🧹,v
un damné,проклятый,Un <b>damné</b> de l'enfer.,<b>Проклятый</b> ада.,👿,m
un macaroni,макароны,Un plat de <b>macaronis</b>.,Тарелка <b>макарон</b>.,🍝,m
un music-hall,мюзик-холл,Un spectacle de <b>music-hall</b>.,Представление в <b>мюзик-холле</b>.,🎭,m
une clause,пункт,Une <b>clause</b> du contrat.,<b>Пункт</b> договора.,📄,f
comparaître,представать,<b>Comparaître</b> devant le juge.,<b>Предстать</b> перед судьёй.,⚖️,v
"perçant, perçante",пронзительный,Un cri <b>perçant</b>.,<b>Пронзительный</b> крик.,📢,adj
"partiel, partielle",частичный,Un résultat <b>partiel</b>.,<b>Частичный</b> результат.,📊,adj
respiratoire,дыхательный,Le système <b>respiratoire</b>.,<b>Дыхательная</b> система.,🫁,adj
un dentifrice,зубная паста,Un tube de <b>dentifrice</b>.,Тюбик <b>зубной пасты</b>.,🦷,m
un florin,флорин,Un <b>florin</b> hollandais.,Голландский <b>флорин</b>.,💰,m
"danois, danoise",датский,Un chien <b>danois</b>.,<b>Датский</b> дог.,🐕,adj
un flirt,флирт,Un léger <b>flirt</b>.,Лёгкий <b>флирт</b>.,💕,m
glousser,кудахтать,La poule <b>glousse</b>.,Курица <b>кудахчет</b>.,🐔,v
un pendu,повешенный,Le jeu du <b>pendu</b>.,Игра в <b>виселицу</b>.,🎮,m
rider,морщить,<b>Rider</b> la surface de l'eau.,<b>Рябить</b> поверхность воды.,💧,v
une mollesse,вялость,Avec <b>mollesse</b>.,С <b>вялостью</b>.,😴,f
une rondelle,шайба,Une <b>rondelle</b> de citron.,<b>Кружок</b> лимона.,🍋,f
une gaine,футляр,Une <b>gaine</b> de couteau.,<b>Ножны</b>.,🗡️,f
vraisemblable,правдоподобный,Une histoire <b>vraisemblable</b>.,<b>Правдоподобная</b> история.,🤔,adj
"courbé, courbée",согнутый,Un dos <b>courbé</b>.,<b>Согнутая</b> спина.,🙇,adj
une pétition,петиция,Signer une <b>pétition</b>.,Подписать <b>петицию</b>.,📝,f
un strip-tease,стриптиз,Un spectacle de <b>strip-tease</b>.,<b>Стриптиз</b>-шоу.,💃,m
"sinueux, sinueuse",извилистый,Une route <b>sinueuse</b>.,<b>Извилистая</b> дорога.,🛤️,adj
équivaloir,равняться,Cela <b>équivaut</b> à un refus.,Это <b>равносильно</b> отказу.,⚖️,v
"peureux, peureuse",трусливый,Un enfant <b>peureux</b>.,<b>Трусливый</b> ребёнок.,😰,adj
cabrer,вставать на дыбы,Le cheval se <b>cabre</b>.,Лошадь <b>встаёт на дыбы</b>.,🐴,v
colorier,раскрашивать,<b>Colorier</b> un dessin.,<b>Раскрашивать</b> рисунок.,🖍️,v
un loufiat,официант (устар.),Le <b>loufiat</b> du bistrot.,<b>Официант</b> бистро.,🍷,m
une écrevisse,рак,Pêcher des <b>écrevisses</b>.,Ловить <b>раков</b>.,🦞,f
champêtre,сельский,Un paysage <b>champêtre</b>.,<b>Сельский</b> пейзаж.,🌾,adj
"pavé, pavée",мощёный,Une rue <b>pavée</b>.,<b>Мощёная</b> улица.,🧱,adj
infirme,инвалид,Un <b>infirme</b> de guerre.,Военный <b>инвалид</b>.,♿,adj
un décalage,сдвиг,Un <b>décalage</b> horaire.,Часовой <b>сдвиг</b>.,🕐,m
une frousse,трусость,Avoir la <b>frousse</b>.,Испытывать <b>страх</b>.,😨,f
un collectionneur,коллекционер,Un <b>collectionneur</b> d'art.,<b>Коллекционер</b> искусства.,🖼️,m
un sérum,сыворотка,Un <b>sérum</b> sanguin.,Кровяная <b>сыворотка</b>.,💉,m
une harpe,арфа,Jouer de la <b>harpe</b>.,Играть на <b>арфе</b>.,🎵,f
une infamie,бесчестье,Quelle <b>infamie</b> !,Какое <b>бесчестье</b>!,😤,f
une inventrice,изобретательница,L'<b>inventrice</b> de ce procédé.,<b>Изобретательница</b> этого способа.,💡,f
jongler,жонглировать,<b>Jongler</b> avec des balles.,<b>Жонглировать</b> мячами.,🤹,v
un compère,кум,Un <b>compère</b> de toujours.,Давний <b>кум</b>.,🤝,m
"confirmé, confirmée",подтверждённый,Une information <b>confirmée</b>.,<b>Подтверждённая</b> информация.,✅,adj
un inventeur,изобретатель,Un <b>inventeur</b> génial.,Гениальный <b>изобретатель</b>.,💡,m
cannibale,каннибал,Une tribu de <b>cannibales</b>.,Племя <b>каннибалов</b>.,😱,m
dérouter,сбивать с толку,<b>Dérouter</b> l'ennemi.,<b>Сбить с толку</b> врага.,🤔,v
instituer,учреждать,<b>Instituer</b> une fête.,<b>Учредить</b> праздник.,📅,v
saturer,насыщать,<b>Saturer</b> le marché.,<b>Насытить</b> рынок.,📈,v
violoniste,скрипач,Un <b>violoniste</b> virtuose.,<b>Скрипач</b>-виртуоз.,🎻,m
un yuan,юань,Payer en <b>yuans</b>.,Платить <b>юанями</b>.,💴,m
une bastille,бастилия,La prise de la <b>Bastille</b>.,Взятие <b>Бастилии</b>.,🏰,f
"destructeur, destructrice",разрушительный,Une force <b>destructrice</b>.,<b>Разрушительная</b> сила.,💥,adj
une carafe,графин,Une <b>carafe</b> d'eau.,<b>Графин</b> воды.,🫗,f
une jubilation,ликование,Avec <b>jubilation</b>.,С <b>ликованием</b>.,🎉,f
une rotation,вращение,Une <b>rotation</b> complète.,Полное <b>вращение</b>.,🔄,f
un guérisseur,знахарь,Un <b>guérisseur</b> traditionnel.,Традиционный <b>знахарь</b>.,🧙,m
un malfrat,бандит,Un <b>malfrat</b> dangereux.,Опасный <b>бандит</b>.,😈,m
"angoissé, angoissée",встревоженный,Un regard <b>angoissé</b>.,<b>Встревоженный</b> взгляд.,😟,adj
dégoter,раздобыть,<b>Dégoter</b> un appartement.,<b>Раздобыть</b> квартиру.,🏠,v
un harcèlement,домогательство,Le <b>harcèlement</b> moral.,Моральное <b>домогательство</b>.,⚠️,m
un satyre,сатир,Un vieux <b>satyre</b>.,Старый <b>сатир</b>.,🧓,m
une illumination,озарение,Une soudaine <b>illumination</b>.,Внезапное <b>озарение</b>.,💡,f
un écriteau,табличка,Lire l'<b>écriteau</b>.,Прочитать <b>табличку</b>.,📋,m
"naissant, naissante",зарождающийся,Un amour <b>naissant</b>.,<b>Зарождающаяся</b> любовь.,💕,adj
"préoccupé, préoccupée",озабоченный,Un air <b>préoccupé</b>.,<b>Озабоченный</b> вид.,🤔,adj
"flamboyant, flamboyante",пылающий,Un coucher de soleil <b>flamboyant</b>.,<b>Пылающий</b> закат.,🌅,adj
héler,окликать,<b>Héler</b> un taxi.,<b>Окликнуть</b> такси.,🚕,v
"retroussé, retroussée",вздёрнутый,Un nez <b>retroussé</b>.,<b>Вздёрнутый</b> нос.,👃,adj
un chevalet,мольберт,Peindre sur un <b>chevalet</b>.,Писать на <b>мольберте</b>.,🎨,m
une faction,караул,Être de <b>faction</b>.,Быть в <b>карауле</b>.,💂,f
un bosquet,роща,Un petit <b>bosquet</b>.,Небольшая <b>роща</b>.,🌳,m
une acquisition,приобретение,Une nouvelle <b>acquisition</b>.,Новое <b>приобретение</b>.,🛒,f
un khan,хан,Le <b>khan</b> des Mongols.,<b>Хан</b> монголов.,👑,m
écosser,лущить,<b>Écosser</b> des petits pois.,<b>Лущить</b> горох.,🫛,v
"garni, garnie",гарнированный,Un plat <b>garni</b>.,<b>Гарнированное</b> блюдо.,🍽️,adj
un panorama,панорама,Un <b>panorama</b> magnifique.,Великолепная <b>панорама</b>.,🏞️,m
"angoissant, angoissante",тревожный,Une situation <b>angoissante</b>.,<b>Тревожная</b> ситуация.,😰,adj
un algérien,алжирец,Un <b>Algérien</b> de Paris.,<b>Алжирец</b> из Парижа.,🇩🇿,m
un gonze,тип (арго),Un drôle de <b>gonze</b>.,Странный <b>тип</b>.,🤷,m
un lierre,плющ,Du <b>lierre</b> sur le mur.,<b>Плющ</b> на стене.,🌿,m
un lys,лилия,Un <b>lys</b> blanc.,Белая <b>лилия</b>.,🌸,m
un tragique,трагик,Un grand <b>tragique</b>.,Великий <b>трагик</b>.,🎭,m
"aimant, aimante",любящий,Une mère <b>aimante</b>.,<b>Любящая</b> мать.,❤️,adj
"inédit, inédite",неизданный,Un roman <b>inédit</b>.,<b>Неизданный</b> роман.,📚,adj
"puni, punie",наказанный,Un enfant <b>puni</b>.,<b>Наказанный</b> ребёнок.,😔,adj
un chérif,шериф,Le <b>chérif</b> du comté.,<b>Шериф</b> округа.,⭐,m
un cidre,сидр,Un verre de <b>cidre</b>.,Стакан <b>сидра</b>.,🍎,m
une oseille,щавель,Une soupe à l'<b>oseille</b>.,Щавелевый <b>суп</b>.,🥣,f
une quinte,приступ,Une <b>quinte</b> de toux.,<b>Приступ</b> кашля.,🤧,f
irremplaçable,незаменимый,Un ami <b>irremplaçable</b>.,<b>Незаменимый</b> друг.,💎,adj
irréparable,непоправимый,Un dommage <b>irréparable</b>.,<b>Непоправимый</b> ущерб.,😔,adj
un aga,ага,L'<b>aga</b> ottoman.,Османский <b>ага</b>.,👳,m
un psaume,псалом,Chanter un <b>psaume</b>.,Петь <b>псалом</b>.,🎵,m
une enjambée,шаг,D'une grande <b>enjambée</b>.,Широким <b>шагом</b>.,🚶,f
une palette,палитра,La <b>palette</b> du peintre.,<b>Палитра</b> художника.,🎨,f
accoster,причаливать,<b>Accoster</b> au port.,<b>Причалить</b> к порту.,⚓,v
impensable,немыслимый,C'est <b>impensable</b> !,Это <b>немыслимо</b>!,😱,adj
force,много,<b>Force</b> détails.,<b>Много</b> деталей.,📚,adj
"rôti, rôtie",жареный,Un poulet <b>rôti</b>.,<b>Жареная</b> курица.,🍗,adj
un paravent,ширма,Se cacher derrière un <b>paravent</b>.,Прятаться за <b>ширмой</b>.,🪟,m
un épouvantail,пугало,Un <b>épouvantail</b> dans le champ.,<b>Пугало</b> на поле.,🎃,m
une exclusivité,эксклюзив,En <b>exclusivité</b>.,<b>Эксклюзивно</b>.,⭐,f
une ogive,боеголовка,Une <b>ogive</b> nucléaire.,Ядерная <b>боеголовка</b>.,☢️,f
un rétablissement,выздоровление,Un prompt <b>rétablissement</b>.,Скорейшего <b>выздоровления</b>.,💊,m
désintéresser,делать равнодушным,Se <b>désintéresser</b> de la politique.,<b>Потерять интерес</b> к политике.,🤷,v
"développé, développée",развитый,Un pays <b>développé</b>.,<b>Развитая</b> страна.,🌍,adj
indiscutable,бесспорный,Un fait <b>indiscutable</b>.,<b>Бесспорный</b> факт.,✅,adj
un tribord,правый борт,Tourner à <b>tribord</b>.,Повернуть на <b>правый борт</b>.,🚢,m
rehausser,повышать,<b>Rehausser</b> le prestige.,<b>Повысить</b> престиж.,📈,v
un charpentier,плотник,Le <b>charpentier</b> construit.,<b>Плотник</b> строит.,🪓,m
un demi-frère,сводный брат,Mon <b>demi-frère</b>.,Мой <b>сводный брат</b>.,👨‍👦,m
un nourrisson,грудничок,Un <b>nourrisson</b> de trois mois.,Трёхмесячный <b>грудничок</b>.,👶,m
une casbah,касба,La <b>casbah</b> d'Alger.,<b>Касба</b> Алжира.,🏛️,f
recoller,склеивать,<b>Recoller</b> les morceaux.,<b>Склеить</b> кусочки.,🔧,v
un gringo,гринго,Un <b>gringo</b> au Mexique.,<b>Гринго</b> в Мексике.,🤠,m
"chevelu, chevelue",волосатый,Un homme <b>chevelu</b>.,<b>Волосатый</b> мужчина.,💇,adj
"dédaigneux, dédaigneuse",презрительный,Un regard <b>dédaigneux</b>.,<b>Презрительный</b> взгляд.,😒,adj
détromper,разубеждать,<b>Détromper</b> quelqu'un.,<b>Разубедить</b> кого-то.,💡,v
rejouer,переиграть,<b>Rejouer</b> la scène.,<b>Переиграть</b> сцену.,🎬,v
"saccadé, saccadée",прерывистый,Un mouvement <b>saccadé</b>.,<b>Прерывистое</b> движение.,🤖,adj
un bourrelet,валик,Un <b>bourrelet</b> de graisse.,<b>Складка</b> жира.,🍩,m
un vrac,навалом,En <b>vrac</b>.,<b>Навалом</b>.,📦,m
pudique,стыдливый,Un geste <b>pudique</b>.,<b>Стыдливый</b> жест.,😊,adj
un décorateur,декоратор,Un <b>décorateur</b> d'intérieur.,Интерьерный <b>декоратор</b>.,🎨,m
une admission,допуск,L'<b>admission</b> à l'université.,<b>Допуск</b> в университет.,🎓,f
une perpétuité,пожизненное,Condamné à <b>perpétuité</b>.,Осуждённый <b>пожизненно</b>.,⛓️,f
un avant-poste,аванпост,Un <b>avant-poste</b> militaire.,Военный <b>аванпост</b>.,🏰,m
une encolure,вырез,Une large <b>encolure</b>.,Широкий <b>вырез</b>.,👗,f
un vicomte,виконт,Le <b>vicomte</b> de Valmont.,<b>Виконт</b> де Вальмон.,👑,m
une rhubarbe,ревень,Une tarte à la <b>rhubarbe</b>.,Пирог с <b>ревенем</b>.,🥧,f
"digital, digitale",цифровой,L'ère <b>digitale</b>.,<b>Цифровая</b> эпоха.,📱,adj
adepte,приверженец,Un <b>adepte</b> du yoga.,<b>Приверженец</b> йоги.,🧘,m
enfanter,рождать,<b>Enfanter</b> dans la douleur.,<b>Рождать</b> в муках.,👶,v
"juteux, juteuse",сочный,Une poire <b>juteuse</b>.,<b>Сочная</b> груша.,🍐,adj
un sanatorium,санаторий,Se soigner au <b>sanatorium</b>.,Лечиться в <b>санатории</b>.,🏥,m
un soufflet,мех,Le <b>soufflet</b> de la forge.,<b>Мехи</b> кузницы.,🔥,m
une housse,чехол,Une <b>housse</b> de couette.,<b>Чехол</b> на одеяло.,🛏️,f
un lutz,лутц,Un <b>lutz</b> triple.,Тройной <b>лутц</b>.,⛸️,m
"diffus, diffuse",рассеянный,Une lumière <b>diffuse</b>.,<b>Рассеянный</b> свет.,💡,adj
prétexter,ссылаться на,<b>Prétexter</b> une maladie.,<b>Сослаться</b> на болезнь.,🤒,v
"tranché, tranchée",контрастный,Des couleurs <b>tranchées</b>.,<b>Контрастные</b> цвета.,🎨,adj
un escabeau,стремянка,Monter sur l'<b>escabeau</b>.,Взобраться на <b>стремянку</b>.,🪜,m
un leurre,приманка,Un <b>leurre</b> pour poissons.,<b>Приманка</b> для рыбы.,🎣,m
un neveux,племянники (мн.),Mes <b>neveux</b> sont venus.,Мои <b>племянники</b> пришли.,👦👦,m
agglutiner,слипаться,Les gens s'<b>agglutinent</b>.,Люди <b>слипаются</b> в толпу.,👥,v
"réputé, réputée",известный,Un restaurant <b>réputé</b>.,<b>Известный</b> ресторан.,⭐,adj
un crin,конский волос,Un matelas en <b>crin</b>.,Матрас из <b>конского волоса</b>.,🐴,m
une louche,черпак,Une <b>louche</b> à soupe.,Суповой <b>черпак</b>.,🥄,f
une croisée,оконная рама,Ouvrir la <b>croisée</b>.,Открыть <b>окно</b>.,🪟,f
"ébloui, éblouie",ослеплённый,<b>Ébloui</b> par le soleil.,<b>Ослеплённый</b> солнцем.,☀️,adj
un prétendant,претендент,Un <b>prétendant</b> au trône.,<b>Претендент</b> на трон.,👑,m
"appliqué, appliquée",прилежный,Un élève <b>appliqué</b>.,<b>Прилежный</b> ученик.,📚,adj
une clarinette,кларнет,Jouer de la <b>clarinette</b>.,Играть на <b>кларнете</b>.,🎵,f
une fougue,пыл,Avec <b>fougue</b>.,С <b>пылом</b>.,🔥,f
glander,бездельничать,<b>Glander</b> toute la journée.,<b>Бездельничать</b> весь день.,😴,v
un jardinet,садик,Un petit <b>jardinet</b>.,Маленький <b>садик</b>.,🌷,m
un layon,просека,Un <b>layon</b> forestier.,Лесная <b>просека</b>.,🌲,m
une diarrhée,диарея,Souffrir de <b>diarrhée</b>.,Страдать от <b>диареи</b>.,🤢,f
une exactitude,точность,Avec <b>exactitude</b>.,С <b>точностью</b>.,✅,f
une panoplie,набор,Une <b>panoplie</b> d'outils.,<b>Набор</b> инструментов.,🧰,f
sanguinaire,кровожадный,Un tyran <b>sanguinaire</b>.,<b>Кровожадный</b> тиран.,🩸,adj
obstruer,закупоривать,<b>Obstruer</b> un passage.,<b>Закупорить</b> проход.,🚧,v
un heurt,столкновение,Un léger <b>heurt</b>.,Лёгкое <b>столкновение</b>.,💥,m
une mémère,бабуля (разг.),Une vieille <b>mémère</b>.,Старенькая <b>бабуля</b>.,👵,f
desservir,обслуживать,<b>Desservir</b> une ville.,<b>Обслуживать</b> город.,🚃,v
un potin,сплетня,Raconter des <b>potins</b>.,Рассказывать <b>сплетни</b>.,🗣️,m
une bruyère,вереск,Un champ de <b>bruyère</b>.,Поле <b>вереска</b>.,🌸,f
un pastis,пастис,Boire un <b>pastis</b>.,Пить <b>пастис</b>.,🍸,m
triangulaire,треугольный,Une forme <b>triangulaire</b>.,<b>Треугольная</b> форма.,📐,adj
un buffle,буйвол,Un <b>buffle</b> d'eau.,Водяной <b>буйвол</b>.,🦬,m
jubiler,ликовать,<b>Jubiler</b> de joie.,<b>Ликовать</b> от радости.,🎉,v
"restant, restante",оставшийся,Le temps <b>restant</b>.,<b>Оставшееся</b> время.,⏳,adj
un piston,поршень,Le <b>piston</b> du moteur.,<b>Поршень</b> двигателя.,🔧,m
beugler,мычать,La vache <b>beugle</b>.,Корова <b>мычит</b>.,🐄,v
néfaste,пагубный,Une influence <b>néfaste</b>.,<b>Пагубное</b> влияние.,⚠️,adj
un caca,какашка,Faire <b>caca</b>.,Сделать <b>какашку</b>.,💩,m
une prouesse,подвиг,Une <b>prouesse</b> technique.,Технический <b>подвиг</b>.,🏆,f
"indigné, indignée",возмущённый,Un air <b>indigné</b>.,<b>Возмущённый</b> вид.,😤,adj
un fossoyeur,могильщик,Le <b>fossoyeur</b> du cimetière.,<b>Могильщик</b> на кладбище.,⚰️,m
un sauna,сауна,Aller au <b>sauna</b>.,Ходить в <b>сауну</b>.,🧖,m
une privation,лишение,Des <b>privations</b> de guerre.,Военные <b>лишения</b>.,😔,f
une tulipe,тюльпан,Un bouquet de <b>tulipes</b>.,Букет <b>тюльпанов</b>.,🌷,f
un canari,канарейка,Un <b>canari</b> jaune.,Жёлтая <b>канарейка</b>.,🐦,m
un chouchou,любимчик,Le <b>chouchou</b> de la prof.,<b>Любимчик</b> учительницы.,⭐,m
un gui,омела,Du <b>gui</b> de Noël.,Рождественская <b>омела</b>.,🎄,m
une crique,бухта,Une petite <b>crique</b>.,Маленькая <b>бухта</b>.,🏖️,f
une fossoyeuse,могильщица,La <b>fossoyeuse</b> creuse.,<b>Могильщица</b> копает.,⚰️,f
présentable,презентабельный,Être <b>présentable</b>.,Быть <b>презентабельным</b>.,👔,adj
valide,годный,Un billet <b>valide</b>.,<b>Годный</b> билет.,✅,adj
un empressement,рвение,Avec <b>empressement</b>.,С <b>рвением</b>.,🏃,m
malmener,грубо обращаться,<b>Malmener</b> quelqu'un.,<b>Грубо обращаться</b> с кем-то.,😤,v
nomade,кочевник,Un peuple <b>nomade</b>.,<b>Кочевой</b> народ.,🏕️,m
un accélérateur,акселератор,Appuyer sur l'<b>accélérateur</b>.,Нажать на <b>газ</b>.,🚗,m
une sape,подкоп,La <b>sape</b> des fondations.,<b>Подкоп</b> под фундамент.,⛏️,f
un taulier,хозяин (арго),Le <b>taulier</b> de l'hôtel.,<b>Хозяин</b> отеля.,🏨,m
une initiation,посвящение,Un rite d'<b>initiation</b>.,Обряд <b>посвящения</b>.,🎓,f
rapatrier,репатриировать,<b>Rapatrier</b> les réfugiés.,<b>Репатриировать</b> беженцев.,✈️,v
sanitaire,санитарный,Des conditions <b>sanitaires</b>.,<b>Санитарные</b> условия.,🏥,adj
"épanoui, épanouie",расцветший,Un visage <b>épanoui</b>.,<b>Расцветшее</b> лицо.,😊,adj
un orifice,отверстие,L'<b>orifice</b> d'un tube.,<b>Отверстие</b> трубки.,⭕,m
un sous-lieutenant,младший лейтенант,Un <b>sous-lieutenant</b> de l'armée.,<b>Младший лейтенант</b> армии.,🎖️,m
"défendu, défendue",запрещённый,Un fruit <b>défendu</b>.,<b>Запретный</b> плод.,🍎,adj
un électricien,электрик,Appeler l'<b>électricien</b>.,Позвать <b>электрика</b>.,🔌,m
une célébration,празднование,Une <b>célébration</b> nationale.,Национальное <b>празднование</b>.,🎉,f
une lamentation,причитание,Des <b>lamentations</b> funèbres.,Траурные <b>причитания</b>.,😢,f
une sous-lieutenante,младший лейтенант (ж.),La <b>sous-lieutenante</b> commande.,<b>Младший лейтенант</b> командует.,🎖️,f
une télécommande,пульт,La <b>télécommande</b> de la télé.,<b>Пульт</b> телевизора.,📺,f
"paralysé, paralysée",парализованный,Un homme <b>paralysé</b>.,<b>Парализованный</b> человек.,♿,adj
un boyard,боярин,Un <b>boyard</b> russe.,Русский <b>боярин</b>.,👑,m
une gondole,гондола,Une <b>gondole</b> à Venise.,<b>Гондола</b> в Венеции.,🛶,f
parano,параноидальный,Il est un peu <b>parano</b>.,Он немного <b>параноик</b>.,🧠,adj
cellulaire,клеточный,Le niveau <b>cellulaire</b>.,<b>Клеточный</b> уровень.,🔬,adj
"fauché, fauchée",на мели,Je suis <b>fauché</b>.,Я <b>на мели</b>.,💸,adj
"radin, radine",скупой,Il est <b>radin</b>.,Он <b>скупой</b>.,💰,adj
un irlandais,ирландец,Un <b>Irlandais</b> de Dublin.,<b>Ирландец</b> из Дублина.,🍀,m
une arrière-boutique,подсобка,Dans l'<b>arrière-boutique</b>.,В <b>подсобке</b>.,🏪,f
une entaille,зарубка,Une <b>entaille</b> dans le bois.,<b>Зарубка</b> на дереве.,🪓,f
un tracé,маршрут,Le <b>tracé</b> de la route.,<b>Маршрут</b> дороги.,🗺️,m
une rengaine,припев,Toujours la même <b>rengaine</b>.,Всё та же <b>песня</b>.,🎵,f
"éloquent, éloquente",красноречивый,Un orateur <b>éloquent</b>.,<b>Красноречивый</b> оратор.,🗣️,adj
"intensif, intensive",интенсивный,Un cours <b>intensif</b>.,<b>Интенсивный</b> курс.,📚,adj
un filleul,крестник,C'est mon <b>filleul</b>.,Это мой <b>крестник</b>.,👶,m
une résine,смола,De la <b>résine</b> d'arbre.,Древесная <b>смола</b>.,🌲,f
réputer,считать,<b>Réputer</b> quelqu'un coupable.,<b>Считать</b> кого-то виновным.,⚖️,v
brusquer,торопить,Ne me <b>brusquez</b> pas !,Не <b>торопите</b> меня!,⏰,v
décerner,присуждать,<b>Décerner</b> un prix.,<b>Присудить</b> премию.,🏆,v
un aumônier,капеллан,L'<b>aumônier</b> de l'hôpital.,<b>Капеллан</b> больницы.,⛪,m
un organisateur,организатор,L'<b>organisateur</b> de l'événement.,<b>Организатор</b> мероприятия.,📋,m
une géométrie,геометрия,Étudier la <b>géométrie</b>.,Изучать <b>геометрию</b>.,📐,f
une anse,ручка (кувшина),L'<b>anse</b> du panier.,<b>Ручка</b> корзины.,🧺,f
"progressif, progressive",прогрессивный,Un impôt <b>progressif</b>.,<b>Прогрессивный</b> налог.,📈,adj
un coéquipier,товарищ по команде,Mon <b>coéquipier</b> au foot.,Мой <b>товарищ по команде</b>.,⚽,m
un semestre,семестр,Le premier <b>semestre</b>.,Первый <b>семестр</b>.,📚,m
une conversion,обращение,Une <b>conversion</b> religieuse.,Религиозное <b>обращение</b>.,🙏,f
patrouiller,патрулировать,<b>Patrouiller</b> dans les rues.,<b>Патрулировать</b> улицы.,🚔,v
un résidu,остаток,Un <b>résidu</b> chimique.,Химический <b>остаток</b>.,🧪,m
une rime,рифма,Une <b>rime</b> pauvre.,Бедная <b>рифма</b>.,📝,f
"ballant, ballante",болтающийся,Les bras <b>ballants</b>.,<b>Болтающиеся</b> руки.,🙋,adj
"grandissant, grandissante",растущий,Une inquiétude <b>grandissante</b>.,<b>Растущая</b> тревога.,📈,adj
une convoitise,алчность,Avec <b>convoitise</b>.,С <b>алчностью</b>.,👀,f
"venimeux, venimeuse",ядовитый,Un serpent <b>venimeux</b>.,<b>Ядовитая</b> змея.,🐍,adj
couillon,дурачок (груб.),Quel <b>couillon</b> !,Какой <b>дурачок</b>!,🤦,adj
un casse-croûte,перекус,Prendre un <b>casse-croûte</b>.,Сделать <b>перекус</b>.,🥪,m
un vomi,рвота,Nettoyer le <b>vomi</b>.,Убрать <b>рвоту</b>.,🤢,m
"vendu, vendue",продажный,Un homme <b>vendu</b>.,<b>Продажный</b> человек.,💰,adj
"prématuré, prématurée",преждевременный,Une mort <b>prématurée</b>.,<b>Преждевременная</b> смерть.,⏳,adj
une contenance,вместимость,La <b>contenance</b> du verre.,<b>Вместимость</b> стакана.,🥃,f
une philo,философия (разг.),Avoir cours de <b>philo</b>.,Иметь урок <b>философии</b>.,🤔,f
"rompu, rompue",измождённый,<b>Rompu</b> de fatigue.,<b>Измождённый</b> усталостью.,😫,adj
"tombal, tombale",надгробный,Une pierre <b>tombale</b>.,<b>Надгробная</b> плита.,⚰️,adj
un corniaud,дворняга,Un <b>corniaud</b> adorable.,Милая <b>дворняга</b>.,🐕,m
un désespéré,отчаявшийся,Un acte de <b>désespéré</b>.,Поступок <b>отчаявшегося</b>.,😔,m
un grillon,сверчок,Le chant du <b>grillon</b>.,Пение <b>сверчка</b>.,🦗,m
un émissaire,эмиссар,Un <b>émissaire</b> du roi.,<b>Эмиссар</b> короля.,👤,m
une amnésie,амнезия,Souffrir d'<b>amnésie</b>.,Страдать от <b>амнезии</b>.,🧠,f
ballotter,болтать,Le bateau <b>ballotte</b>.,Лодку <b>болтает</b>.,🚢,v
crédible,правдоподобный,Une histoire <b>crédible</b>.,<b>Правдоподобная</b> история.,✅,adj
une psychanalyse,психоанализ,Faire une <b>psychanalyse</b>.,Проходить <b>психоанализ</b>.,🛋️,f
"surhumain, surhumaine",сверхчеловеческий,Un effort <b>surhumain</b>.,<b>Сверхчеловеческое</b> усилие.,💪,adj
une galoche,калоша,Des <b>galoches</b> de pluie.,Дождевые <b>калоши</b>.,👢,f
mordiller,покусывать,<b>Mordiller</b> un crayon.,<b>Покусывать</b> карандаш.,✏️,v
un brésilien,бразилец,Un <b>Brésilien</b> de Rio.,<b>Бразилец</b> из Рио.,🇧🇷,m
un germe,зародыш,Un <b>germe</b> de blé.,<b>Зародыш</b> пшеницы.,🌱,m
une revendication,требование,Une <b>revendication</b> salariale.,<b>Требование</b> о зарплате.,📢,f
"médiéval, médiévale",средневековый,Un château <b>médiéval</b>.,<b>Средневековый</b> замок.,🏰,adj
un sniper,снайпер,Un <b>sniper</b> en position.,<b>Снайпер</b> на позиции.,🎯,m
théorique,теоретический,Un cours <b>théorique</b>.,<b>Теоретический</b> курс.,📚,adj
une cuirasse,кираса,Une <b>cuirasse</b> de chevalier.,Рыцарская <b>кираса</b>.,🛡️,f
une incarnation,воплощение,L'<b>incarnation</b> du mal.,<b>Воплощение</b> зла.,😈,f
"narquois, narquoise",насмешливый,Un sourire <b>narquois</b>.,<b>Насмешливая</b> улыбка.,😏,adj
un acacia,акация,Un <b>acacia</b> en fleurs.,Цветущая <b>акация</b>.,🌳,m
un spot,прожектор,Un <b>spot</b> lumineux.,Световой <b>прожектор</b>.,💡,m
négligeable,пренебрежимый,Un détail <b>négligeable</b>.,<b>Пренебрежимая</b> деталь.,🤷,adj
une particularité,особенность,Une <b>particularité</b> locale.,Местная <b>особенность</b>.,📍,f
"déchaîné, déchaînée",разбушевавшийся,Une mer <b>déchaînée</b>.,<b>Разбушевавшееся</b> море.,🌊,adj
"fripé, fripée",помятый,Une chemise <b>fripée</b>.,<b>Помятая</b> рубашка.,👔,adj
un excrément,экскременты,Des <b>excréments</b> d'animaux.,<b>Экскременты</b> животных.,💩,m
un justicier,мститель,Un <b>justicier</b> masqué.,Замаскированный <b>мститель</b>.,🦸,m
une amélioration,улучшение,Une <b>amélioration</b> notable.,Заметное <b>улучшение</b>.,📈,f
une fouine,куница,Une <b>fouine</b> dans le grenier.,<b>Куница</b> на чердаке.,🐾,f
une volute,завиток,Des <b>volutes</b> de fumée.,<b>Завитки</b> дыма.,💨,f
espacer,разделять промежутками,<b>Espacer</b> les visites.,<b>Разделять</b> визиты.,📅,v
glaner,собирать,<b>Glaner</b> des informations.,<b>Собирать</b> информацию.,📝,v
hygiénique,гигиенический,Du papier <b>hygiénique</b>.,<b>Туалетная</b> бумага.,🧻,adj
un acajou,красное дерево,Un meuble en <b>acajou</b>.,Мебель из <b>красного дерева</b>.,🪵,m
un gosier,глотка,Avoir le <b>gosier</b> sec.,Пересохшая <b>глотка</b>.,🗣️,m
une omoplate,лопатка,Une douleur à l'<b>omoplate</b>.,Боль в <b>лопатке</b>.,🦴,f
épauler,поддержать,<b>Épauler</b> un ami.,<b>Поддержать</b> друга.,🤝,v
épeler,произносить по буквам,<b>Épeler</b> son nom.,<b>Произнести по буквам</b> имя.,🔤,v
dégénérer,деградировать,La situation <b>dégénère</b>.,Ситуация <b>деградирует</b>.,📉,v
un rictus,оскал,Un <b>rictus</b> de douleur.,<b>Оскал</b> боли.,😬,m
une pouffiasse,шлюха (груб.),Une vraie <b>pouffiasse</b>.,Настоящая <b>шлюха</b>.,😤,f
une revenante,призрачница,La <b>revenante</b> apparaît.,<b>Призрачница</b> появляется.,👻,f
"averti, avertie",осведомлённый,Un public <b>averti</b>.,<b>Осведомлённая</b> публика.,📚,adj
baroque,барочный,Un style <b>baroque</b>.,<b>Барочный</b> стиль.,🏛️,adj
dixième,десятый,Le <b>dixième</b> étage.,<b>Десятый</b> этаж.,🔟,m
un revenant,призрак,Un <b>revenant</b> dans le château.,<b>Призрак</b> в замке.,👻,m
une introduction,введение,L'<b>introduction</b> d'un livre.,<b>Введение</b> книги.,📖,f
une photocopie,ксерокопия,Faire une <b>photocopie</b>.,Сделать <b>ксерокопию</b>.,📄,f
"troué, trouée",дырявый,Des chaussettes <b>trouées</b>.,<b>Дырявые</b> носки.,🧦,adj
un accomplissement,свершение,Un grand <b>accomplissement</b>.,Большое <b>свершение</b>.,🏆,m
un cordonnier,сапожник,Le <b>cordonnier</b> répare.,<b>Сапожник</b> чинит.,👞,m
un interrupteur,выключатель,Appuyer sur l'<b>interrupteur</b>.,Нажать на <b>выключатель</b>.,💡,m
une entité,сущность,Une <b>entité</b> juridique.,Юридическая <b>сущность</b>.,📋,f
débiner,хаять,<b>Débiner</b> quelqu'un.,<b>Хаять</b> кого-то.,🗣️,v
une pie,сорока,Une <b>pie</b> bavarde.,Болтливая <b>сорока</b>.,🐦,f
agréer,одобрять,<b>Agréer</b> une demande.,<b>Одобрить</b> заявку.,✅,v
congédier,увольнять,<b>Congédier</b> un employé.,<b>Уволить</b> работника.,👋,v
diplômer,выдавать диплом,<b>Diplômer</b> des étudiants.,<b>Вручить диплом</b> студентам.,🎓,v
une phalange,фаланга,Les <b>phalanges</b> des doigts.,<b>Фаланги</b> пальцев.,✋,f
une tuberculose,туберкулёз,Souffrir de <b>tuberculose</b>.,Болеть <b>туберкулёзом</b>.,🏥,f
une trempe,закалка,Une <b>trempe</b> d'acier.,<b>Закалка</b> стали.,🔥,f
caractéristique,характерный,Un trait <b>caractéristique</b>.,<b>Характерная</b> черта.,📌,adj
rajuster,поправлять,<b>Rajuster</b> sa cravate.,<b>Поправить</b> галстук.,👔,v
détaler,удирать,Le lapin <b>détale</b>.,Кролик <b>удирает</b>.,🐇,v
borgne,одноглазый,Un homme <b>borgne</b>.,<b>Одноглазый</b> человек.,👁️,adj
certifier,удостоверять,<b>Certifier</b> un document.,<b>Удостоверить</b> документ.,📜,v
"dormant, dormante",спящий,L'eau <b>dormante</b>.,<b>Стоячая</b> вода.,💧,adj
imperturbable,невозмутимый,Rester <b>imperturbable</b>.,Оставаться <b>невозмутимым</b>.,😐,adj
myope,близорукий,Être <b>myope</b>.,Быть <b>близоруким</b>.,👓,adj
orge,ячмень,Un champ d'<b>orge</b>.,Ячменное поле.,🌾,m
un tic-tac,тиканье,Le <b>tic-tac</b> de l'horloge.,<b>Тиканье</b> часов.,⏰,m
un bambin,малыш,Un adorable <b>bambin</b>.,Милый <b>малыш</b>.,👶,m
un chandelier,подсвечник,Un <b>chandelier</b> en argent.,Серебряный <b>подсвечник</b>.,🕯️,m
un rosier,розовый куст,Un <b>rosier</b> en fleurs.,Цветущий <b>розовый куст</b>.,🌹,m
courtiser,ухаживать,<b>Courtiser</b> une femme.,<b>Ухаживать</b> за женщиной.,💕,v
un brouillon,черновик,Écrire un <b>brouillon</b>.,Писать <b>черновик</b>.,📝,m
une pénétration,проникновение,Une <b>pénétration</b> du marché.,<b>Проникновение</b> на рынок.,📈,f
une benne,контейнер,Une <b>benne</b> à ordures.,Мусорный <b>контейнер</b>.,🗑️,f
une luxure,похоть,Le péché de <b>luxure</b>.,Грех <b>похоти</b>.,😈,f
une remonte,подъём,La <b>remonte</b> mécanique.,Подъёмник.,🎿,f
"enfoui, enfouie",закопанный,Un trésor <b>enfoui</b>.,<b>Закопанный</b> клад.,💎,adj
"terreux, terreuse",землистый,Un teint <b>terreux</b>.,<b>Землистый</b> цвет лица.,😷,adj
un affolement,переполох,Un <b>affolement</b> général.,Общий <b>переполох</b>.,😱,m
une tirailleuse,стрелок (ж.),La <b>tirailleuse</b> vise.,<b>Стрелок</b> целится.,🎯,f
un pelage,мех,Le <b>pelage</b> du chat.,<b>Мех</b> кота.,🐱,m
un tirailleur,стрелок,Un <b>tirailleur</b> sénégalais.,Сенегальский <b>стрелок</b>.,🎖️,m
une extension,расширение,Une <b>extension</b> de fichier.,<b>Расширение</b> файла.,📁,f
un beaux-arts,изобразительные искусства,L'école des <b>Beaux-Arts</b>.,Школа <b>изящных искусств</b>.,🎨,m
un clébard,пёс (разг.),Un vieux <b>clébard</b>.,Старый <b>пёс</b>.,🐕,m
un speed,скорость (сленг),Être en plein <b>speed</b>.,Быть на <b>скорости</b>.,⚡,m
occulte,оккультный,Des sciences <b>occultes</b>.,<b>Оккультные</b> науки.,🔮,adj
un gradin,ступенька трибуны,Assis sur les <b>gradins</b>.,Сидя на <b>ступеньках</b>.,🏟️,m
un sud-ouest,юго-запад,Le vent du <b>sud-ouest</b>.,<b>Юго-западный</b> ветер.,🧭,m
un acompte,задаток,Verser un <b>acompte</b>.,Внести <b>задаток</b>.,💰,m
un balancement,покачивание,Le <b>balancement</b> du bateau.,<b>Покачивание</b> лодки.,🚢,m
un bobard,небылица,Raconter des <b>bobards</b>.,Рассказывать <b>небылицы</b>.,🤥,m
un cake,кекс,Un <b>cake</b> aux fruits.,Фруктовый <b>кекс</b>.,🍰,m
une subtilité,тонкость,Les <b>subtilités</b> de la langue.,<b>Тонкости</b> языка.,🎯,f
effilocher,распускать,<b>Effilocher</b> un tissu.,<b>Распускать</b> ткань.,🧵,v
gracier,помиловать,<b>Gracier</b> un condamné.,<b>Помиловать</b> осуждённого.,⚖️,v
hebdomadaire,еженедельный,Un magazine <b>hebdomadaire</b>.,<b>Еженедельный</b> журнал.,📰,adj
une chancelière,канцлер (ж.),La <b>chancelière</b> allemande.,Немецкий <b>канцлер</b>.,🇩🇪,f
une décadence,упадок,La <b>décadence</b> d'un empire.,<b>Упадок</b> империи.,📉,f
un chancelier,канцлер,Le <b>chancelier</b> autrichien.,Австрийский <b>канцлер</b>.,🏛️,m
un trouillard,трус,Quel <b>trouillard</b> !,Какой <b>трус</b>!,😰,m
"régional, régionale",региональный,Une cuisine <b>régionale</b>.,<b>Региональная</b> кухня.,🍽️,adj
un papet,дедуля,Le vieux <b>papet</b>.,Старый <b>дедуля</b>.,👴,m
un condé,полицейский (арго),Attention aux <b>condés</b>.,"Осторожно, <b>полиция</b>.",👮,m
"fourbu, fourbue",измотанный,Je suis <b>fourbu</b>.,Я <b>измотан</b>.,😩,adj
un corbillard,катафалк,Le <b>corbillard</b> passe.,<b>Катафалк</b> проезжает.,⚰️,m
sadique,садист,Un <b>sadique</b> notoire.,Известный <b>садист</b>.,😈,m
un druide,друид,Un <b>druide</b> celtique.,Кельтский <b>друид</b>.,🌳,m
un prévenu,подсудимый,Le <b>prévenu</b> est innocent.,<b>Подсудимый</b> невиновен.,⚖️,m
une charrue,плуг,Tirer la <b>charrue</b>.,Тащить <b>плуг</b>.,🚜,f
une injonction,предписание,Une <b>injonction</b> du tribunal.,<b>Предписание</b> суда.,📜,f
conjuguer,спрягать,<b>Conjuguer</b> un verbe.,<b>Спрягать</b> глагол.,📚,v
une verge,прут,Une <b>verge</b> de bois.,Деревянный <b>прут</b>.,🪵,f
lyrique,лирический,Un poème <b>lyrique</b>.,<b>Лирическое</b> стихотворение.,📝,adj
un effluve,запах,Les <b>effluves</b> du jardin.,<b>Ароматы</b> сада.,🌸,m
"assorti, assortie",подобранный,Des couleurs <b>assorties</b>.,<b>Подобранные</b> цвета.,🎨,adj
bâillonner,затыкать рот,<b>Bâillonner</b> la presse.,<b>Затыкать рот</b> прессе.,🤐,v
chamailler,ссориться,Se <b>chamailler</b> sans cesse.,<b>Ссориться</b> без конца.,😤,v
un cagibi,чуланчик,Ranger dans le <b>cagibi</b>.,Убрать в <b>чуланчик</b>.,🚪,m
un lépreux,прокажённый,Un <b>lépreux</b> au Moyen Âge.,<b>Прокажённый</b> в Средневековье.,😷,m
"obsédant, obsédante",навязчивый,Une idée <b>obsédante</b>.,<b>Навязчивая</b> идея.,🧠,adj
"déployé, déployée",развёрнутый,Des ailes <b>déployées</b>.,<b>Развёрнутые</b> крылья.,🦅,adj
téméraire,безрассудный,Un acte <b>téméraire</b>.,<b>Безрассудный</b> поступок.,⚡,adj
un croque-mort,гробовщик,Le <b>croque-mort</b> arrive.,<b>Гробовщик</b> приехал.,⚰️,m
un demeuré,придурок,Quel <b>demeuré</b> !,Какой <b>придурок</b>!,🤦,m
un dû,должное,Recevoir son <b>dû</b>.,Получить <b>должное</b>.,💰,m
une béatitude,блаженство,Un état de <b>béatitude</b>.,Состояние <b>блаженства</b>.,😇,f
une charcuterie,колбасный магазин,Acheter à la <b>charcuterie</b>.,Купить в <b>колбасном</b>.,🥓,f
"hongrois, hongroise",венгерский,La cuisine <b>hongroise</b>.,<b>Венгерская</b> кухня.,🇭🇺,adj
une toupie,волчок,Faire tourner une <b>toupie</b>.,Крутить <b>волчок</b>.,🔄,f
"comédien, comédienne",комедийный,Un talent <b>comédien</b>.,<b>Комедийный</b> талант.,🎭,adj
hétéro,натурал,Il est <b>hétéro</b>.,Он <b>натурал</b>.,👫,adj
mercenaire,наёмник,Un <b>mercenaire</b> de guerre.,Военный <b>наёмник</b>.,⚔️,m
un tracas,хлопоты,Les <b>tracas</b> quotidiens.,Повседневные <b>хлопоты</b>.,😫,m
une natation,плавание,Un cours de <b>natation</b>.,Урок <b>плавания</b>.,🏊,f
une psychiatrie,психиатрия,Un service de <b>psychiatrie</b>.,Отделение <b>психиатрии</b>.,🏥,f
dévisser,откручивать,<b>Dévisser</b> un bouchon.,<b>Открутить</b> крышку.,🔧,v
un doc,документ (разг.),Passe-moi le <b>doc</b>.,Передай <b>документ</b>.,📄,m
démocrate,демократ,Un <b>démocrate</b> convaincu.,Убеждённый <b>демократ</b>.,🏛️,m
une crevasse,трещина,Une <b>crevasse</b> dans le glacier.,<b>Трещина</b> в леднике.,🏔️,f
faste,пышный,Un jour <b>faste</b>.,<b>Пышный</b> день.,✨,m
une friture,жарка,De la <b>friture</b> de poisson.,<b>Жареная</b> рыба.,🐟,f
musculaire,мышечный,Une douleur <b>musculaire</b>.,<b>Мышечная</b> боль.,💪,adj
un contre-jour,контражур,Photo en <b>contre-jour</b>.,Фото в <b>контражуре</b>.,📷,m
un internat,интернат,Vivre en <b>internat</b>.,Жить в <b>интернате</b>.,🏫,m
un phono,проигрыватель,Un vieux <b>phono</b>.,Старый <b>проигрыватель</b>.,📻,m
un rétroviseur,зеркало заднего вида,Regarder dans le <b>rétroviseur</b>.,Смотреть в <b>зеркало заднего вида</b>.,🚗,m
une bavure,промашка,Une <b>bavure</b> policière.,Полицейская <b>промашка</b>.,⚠️,f
champagne,шампанский,Du vin de <b>Champagne</b>.,<b>Шампанское</b> вино.,🍾,adj
subjuguer,покорять,<b>Subjuguer</b> le public.,<b>Покорить</b> публику.,✨,v
un cactus,кактус,Un <b>cactus</b> en pot.,<b>Кактус</b> в горшке.,🌵,m
un carbone,углерод,L'empreinte <b>carbone</b>.,Углеродный <b>след</b>.,🌍,m
une effigie,изображение,Une <b>effigie</b> du roi.,<b>Изображение</b> короля.,👑,f
un prédécesseur,предшественник,Mon <b>prédécesseur</b> au poste.,Мой <b>предшественник</b> на посту.,👤,m
une sonorité,звучание,La <b>sonorité</b> de la guitare.,<b>Звучание</b> гитары.,🎸,f
"ensanglanté, ensanglantée",окровавленный,Un visage <b>ensanglanté</b>.,<b>Окровавленное</b> лицо.,🩸,adj
une raquette,ракетка,Une <b>raquette</b> de tennis.,Теннисная <b>ракетка</b>.,🎾,f
une verrière,стеклянная крыша,Une grande <b>verrière</b>.,Большая <b>стеклянная крыша</b>.,🏛️,f
couchant,заходящий,Le soleil <b>couchant</b>.,<b>Заходящее</b> солнце.,🌅,adj
un récipient,сосуд,Un <b>récipient</b> en verre.,Стеклянный <b>сосуд</b>.,🫙,m
vigile,охранник,Le <b>vigile</b> de nuit.,Ночной <b>охранник</b>.,💂,m
une cuite,опьянение,Prendre une <b>cuite</b>.,Напиться.,🍺,f
un contentement,удовлетворение,Un <b>contentement</b> profond.,Глубокое <b>удовлетворение</b>.,😊,m
une prédécesseure,предшественница,Ma <b>prédécesseure</b>.,Моя <b>предшественница</b>.,👩,f
un transistor,транзистор,Un poste <b>transistor</b>.,<b>Транзисторный</b> приёмник.,📻,m
un parvis,паперть,Le <b>parvis</b> de l'église.,<b>Паперть</b> церкви.,⛪,m
une pommade,мазь,Appliquer une <b>pommade</b>.,Нанести <b>мазь</b>.,💊,f
geindre,ныть,<b>Geindre</b> sans cesse.,<b>Ныть</b> без конца.,😢,v
"incohérent, incohérente",бессвязный,Un discours <b>incohérent</b>.,<b>Бессвязная</b> речь.,🤔,adj
un bikini,бикини,Porter un <b>bikini</b>.,Носить <b>бикини</b>.,👙,m
un décolleté,декольте,Un <b>décolleté</b> plongeant.,Глубокое <b>декольте</b>.,👗,m
un projectile,снаряд,Un <b>projectile</b> a été tiré.,<b>Снаряд</b> был выпущен.,💣,m
une félicité,счастье,Une <b>félicité</b> parfaite.,Полное <b>счастье</b>.,😇,f
une saillie,выступ,Une <b>saillie</b> rocheuse.,Скальный <b>выступ</b>.,🏔️,f
voltiger,порхать,Les papillons <b>voltigent</b>.,Бабочки <b>порхают</b>.,🦋,v
baume,бальзам,Un <b>baume</b> pour les lèvres.,<b>Бальзам</b> для губ.,💋,m
un islam,ислам,Les cinq piliers de l'<b>islam</b>.,Пять столпов <b>ислама</b>.,☪️,m
un quarante,сороковка,Un <b>quarante</b>-cinq tours.,<b>Сорокопятка</b> (пластинка).,💿,m
"déprimé, déprimée",подавленный,Se sentir <b>déprimé</b>.,Чувствовать себя <b>подавленным</b>.,😔,adj
"primordial, primordiale",первостепенный,Une importance <b>primordiale</b>.,<b>Первостепенная</b> важность.,⭐,adj
un adjudant-chef,старший прапорщик,L'<b>adjudant-chef</b> commande.,<b>Старший прапорщик</b> командует.,🎖️,m
un mail,электронная почта,Envoyer un <b>mail</b>.,Отправить <b>письмо</b>.,📧,m
un potager,огород,Cultiver un <b>potager</b>.,Возделывать <b>огород</b>.,🥕,m
une démence,слабоумие,La <b>démence</b> sénile.,Старческое <b>слабоумие</b>.,🧠,f
une reddition,капитуляция,La <b>reddition</b> de l'ennemi.,<b>Капитуляция</b> врага.,🏳️,f
une sauterelle,саранча,Une invasion de <b>sauterelles</b>.,Нашествие <b>саранчи</b>.,🦗,f
remballer,убирать,<b>Remballer</b> ses affaires.,<b>Убрать</b> свои вещи.,📦,v
"ténu, ténue",тонкий,Un fil <b>ténu</b>.,<b>Тонкая</b> нить.,🧵,adj
regorger,изобиловать,<b>Regorger</b> de richesses.,<b>Изобиловать</b> богатствами.,💎,v
un turc,турок,Un <b>Turc</b> d'Istanbul.,<b>Турок</b> из Стамбула.,🇹🇷,m
une estimation,оценка,Une <b>estimation</b> des coûts.,<b>Оценка</b> расходов.,📊,f
une ligue,лига,La Ligue des champions.,Лига чемпионов.,🏆,f
une originalité,оригинальность,Une <b>originalité</b> de style.,<b>Оригинальность</b> стиля.,🎨,f
enclencher,запускать,<b>Enclencher</b> le mécanisme.,<b>Запустить</b> механизм.,⚙️,v
stupéfier,ошеломлять,<b>Stupéfier</b> tout le monde.,<b>Ошеломить</b> всех.,😲,v
"traité, traitée",обработанный,Du bois <b>traité</b>.,<b>Обработанная</b> древесина.,🪵,adj
un hamac,гамак,Se balancer dans un <b>hamac</b>.,Качаться в <b>гамаке</b>.,🏖️,m
un patriarche,патриарх,Le <b>patriarche</b> de la famille.,<b>Патриарх</b> семьи.,👴,m
un ananas,ананас,Un <b>ananas</b> frais.,Свежий <b>ананас</b>.,🍍,m
un détritus,мусор,Ramasser les <b>détritus</b>.,Собирать <b>мусор</b>.,🗑️,m
certaine,некая; определённая,Une <b>certaine</b> personne.,<b>Некая</b> особа.,❓,adj
tiens,на (возьми); послушай,"<b>Tiens</b>, prends mon stylo.","<b>На</b>, возьми мою ручку.",👋,adj
une brancardière,санитарка,La <b>brancardière</b> aide.,<b>Санитарка</b> помогает.,🏥,f
une carabinière,карабинер (ж.р.),La <b>carabinière</b> patrouille.,<b>Карабинер</b> патрулирует.,👮‍♀️,f
une toute-puissante,всемогущая,La déesse <b>toute-puissante</b>.,<b>Всемогущая</b> богиня.,👸,f
une sapeuse,сапёр (ж.р.),La <b>sapeuse</b> désamorce la bombe.,<b>Сапёр</b> обезвреживает бомбу.,💣,f
une gladiatrice,гладиаторша,Une <b>gladiatrice</b> romaine.,Римская <b>гладиаторша</b>.,⚔️,f
une familière,близкая; домашняя,Une expression <b>familière</b>.,<b>Разговорное</b> выражение.,🗣️,f
une camionneuse,водитель грузовика (ж.),Une <b>camionneuse</b> routière.,<b>Дальнобойщица</b>.,🚛,f
une kidnappeuse,похитительница,La <b>kidnappeuse</b> a été arrêtée.,<b>Похитительницу</b> задержали.,🚔,f
une éboueuse,мусорщица,L'<b>éboueuse</b> ramasse.,<b>Мусорщица</b> собирает.,🗑️,f
"hardi, hardie",смелый,Un geste <b>hardi</b>.,<b>Смелый</b> жест.,💪,adj
une tenante,действующая (чемпионка),La <b>tenante</b> du titre.,<b>Действующая</b> чемпионка.,🏆,f
une palestinienne,палестинка,Elle est <b>palestinienne</b>.,Она <b>палестинка</b>.,🇵🇸,f
une voltigeuse,акробатка,La <b>voltigeuse</b> au cirque.,<b>Акробатка</b> в цирке.,🎪,f
tienne,твоя,C'est la <b>tienne</b>.,Это <b>твоя</b>.,👆,adj
tripler,утраивать,<b>Tripler</b> le prix.,<b>Утроить</b> цену.,3️⃣,v
une assaillante,нападающая,L'<b>assaillante</b> a été maîtrisée.,<b>Нападавшую</b> обезвредили.,⚔️,f
aucuns,никакие,<b>Aucuns</b> frais.,<b>Никаких</b> расходов.,🚫,adj
maints,многие,<b>Maints</b> exemples.,<b>Многие</b> примеры.,📚,adj
une rectrice,ректор (ж.р.),La <b>rectrice</b> de l'université.,<b>Ректор</b> университета.,🎓,f
une forestière,лесничая,La <b>forestière</b> protège la forêt.,<b>Лесничая</b> охраняет лес.,🌲,f
une imprimeuse,печатница,L'<b>imprimeuse</b> travaille.,<b>Печатница</b> работает.,🖨️,f
une inquisitrice,инквизитор (ж.р.),L'<b>inquisitrice</b> interroge.,<b>Инквизитор</b> допрашивает.,⚖️,f
une commandeure,командор (ж.р.),La <b>commandeure</b> dirige.,<b>Командор</b> руководит.,🎖️,f
une constructrice,строительница,L'entreprise <b>constructrice</b>.,<b>Строительная</b> компания.,🏗️,f
une instructrice,инструктор (ж.р.),L'<b>instructrice</b> enseigne.,<b>Инструктор</b> обучает.,📚,f
une trappeuse,трапперша,La <b>trappeuse</b> chasse.,<b>Трапперша</b> охотится.,🏹,f
une martienne,марсианка,Une <b>martienne</b> verte.,Зелёная <b>марсианка</b>.,👽,f
une transporteuse,перевозчица,La bande <b>transporteuse</b>.,<b>Конвейерная</b> лента.,📦,f
une canadienne,канадка,Elle est <b>canadienne</b>.,Она <b>канадка</b>.,🇨🇦,f
une grenadière,гренадёрша,La <b>grenadière</b> lance.,<b>Гренадёрша</b> бросает.,💣,f
une prédatrice,хищница,Une <b>prédatrice</b> redoutable.,Грозная <b>хищница</b>.,🦁,f
une procuration,доверенность,Une <b>procuration</b> légale.,Юридическая <b>доверенность</b>.,📜,f
une ascendante,восходящая,La ligne <b>ascendante</b>.,<b>Восходящая</b> линия.,📈,f
une investisseuse,инвесторша,Une <b>investisseuse</b> avisée.,Опытная <b>инвесторша</b>.,💰,f
une rameuse,гребчиха,La <b>rameuse</b> pagaie.,<b>Гребчиха</b> гребёт.,🚣‍♀️,f
une filleule,крестница,C'est ma <b>filleule</b>.,Это моя <b>крестница</b>.,👶,f
un arrière-grand-père,прадед,C'est mon <b>arrière-grand-père</b>.,Это мой <b>прадед</b>.,👴,m
une chaumière,хижина,Une humble <b>chaumière</b>.,Скромная <b>хижина</b>.,🏠,f
une soupirante,воздыхательница,Une <b>soupirante</b> timide.,Робкая <b>воздыхательница</b>.,💕,f
une bru,невестка (жена сына),C'est ma <b>bru</b>.,Это моя <b>невестка</b>.,👩,f
une créancière,кредиторша,La <b>créancière</b> réclame.,<b>Кредиторша</b> требует.,💵,f
une terrassière,землекоп (ж.р.),La <b>terrassière</b> creuse.,<b>Землекоп</b> копает.,🏗️,f
une mécréante,неверующая,Une <b>mécréante</b> obstinée.,Упрямая <b>неверующая</b>.,🚫,f
une ailière,крайняя нападающая,L'<b>ailière</b> marque un but.,<b>Крайняя</b> забивает гол.,⚽,f
une videuse,вышибала (ж.р.),La <b>videuse</b> garde l'entrée.,<b>Вышибала</b> охраняет вход.,🚪,f
une sauveteuse,спасательница,La <b>sauveteuse</b> plonge.,<b>Спасательница</b> ныряет.,🏊‍♀️,f
vôtre,ваш,Le <b>vôtre</b> est meilleur.,<b>Ваш</b> лучше.,👆,adj
une cantonnière,дорожница,La <b>cantonnière</b> répare la route.,<b>Дорожница</b> чинит дорогу.,🛤️,f
une assureuse,страховщица,L'<b>assureuse</b> examine.,<b>Страховщица</b> проверяет.,📋,f
une franc-tireuse,вольный стрелок (ж.),Une <b>franc-tireuse</b> politique.,Политическая <b>независимая</b>.,🎯,f
une planteuse,сажальщица,La <b>planteuse</b> de café.,<b>Сажальщица</b> кофе.,🌱,f
une armatrice,судовладелица,L'<b>armatrice</b> possède la flotte.,<b>Судовладелица</b> владеет флотом.,🚢,f
mien,мой,C'est le <b>mien</b>.,Это <b>мой</b>.,👆,adj
râper,тереть,<b>Râper</b> du fromage.,<b>Тереть</b> сыр.,🧀,v
une superviseuse,контролёрша,La <b>superviseuse</b> vérifie.,<b>Контролёрша</b> проверяет.,👀,f
une morte-vivante,живая мертвячка,Une <b>morte-vivante</b> dans le film.,<b>Зомби</b> в фильме.,🧟‍♀️,f
une prédicatrice,проповедница,La <b>prédicatrice</b> prêche.,<b>Проповедница</b> проповедует.,⛪,f
sienne,её (притяжат.),C'est la <b>sienne</b>.,Это <b>её</b>.,👆,adj
une pharisienne,фарисейка,Une <b>pharisienne</b> hypocrite.,Лицемерная <b>фарисейка</b>.,🎭,f
un pépiement,чириканье,Le <b>pépiement</b> des oiseaux.,<b>Чириканье</b> птиц.,🐦,m
une impuissante,бессильная,Se sentir <b>impuissante</b>.,Чувствовать себя <b>бессильной</b>.,😔,f
exécrable,отвратительный,Un temps <b>exécrable</b>.,<b>Отвратительная</b> погода.,🌧️,adj
une armurière,оружейница,L'<b>armurière</b> fabrique.,<b>Оружейница</b> изготавливает.,⚔️,f
une émancipation,эмансипация,L'<b>émancipation</b> des femmes.,<b>Эмансипация</b> женщин.,✊,f
une théologienne,богослов (ж.),Une <b>théologienne</b> érudite.,Учёный <b>богослов</b>.,📚,f
une laboureuse,пахарка,La <b>laboureuse</b> travaille le champ.,<b>Пахарка</b> обрабатывает поле.,🚜,f
une oppresseuse,угнетательница,Une <b>oppresseuse</b> cruelle.,Жестокая <b>угнетательница</b>.,😠,f
une patrouilleuse,патрульная,La <b>patrouilleuse</b> surveille.,<b>Патрульная</b> наблюдает.,👮‍♀️,f
une sonneuse,звонарка,La <b>sonneuse</b> de cloches.,<b>Звонарка</b>.,🔔,f
une charbonnière,угольщица,La <b>charbonnière</b> travaille.,<b>Угольщица</b> работает.,⚫,f
une artificière,пиротехничка,L'<b>artificière</b> prépare.,<b>Пиротехничка</b> готовит.,🎆,f
une débitrice,должница,La <b>débitrice</b> rembourse.,<b>Должница</b> возвращает.,💸,f
une grossière,грубиянка,Quelle <b>grossière</b> !,Какая <b>грубиянка</b>!,😤,f
une vietnamienne,вьетнамка,Elle est <b>vietnamienne</b>.,Она <b>вьетнамка</b>.,🇻🇳,f
une batelière,лодочница,La <b>batelière</b> rame.,<b>Лодочница</b> гребёт.,🚣,f
une ferrailleuse,старьёвщица,La <b>ferrailleuse</b> recycle.,<b>Старьёвщица</b> перерабатывает.,♻️,f
une écoutante,слушательница,L'<b>écoutante</b> au téléphone.,<b>Слушательница</b> на телефоне.,📞,f
une assesseure,заседательница,L'<b>assesseure</b> juge.,<b>Заседательница</b> судит.,⚖️,f
une vénitienne,венецианка,Une <b>vénitienne</b> au carnaval.,<b>Венецианка</b> на карнавале.,🎭,f
maint,многий; не один,À <b>maintes</b> reprises.,<b>Много</b> раз.,🔄,adj
une maréchale-ferrante,кузнец (ж.р.),La <b>maréchale-ferrante</b> ferre le cheval.,<b>Кузнец</b> подковывает лошадь.,🐴,f
une timonière,рулевая,La <b>timonière</b> barre le navire.,<b>Рулевая</b> ведёт корабль.,⛵,f
un mélo,мелодрама,Un vrai <b>mélo</b>.,Настоящая <b>мелодрама</b>.,🎭,m
une normalienne,нормальенка,Une <b>normalienne</b> diplômée.,Выпускница <b>Нормаль</b>.,🎓,f
une norvégienne,норвежка,Elle est <b>norvégienne</b>.,Она <b>норвежка</b>.,🇳🇴,f
tien,твой,C'est le <b>tien</b>.,Это <b>твой</b>.,👆,adj
une recruteuse,вербовщица,La <b>recruteuse</b> cherche.,<b>Вербовщица</b> ищет.,🔍,f
une répondante,поручительница,La <b>répondante</b> garantit.,<b>Поручительница</b> гарантирует.,📝,f
une vachère,пастушка (коров),La <b>vachère</b> garde le troupeau.,<b>Пастушка</b> сторожит стадо.,🐄,f
un échafaud,эшафот,Monter sur l'<b>échafaud</b>.,Подняться на <b>эшафот</b>.,⚔️,m
une arrière-grand-mère,прабабушка,C'est mon <b>arrière-grand-mère</b>.,Это моя <b>прабабушка</b>.,👵,f
une nestorienne,несторианка,Une chrétienne <b>nestorienne</b>.,<b>Несторианка</b>.,⛪,f
une académicienne,академик (ж.),Une <b>académicienne</b> célèbre.,Знаменитый <b>академик</b>.,🎓,f
une exploiteuse,эксплуататорша,L'<b>exploiteuse</b> abuse.,<b>Эксплуататорша</b> злоупотребляет.,😠,f
nôtre,наш,C'est le <b>nôtre</b>.,Это <b>наш</b>.,👆,adj
une chaloupe,шлюпка,Une <b>chaloupe</b> de sauvetage.,Спасательная <b>шлюпка</b>.,🚤,f
complémentaire,дополнительный,Une information <b>complémentaire</b>.,<b>Дополнительная</b> информация.,➕,adj
une partante,уходящая,La <b>partante</b> fait ses adieux.,<b>Уходящая</b> прощается.,👋,f
une régleuse,регулировщица,La <b>régleuse</b> ajuste.,<b>Регулировщица</b> настраивает.,🔧,f
une poissonnière,торговка рыбой,La <b>poissonnière</b> vend.,<b>Рыбачка</b> продаёт.,🐟,f
une officiante,священнослужительница,L'<b>officiante</b> bénit.,<b>Священнослужительница</b> благословляет.,⛪,f
une tourneuse,токарь (ж.р.),La <b>tourneuse</b> sur métal.,<b>Токарь</b> по металлу.,🔩,f
une fusilière,стрелок (ж.р.),La <b>fusilière</b> marine.,Морская <b>пехотинка</b>.,🎖️,f
une méfiante,недоверчивая,Une personne <b>méfiante</b>.,<b>Недоверчивый</b> человек.,🤨,f
un hérisson,ёж,Un <b>hérisson</b> dans le jardin.,<b>Ёж</b> в саду.,🦔,m
une arpenteuse,землемерка,L'<b>arpenteuse</b> mesure.,<b>Землемерка</b> измеряет.,📏,f
une égoutière,канализационщица,L'<b>égoutière</b> nettoie.,<b>Канализационщица</b> чистит.,🚰,f
une métayère,издольщица,La <b>métayère</b> cultive.,<b>Издольщица</b> обрабатывает.,🌾,f
une accusatrice,обвинительница,L'<b>accusatrice</b> témoigne.,<b>Обвинительница</b> свидетельствует.,⚖️,f
une attrapeuse,ловильщица,L'<b>attrapeuse</b> de rêves.,<b>Ловец</b> снов.,🕸️,f
une législatrice,законодательница,Une <b>législatrice</b> influente.,Влиятельная <b>законодательница</b>.,🏛️,f
une plaisante,шутница,C'est une <b>plaisante</b>.,Она <b>шутница</b>.,😄,f
une stalinienne,сталинистка,Une <b>stalinienne</b> convaincue.,Убеждённая <b>сталинистка</b>.,☭,f
une pisteuse,следопытка,La <b>pisteuse</b> suit les traces.,<b>Следопытка</b> идёт по следу.,🔍,f
une voiturière,парковщица,La <b>voiturière</b> gare les voitures.,<b>Парковщица</b> паркует машины.,🚗,f
une flâneuse,праздношатающаяся,Une <b>flâneuse</b> parisienne.,Парижская <b>фланёрша</b>.,🚶‍♀️,f
une réformatrice,реформаторша,Une grande <b>réformatrice</b>.,Великая <b>реформаторша</b>.,📜,f
une lancière,улан (ж.р.),La <b>lancière</b> charge.,<b>Уланша</b> атакует.,🏇,f
aucunes,никакие (ж.р.),<b>Aucunes</b> nouvelles.,<b>Никаких</b> новостей.,🚫,adj
une graveuse,гравёрша,L'<b>graveuse</b> sculpte.,<b>Гравёрша</b> режет.,🎨,f
une prospectrice,разведчица,La <b>prospectrice</b> minière.,Горная <b>разведчица</b>.,⛏️,f
"navrant, navrante",печальный,Une histoire <b>navrante</b>.,<b>Печальная</b> история.,😢,adj
miennes,мои (ж.р.),Ce sont les <b>miennes</b>.,Это <b>мои</b>.,👆,adj
mainte,многая (ж.р.),À <b>mainte</b> reprise.,<b>Много</b> раз.,🔄,adj
sien,свой (его),C'est le <b>sien</b>.,Это <b>его</b>.,👆,adj
miens,мои (м.р.),Ce sont les <b>miens</b>.,Это <b>мои</b>.,👆,adj
nuls,никакие (м.р.),<b>Nuls</b> résultats.,<b>Никаких</b> результатов.,🚫,adj
un conjoint,супруг,Mon <b>conjoint</b> travaille.,Мой <b>супруг</b> работает.,💑,m
siens,свои (его),Ce sont les <b>siens</b>.,Это <b>его</b>.,👆,adj
une conjointe,супруга,Ma <b>conjointe</b> est professeure.,Моя <b>супруга</b> — учительница.,💑,f
un giron,лоно,Dans le <b>giron</b> familial.,В <b>лоне</b> семьи.,👨‍👩‍👧,m
nulles,никакие (ж.р.),<b>Nulles</b> chances.,<b>Никаких</b> шансов.,🚫,adj
une bévue,промах,Commettre une <b>bévue</b>.,Допустить <b>промах</b>.,🤦,f
un retardataire,опоздавший,Un <b>retardataire</b> excusé.,<b>Опоздавший</b> с уважительной причиной.,⏰,m
siennes,свои (её),Ce sont les <b>siennes</b>.,Это <b>её</b>.,👆,adj
un prêteur,кредитор,Un <b>prêteur</b> sur gages.,<b>Ростовщик</b>.,💰,m
tiennes,твои (ж.р.),Ce sont les <b>tiennes</b>.,Это <b>твои</b>.,👆,adj
vôtres,ваши,Ce sont les <b>vôtres</b>.,Это <b>ваши</b>.,👆,adj
nôtres,наши,Ce sont les <b>nôtres</b>.,Это <b>наши</b>.,👆,adj
bramer,трубить (олень),Le cerf <b>brame</b>.,Олень <b>трубит</b>.,🦌,v
un bêlement,блеяние,Le <b>bêlement</b> des moutons.,<b>Блеяние</b> овец.,🐑,m
